ProblemID,Replication,Seed,Mining,Family,Got,Expected,Pass
Ta20_5_1,1,210501210,Elite-only,NEH,1302,1302,True
Ta20_5_1,1,210501210,Elite-only,NEH-TBKK2,1301,1301,True
Ta20_5_1,1,210501210,Elite-only,KK2-style-NEH,1297,1297,True
Ta20_5_1,1,210501210,Elite-only,FRB4-p1,1286,1286,True
Ta20_5_1,1,210501210,Elite-only,INEH-inspired,1289,1289,True
Ta20_5_1,1,210501210,Contrast,NEH,1302,1302,True
Ta20_5_1,1,210501210,Contrast,NEH-TBKK2,1301,1301,True
Ta20_5_1,1,210501210,Contrast,KK2-style-NEH,1323,1323,True
Ta20_5_1,1,210501210,Contrast,FRB4-p1,1286,1286,True
Ta20_5_1,1,210501210,Contrast,INEH-inspired,1292,1292,True
Ta20_5_1,2,210502219,Elite-only,NEH,1302,1302,True
Ta20_5_1,2,210502219,Elite-only,NEH-TBKK2,1301,1301,True
Ta20_5_1,2,210502219,Elite-only,KK2-style-NEH,1297,1297,True
Ta20_5_1,2,210502219,Elite-only,FRB4-p1,1287,1287,True
Ta20_5_1,2,210502219,Elite-only,INEH-inspired,1289,1289,True
Ta20_5_1,2,210502219,Contrast,NEH,1302,1302,True
Ta20_5_1,2,210502219,Contrast,NEH-TBKK2,1301,1301,True
Ta20_5_1,2,210502219,Contrast,KK2-style-NEH,1323,1323,True
Ta20_5_1,2,210502219,Contrast,FRB4-p1,1287,1287,True
Ta20_5_1,2,210502219,Contrast,INEH-inspired,1292,1292,True
Ta20_5_1,3,210503228,Elite-only,NEH,1302,1302,True
Ta20_5_1,3,210503228,Elite-only,NEH-TBKK2,1301,1301,True
Ta20_5_1,3,210503228,Elite-only,KK2-style-NEH,1297,1297,True
Ta20_5_1,3,210503228,Elite-only,FRB4-p1,1286,1286,True
Ta20_5_1,3,210503228,Elite-only,INEH-inspired,1289,1289,True
Ta20_5_1,3,210503228,Contrast,NEH,1302,1302,True
Ta20_5_1,3,210503228,Contrast,NEH-TBKK2,1301,1301,True
Ta20_5_1,3,210503228,Contrast,KK2-style-NEH,1323,1323,True
Ta20_5_1,3,210503228,Contrast,FRB4-p1,1287,1287,True
Ta20_5_1,3,210503228,Contrast,INEH-inspired,1292,1292,True
Ta20_5_1,4,210504237,Elite-only,NEH,1302,1302,True
Ta20_5_1,4,210504237,Elite-only,NEH-TBKK2,1301,1301,True
Ta20_5_1,4,210504237,Elite-only,KK2-style-NEH,1323,1323,True
Ta20_5_1,4,210504237,Elite-only,FRB4-p1,1286,1286,True
Ta20_5_1,4,210504237,Elite-only,INEH-inspired,1282,1282,True
Ta20_5_1,4,210504237,Contrast,NEH,1302,1302,True
Ta20_5_1,4,210504237,Contrast,NEH-TBKK2,1301,1301,True
Ta20_5_1,4,210504237,Contrast,KK2-style-NEH,1323,1323,True
Ta20_5_1,4,210504237,Contrast,FRB4-p1,1287,1287,True
Ta20_5_1,4,210504237,Contrast,INEH-inspired,1292,1292,True
Ta20_5_1,5,210505246,Elite-only,NEH,1302,1302,True
Ta20_5_1,5,210505246,Elite-only,NEH-TBKK2,1301,1301,True
Ta20_5_1,5,210505246,Elite-only,KK2-style-NEH,1297,1297,True
Ta20_5_1,5,210505246,Elite-only,FRB4-p1,1287,1287,True
Ta20_5_1,5,210505246,Elite-only,INEH-inspired,1289,1289,True
Ta20_5_1,5,210505246,Contrast,NEH,1302,1302,True
Ta20_5_1,5,210505246,Contrast,NEH-TBKK2,1301,1301,True
Ta20_5_1,5,210505246,Contrast,KK2-style-NEH,1323,1323,True
Ta20_5_1,5,210505246,Contrast,FRB4-p1,1287,1287,True
Ta20_5_1,5,210505246,Contrast,INEH-inspired,1292,1292,True
Ta20_5_2,1,210601210,Elite-only,NEH,1365,1365,True
Ta20_5_2,1,210601210,Elite-only,NEH-TBKK2,1365,1365,True
Ta20_5_2,1,210601210,Elite-only,KK2-style-NEH,1365,1365,True
Ta20_5_2,1,210601210,Elite-only,FRB4-p1,1365,1365,True
Ta20_5_2,1,210601210,Elite-only,INEH-inspired,1383,1383,True
Ta20_5_2,1,210601210,Contrast,NEH,1365,1365,True
Ta20_5_2,1,210601210,Contrast,NEH-TBKK2,1365,1365,True
Ta20_5_2,1,210601210,Contrast,KK2-style-NEH,1365,1365,True
Ta20_5_2,1,210601210,Contrast,FRB4-p1,1365,1365,True
Ta20_5_2,1,210601210,Contrast,INEH-inspired,1365,1365,True
Ta20_5_2,2,210602219,Elite-only,NEH,1365,1365,True
Ta20_5_2,2,210602219,Elite-only,NEH-TBKK2,1365,1365,True
Ta20_5_2,2,210602219,Elite-only,KK2-style-NEH,1365,1365,True
Ta20_5_2,2,210602219,Elite-only,FRB4-p1,1365,1365,True
Ta20_5_2,2,210602219,Elite-only,INEH-inspired,1365,1365,True
Ta20_5_2,2,210602219,Contrast,NEH,1365,1365,True
Ta20_5_2,2,210602219,Contrast,NEH-TBKK2,1365,1365,True
Ta20_5_2,2,210602219,Contrast,KK2-style-NEH,1365,1365,True
Ta20_5_2,2,210602219,Contrast,FRB4-p1,1365,1365,True
Ta20_5_2,2,210602219,Contrast,INEH-inspired,1365,1365,True
Ta20_5_2,3,210603228,Elite-only,NEH,1365,1365,True
Ta20_5_2,3,210603228,Elite-only,NEH-TBKK2,1365,1365,True
Ta20_5_2,3,210603228,Elite-only,KK2-style-NEH,1365,1365,True
Ta20_5_2,3,210603228,Elite-only,FRB4-p1,1365,1365,True
Ta20_5_2,3,210603228,Elite-only,INEH-inspired,1365,1365,True
Ta20_5_2,3,210603228,Contrast,NEH,1365,1365,True
Ta20_5_2,3,210603228,Contrast,NEH-TBKK2,1365,1365,True
Ta20_5_2,3,210603228,Contrast,KK2-style-NEH,1365,1365,True
Ta20_5_2,3,210603228,Contrast,FRB4-p1,1365,1365,True
Ta20_5_2,3,210603228,Contrast,INEH-inspired,1365,1365,True
Ta20_5_2,4,210604237,Elite-only,NEH,1365,1365,True
Ta20_5_2,4,210604237,Elite-only,NEH-TBKK2,1365,1365,True
Ta20_5_2,4,210604237,Elite-only,KK2-style-NEH,1365,1365,True
Ta20_5_2,4,210604237,Elite-only,FRB4-p1,1365,1365,True
Ta20_5_2,4,210604237,Elite-only,INEH-inspired,1365,1365,True
Ta20_5_2,4,210604237,Contrast,NEH,1365,1365,True
Ta20_5_2,4,210604237,Contrast,NEH-TBKK2,1365,1365,True
Ta20_5_2,4,210604237,Contrast,KK2-style-NEH,1365,1365,True
Ta20_5_2,4,210604237,Contrast,FRB4-p1,1365,1365,True
Ta20_5_2,4,210604237,Contrast,INEH-inspired,1365,1365,True
Ta20_5_2,5,210605246,Elite-only,NEH,1365,1365,True
Ta20_5_2,5,210605246,Elite-only,NEH-TBKK2,1365,1365,True
Ta20_5_2,5,210605246,Elite-only,KK2-style-NEH,1365,1365,True
Ta20_5_2,5,210605246,Elite-only,FRB4-p1,1365,1365,True
Ta20_5_2,5,210605246,Elite-only,INEH-inspired,1383,1383,True
Ta20_5_2,5,210605246,Contrast,NEH,1365,1365,True
Ta20_5_2,5,210605246,Contrast,NEH-TBKK2,1365,1365,True
Ta20_5_2,5,210605246,Contrast,KK2-style-NEH,1365,1365,True
Ta20_5_2,5,210605246,Contrast,FRB4-p1,1365,1365,True
Ta20_5_2,5,210605246,Contrast,INEH-inspired,1365,1365,True
Ta20_5_3,1,210701210,Elite-only,NEH,1142,1142,True
Ta20_5_3,1,210701210,Elite-only,NEH-TBKK2,1159,1159,True
Ta20_5_3,1,210701210,Elite-only,KK2-style-NEH,1121,1121,True
Ta20_5_3,1,210701210,Elite-only,FRB4-p1,1132,1132,True
Ta20_5_3,1,210701210,Elite-only,INEH-inspired,1097,1097,True
Ta20_5_3,1,210701210,Contrast,NEH,1132,1132,True
Ta20_5_3,1,210701210,Contrast,NEH-TBKK2,1132,1132,True
Ta20_5_3,1,210701210,Contrast,KK2-style-NEH,1121,1121,True
Ta20_5_3,1,210701210,Contrast,FRB4-p1,1132,1132,True
Ta20_5_3,1,210701210,Contrast,INEH-inspired,1113,1113,True
Ta20_5_3,2,210702219,Elite-only,NEH,1132,1132,True
Ta20_5_3,2,210702219,Elite-only,NEH-TBKK2,1154,1154,True
Ta20_5_3,2,210702219,Elite-only,KK2-style-NEH,1121,1121,True
Ta20_5_3,2,210702219,Elite-only,FRB4-p1,1132,1132,True
Ta20_5_3,2,210702219,Elite-only,INEH-inspired,1116,1116,True
Ta20_5_3,2,210702219,Contrast,NEH,1132,1132,True
Ta20_5_3,2,210702219,Contrast,NEH-TBKK2,1132,1132,True
Ta20_5_3,2,210702219,Contrast,KK2-style-NEH,1121,1121,True
Ta20_5_3,2,210702219,Contrast,FRB4-p1,1132,1132,True
Ta20_5_3,2,210702219,Contrast,INEH-inspired,1113,1113,True
Ta20_5_3,3,210703228,Elite-only,NEH,1140,1140,True
Ta20_5_3,3,210703228,Elite-only,NEH-TBKK2,1154,1154,True
Ta20_5_3,3,210703228,Elite-only,KK2-style-NEH,1121,1121,True
Ta20_5_3,3,210703228,Elite-only,FRB4-p1,1132,1132,True
Ta20_5_3,3,210703228,Elite-only,INEH-inspired,1116,1116,True
Ta20_5_3,3,210703228,Contrast,NEH,1132,1132,True
Ta20_5_3,3,210703228,Contrast,NEH-TBKK2,1132,1132,True
Ta20_5_3,3,210703228,Contrast,KK2-style-NEH,1100,1100,True
Ta20_5_3,3,210703228,Contrast,FRB4-p1,1140,1140,True
Ta20_5_3,3,210703228,Contrast,INEH-inspired,1113,1113,True
Ta20_5_3,4,210704237,Elite-only,NEH,1142,1142,True
Ta20_5_3,4,210704237,Elite-only,NEH-TBKK2,1159,1159,True
Ta20_5_3,4,210704237,Elite-only,KK2-style-NEH,1121,1121,True
Ta20_5_3,4,210704237,Elite-only,FRB4-p1,1132,1132,True
Ta20_5_3,4,210704237,Elite-only,INEH-inspired,1110,1110,True
Ta20_5_3,4,210704237,Contrast,NEH,1140,1140,True
Ta20_5_3,4,210704237,Contrast,NEH-TBKK2,1154,1154,True
Ta20_5_3,4,210704237,Contrast,KK2-style-NEH,1100,1100,True
Ta20_5_3,4,210704237,Contrast,FRB4-p1,1140,1140,True
Ta20_5_3,4,210704237,Contrast,INEH-inspired,1113,1113,True
Ta20_5_3,5,210705246,Elite-only,NEH,1140,1140,True
Ta20_5_3,5,210705246,Elite-only,NEH-TBKK2,1154,1154,True
Ta20_5_3,5,210705246,Elite-only,KK2-style-NEH,1121,1121,True
Ta20_5_3,5,210705246,Elite-only,FRB4-p1,1132,1132,True
Ta20_5_3,5,210705246,Elite-only,INEH-inspired,1097,1097,True
Ta20_5_3,5,210705246,Contrast,NEH,1132,1132,True
Ta20_5_3,5,210705246,Contrast,NEH-TBKK2,1132,1132,True
Ta20_5_3,5,210705246,Contrast,KK2-style-NEH,1121,1121,True
Ta20_5_3,5,210705246,Contrast,FRB4-p1,1132,1132,True
Ta20_5_3,5,210705246,Contrast,INEH-inspired,1113,1113,True
Ta20_5_4,1,210801210,Elite-only,NEH,1325,1325,True
Ta20_5_4,1,210801210,Elite-only,NEH-TBKK2,1325,1325,True
Ta20_5_4,1,210801210,Elite-only,KK2-style-NEH,1346,1346,True
Ta20_5_4,1,210801210,Elite-only,FRB4-p1,1309,1309,True
Ta20_5_4,1,210801210,Elite-only,INEH-inspired,1304,1304,True
Ta20_5_4,1,210801210,Contrast,NEH,1325,1325,True
Ta20_5_4,1,210801210,Contrast,NEH-TBKK2,1325,1325,True
Ta20_5_4,1,210801210,Contrast,KK2-style-NEH,1346,1346,True
Ta20_5_4,1,210801210,Contrast,FRB4-p1,1309,1309,True
Ta20_5_4,1,210801210,Contrast,INEH-inspired,1304,1304,True
Ta20_5_4,2,210802219,Elite-only,NEH,1325,1325,True
Ta20_5_4,2,210802219,Elite-only,NEH-TBKK2,1325,1325,True
Ta20_5_4,2,210802219,Elite-only,KK2-style-NEH,1346,1346,True
Ta20_5_4,2,210802219,Elite-only,FRB4-p1,1309,1309,True
Ta20_5_4,2,210802219,Elite-only,INEH-inspired,1304,1304,True
Ta20_5_4,2,210802219,Contrast,NEH,1325,1325,True
Ta20_5_4,2,210802219,Contrast,NEH-TBKK2,1325,1325,True
Ta20_5_4,2,210802219,Contrast,KK2-style-NEH,1346,1346,True
Ta20_5_4,2,210802219,Contrast,FRB4-p1,1309,1309,True
Ta20_5_4,2,210802219,Contrast,INEH-inspired,1304,1304,True
Ta20_5_4,3,210803228,Elite-only,NEH,1325,1325,True
Ta20_5_4,3,210803228,Elite-only,NEH-TBKK2,1325,1325,True
Ta20_5_4,3,210803228,Elite-only,KK2-style-NEH,1346,1346,True
Ta20_5_4,3,210803228,Elite-only,FRB4-p1,1309,1309,True
Ta20_5_4,3,210803228,Elite-only,INEH-inspired,1304,1304,True
Ta20_5_4,3,210803228,Contrast,NEH,1325,1325,True
Ta20_5_4,3,210803228,Contrast,NEH-TBKK2,1325,1325,True
Ta20_5_4,3,210803228,Contrast,KK2-style-NEH,1346,1346,True
Ta20_5_4,3,210803228,Contrast,FRB4-p1,1309,1309,True
Ta20_5_4,3,210803228,Contrast,INEH-inspired,1304,1304,True
Ta20_5_4,4,210804237,Elite-only,NEH,1325,1325,True
Ta20_5_4,4,210804237,Elite-only,NEH-TBKK2,1325,1325,True
Ta20_5_4,4,210804237,Elite-only,KK2-style-NEH,1346,1346,True
Ta20_5_4,4,210804237,Elite-only,FRB4-p1,1309,1309,True
Ta20_5_4,4,210804237,Elite-only,INEH-inspired,1304,1304,True
Ta20_5_4,4,210804237,Contrast,NEH,1325,1325,True
Ta20_5_4,4,210804237,Contrast,NEH-TBKK2,1325,1325,True
Ta20_5_4,4,210804237,Contrast,KK2-style-NEH,1346,1346,True
Ta20_5_4,4,210804237,Contrast,FRB4-p1,1309,1309,True
Ta20_5_4,4,210804237,Contrast,INEH-inspired,1304,1304,True
Ta20_5_4,5,210805246,Elite-only,NEH,1325,1325,True
Ta20_5_4,5,210805246,Elite-only,NEH-TBKK2,1325,1325,True
Ta20_5_4,5,210805246,Elite-only,KK2-style-NEH,1346,1346,True
Ta20_5_4,5,210805246,Elite-only,FRB4-p1,1309,1309,True
Ta20_5_4,5,210805246,Elite-only,INEH-inspired,1304,1304,True
Ta20_5_4,5,210805246,Contrast,NEH,1325,1325,True
Ta20_5_4,5,210805246,Contrast,NEH-TBKK2,1325,1325,True
Ta20_5_4,5,210805246,Contrast,KK2-style-NEH,1346,1346,True
Ta20_5_4,5,210805246,Contrast,FRB4-p1,1309,1309,True
Ta20_5_4,5,210805246,Contrast,INEH-inspired,1304,1304,True
Ta20_5_5,1,210901210,Elite-only,NEH,1305,1305,True
Ta20_5_5,1,210901210,Elite-only,NEH-TBKK2,1305,1305,True
Ta20_5_5,1,210901210,Elite-only,KK2-style-NEH,1305,1305,True
Ta20_5_5,1,210901210,Elite-only,FRB4-p1,1244,1244,True
Ta20_5_5,1,210901210,Elite-only,INEH-inspired,1258,1258,True
Ta20_5_5,1,210901210,Contrast,NEH,1305,1305,True
Ta20_5_5,1,210901210,Contrast,NEH-TBKK2,1305,1305,True
Ta20_5_5,1,210901210,Contrast,KK2-style-NEH,1305,1305,True
Ta20_5_5,1,210901210,Contrast,FRB4-p1,1244,1244,True
Ta20_5_5,1,210901210,Contrast,INEH-inspired,1258,1258,True
Ta20_5_5,2,210902219,Elite-only,NEH,1305,1305,True
Ta20_5_5,2,210902219,Elite-only,NEH-TBKK2,1305,1305,True
Ta20_5_5,2,210902219,Elite-only,KK2-style-NEH,1305,1305,True
Ta20_5_5,2,210902219,Elite-only,FRB4-p1,1244,1244,True
Ta20_5_5,2,210902219,Elite-only,INEH-inspired,1258,1258,True
Ta20_5_5,2,210902219,Contrast,NEH,1305,1305,True
Ta20_5_5,2,210902219,Contrast,NEH-TBKK2,1305,1305,True
Ta20_5_5,2,210902219,Contrast,KK2-style-NEH,1305,1305,True
Ta20_5_5,2,210902219,Contrast,FRB4-p1,1244,1244,True
Ta20_5_5,2,210902219,Contrast,INEH-inspired,1258,1258,True
Ta20_5_5,3,210903228,Elite-only,NEH,1305,1305,True
Ta20_5_5,3,210903228,Elite-only,NEH-TBKK2,1305,1305,True
Ta20_5_5,3,210903228,Elite-only,KK2-style-NEH,1305,1305,True
Ta20_5_5,3,210903228,Elite-only,FRB4-p1,1244,1244,True
Ta20_5_5,3,210903228,Elite-only,INEH-inspired,1258,1258,True
Ta20_5_5,3,210903228,Contrast,NEH,1305,1305,True
Ta20_5_5,3,210903228,Contrast,NEH-TBKK2,1305,1305,True
Ta20_5_5,3,210903228,Contrast,KK2-style-NEH,1305,1305,True
Ta20_5_5,3,210903228,Contrast,FRB4-p1,1244,1244,True
Ta20_5_5,3,210903228,Contrast,INEH-inspired,1305,1305,True
Ta20_5_5,4,210904237,Elite-only,NEH,1305,1305,True
Ta20_5_5,4,210904237,Elite-only,NEH-TBKK2,1305,1305,True
Ta20_5_5,4,210904237,Elite-only,KK2-style-NEH,1305,1305,True
Ta20_5_5,4,210904237,Elite-only,FRB4-p1,1244,1244,True
Ta20_5_5,4,210904237,Elite-only,INEH-inspired,1285,1285,True
Ta20_5_5,4,210904237,Contrast,NEH,1305,1305,True
Ta20_5_5,4,210904237,Contrast,NEH-TBKK2,1305,1305,True
Ta20_5_5,4,210904237,Contrast,KK2-style-NEH,1305,1305,True
Ta20_5_5,4,210904237,Contrast,FRB4-p1,1244,1244,True
Ta20_5_5,4,210904237,Contrast,INEH-inspired,1258,1258,True
Ta20_5_5,5,210905246,Elite-only,NEH,1305,1305,True
Ta20_5_5,5,210905246,Elite-only,NEH-TBKK2,1305,1305,True
Ta20_5_5,5,210905246,Elite-only,KK2-style-NEH,1305,1305,True
Ta20_5_5,5,210905246,Elite-only,FRB4-p1,1244,1244,True
Ta20_5_5,5,210905246,Elite-only,INEH-inspired,1258,1258,True
Ta20_5_5,5,210905246,Contrast,NEH,1305,1305,True
Ta20_5_5,5,210905246,Contrast,NEH-TBKK2,1305,1305,True
Ta20_5_5,5,210905246,Contrast,KK2-style-NEH,1305,1305,True
Ta20_5_5,5,210905246,Contrast,FRB4-p1,1244,1244,True
Ta20_5_5,5,210905246,Contrast,INEH-inspired,1258,1258,True
Ta20_5_6,1,211001210,Elite-only,NEH,1210,1210,True
Ta20_5_6,1,211001210,Elite-only,NEH-TBKK2,1210,1210,True
Ta20_5_6,1,211001210,Elite-only,KK2-style-NEH,1246,1246,True
Ta20_5_6,1,211001210,Elite-only,FRB4-p1,1210,1210,True
Ta20_5_6,1,211001210,Elite-only,INEH-inspired,1195,1195,True
Ta20_5_6,1,211001210,Contrast,NEH,1210,1210,True
Ta20_5_6,1,211001210,Contrast,NEH-TBKK2,1210,1210,True
Ta20_5_6,1,211001210,Contrast,KK2-style-NEH,1265,1265,True
Ta20_5_6,1,211001210,Contrast,FRB4-p1,1210,1210,True
Ta20_5_6,1,211001210,Contrast,INEH-inspired,1210,1210,True
Ta20_5_6,2,211002219,Elite-only,NEH,1210,1210,True
Ta20_5_6,2,211002219,Elite-only,NEH-TBKK2,1224,1224,True
Ta20_5_6,2,211002219,Elite-only,KK2-style-NEH,1287,1287,True
Ta20_5_6,2,211002219,Elite-only,FRB4-p1,1210,1210,True
Ta20_5_6,2,211002219,Elite-only,INEH-inspired,1210,1210,True
Ta20_5_6,2,211002219,Contrast,NEH,1210,1210,True
Ta20_5_6,2,211002219,Contrast,NEH-TBKK2,1224,1224,True
Ta20_5_6,2,211002219,Contrast,KK2-style-NEH,1297,1297,True
Ta20_5_6,2,211002219,Contrast,FRB4-p1,1210,1210,True
Ta20_5_6,2,211002219,Contrast,INEH-inspired,1210,1210,True
Ta20_5_6,3,211003228,Elite-only,NEH,1210,1210,True
Ta20_5_6,3,211003228,Elite-only,NEH-TBKK2,1210,1210,True
Ta20_5_6,3,211003228,Elite-only,KK2-style-NEH,1287,1287,True
Ta20_5_6,3,211003228,Elite-only,FRB4-p1,1210,1210,True
Ta20_5_6,3,211003228,Elite-only,INEH-inspired,1210,1210,True
Ta20_5_6,3,211003228,Contrast,NEH,1210,1210,True
Ta20_5_6,3,211003228,Contrast,NEH-TBKK2,1224,1224,True
Ta20_5_6,3,211003228,Contrast,KK2-style-NEH,1297,1297,True
Ta20_5_6,3,211003228,Contrast,FRB4-p1,1210,1210,True
Ta20_5_6,3,211003228,Contrast,INEH-inspired,1210,1210,True
Ta20_5_6,4,211004237,Elite-only,NEH,1210,1210,True
Ta20_5_6,4,211004237,Elite-only,NEH-TBKK2,1210,1210,True
Ta20_5_6,4,211004237,Elite-only,KK2-style-NEH,1246,1246,True
Ta20_5_6,4,211004237,Elite-only,FRB4-p1,1210,1210,True
Ta20_5_6,4,211004237,Elite-only,INEH-inspired,1210,1210,True
Ta20_5_6,4,211004237,Contrast,NEH,1210,1210,True
Ta20_5_6,4,211004237,Contrast,NEH-TBKK2,1210,1210,True
Ta20_5_6,4,211004237,Contrast,KK2-style-NEH,1297,1297,True
Ta20_5_6,4,211004237,Contrast,FRB4-p1,1210,1210,True
Ta20_5_6,4,211004237,Contrast,INEH-inspired,1210,1210,True
Ta20_5_6,5,211005246,Elite-only,NEH,1239,1239,True
Ta20_5_6,5,211005246,Elite-only,NEH-TBKK2,1239,1239,True
Ta20_5_6,5,211005246,Elite-only,KK2-style-NEH,1246,1246,True
Ta20_5_6,5,211005246,Elite-only,FRB4-p1,1210,1210,True
Ta20_5_6,5,211005246,Elite-only,INEH-inspired,1210,1210,True
Ta20_5_6,5,211005246,Contrast,NEH,1210,1210,True
Ta20_5_6,5,211005246,Contrast,NEH-TBKK2,1224,1224,True
Ta20_5_6,5,211005246,Contrast,KK2-style-NEH,1297,1297,True
Ta20_5_6,5,211005246,Contrast,FRB4-p1,1210,1210,True
Ta20_5_6,5,211005246,Contrast,INEH-inspired,1210,1210,True
Ta20_5_7,1,211101210,Elite-only,NEH,1251,1251,True
Ta20_5_7,1,211101210,Elite-only,NEH-TBKK2,1251,1251,True
Ta20_5_7,1,211101210,Elite-only,KK2-style-NEH,1263,1263,True
Ta20_5_7,1,211101210,Elite-only,FRB4-p1,1251,1251,True
Ta20_5_7,1,211101210,Elite-only,INEH-inspired,1259,1259,True
Ta20_5_7,1,211101210,Contrast,NEH,1251,1251,True
Ta20_5_7,1,211101210,Contrast,NEH-TBKK2,1251,1251,True
Ta20_5_7,1,211101210,Contrast,KK2-style-NEH,1268,1268,True
Ta20_5_7,1,211101210,Contrast,FRB4-p1,1251,1251,True
Ta20_5_7,1,211101210,Contrast,INEH-inspired,1259,1259,True
Ta20_5_7,2,211102219,Elite-only,NEH,1251,1251,True
Ta20_5_7,2,211102219,Elite-only,NEH-TBKK2,1251,1251,True
Ta20_5_7,2,211102219,Elite-only,KK2-style-NEH,1259,1259,True
Ta20_5_7,2,211102219,Elite-only,FRB4-p1,1251,1251,True
Ta20_5_7,2,211102219,Elite-only,INEH-inspired,1251,1251,True
Ta20_5_7,2,211102219,Contrast,NEH,1251,1251,True
Ta20_5_7,2,211102219,Contrast,NEH-TBKK2,1251,1251,True
Ta20_5_7,2,211102219,Contrast,KK2-style-NEH,1259,1259,True
Ta20_5_7,2,211102219,Contrast,FRB4-p1,1251,1251,True
Ta20_5_7,2,211102219,Contrast,INEH-inspired,1259,1259,True
Ta20_5_7,3,211103228,Elite-only,NEH,1251,1251,True
Ta20_5_7,3,211103228,Elite-only,NEH-TBKK2,1251,1251,True
Ta20_5_7,3,211103228,Elite-only,KK2-style-NEH,1260,1260,True
Ta20_5_7,3,211103228,Elite-only,FRB4-p1,1251,1251,True
Ta20_5_7,3,211103228,Elite-only,INEH-inspired,1259,1259,True
Ta20_5_7,3,211103228,Contrast,NEH,1251,1251,True
Ta20_5_7,3,211103228,Contrast,NEH-TBKK2,1251,1251,True
Ta20_5_7,3,211103228,Contrast,KK2-style-NEH,1259,1259,True
Ta20_5_7,3,211103228,Contrast,FRB4-p1,1251,1251,True
Ta20_5_7,3,211103228,Contrast,INEH-inspired,1251,1251,True
Ta20_5_7,4,211104237,Elite-only,NEH,1251,1251,True
Ta20_5_7,4,211104237,Elite-only,NEH-TBKK2,1251,1251,True
Ta20_5_7,4,211104237,Elite-only,KK2-style-NEH,1260,1260,True
Ta20_5_7,4,211104237,Elite-only,FRB4-p1,1251,1251,True
Ta20_5_7,4,211104237,Elite-only,INEH-inspired,1259,1259,True
Ta20_5_7,4,211104237,Contrast,NEH,1251,1251,True
Ta20_5_7,4,211104237,Contrast,NEH-TBKK2,1251,1251,True
Ta20_5_7,4,211104237,Contrast,KK2-style-NEH,1276,1276,True
Ta20_5_7,4,211104237,Contrast,FRB4-p1,1251,1251,True
Ta20_5_7,4,211104237,Contrast,INEH-inspired,1268,1268,True
Ta20_5_7,5,211105246,Elite-only,NEH,1251,1251,True
Ta20_5_7,5,211105246,Elite-only,NEH-TBKK2,1251,1251,True
Ta20_5_7,5,211105246,Elite-only,KK2-style-NEH,1268,1268,True
Ta20_5_7,5,211105246,Elite-only,FRB4-p1,1251,1251,True
Ta20_5_7,5,211105246,Elite-only,INEH-inspired,1257,1257,True
Ta20_5_7,5,211105246,Contrast,NEH,1251,1251,True
Ta20_5_7,5,211105246,Contrast,NEH-TBKK2,1251,1251,True
Ta20_5_7,5,211105246,Contrast,KK2-style-NEH,1259,1259,True
Ta20_5_7,5,211105246,Contrast,FRB4-p1,1251,1251,True
Ta20_5_7,5,211105246,Contrast,INEH-inspired,1251,1251,True
Ta20_5_8,1,211201210,Elite-only,NEH,1223,1223,True
Ta20_5_8,1,211201210,Elite-only,NEH-TBKK2,1215,1215,True
Ta20_5_8,1,211201210,Elite-only,KK2-style-NEH,1237,1237,True
Ta20_5_8,1,211201210,Elite-only,FRB4-p1,1217,1217,True
Ta20_5_8,1,211201210,Elite-only,INEH-inspired,1229,1229,True
Ta20_5_8,1,211201210,Contrast,NEH,1223,1223,True
Ta20_5_8,1,211201210,Contrast,NEH-TBKK2,1215,1215,True
Ta20_5_8,1,211201210,Contrast,KK2-style-NEH,1244,1244,True
Ta20_5_8,1,211201210,Contrast,FRB4-p1,1217,1217,True
Ta20_5_8,1,211201210,Contrast,INEH-inspired,1217,1217,True
Ta20_5_8,2,211202219,Elite-only,NEH,1223,1223,True
Ta20_5_8,2,211202219,Elite-only,NEH-TBKK2,1215,1215,True
Ta20_5_8,2,211202219,Elite-only,KK2-style-NEH,1237,1237,True
Ta20_5_8,2,211202219,Elite-only,FRB4-p1,1217,1217,True
Ta20_5_8,2,211202219,Elite-only,INEH-inspired,1235,1235,True
Ta20_5_8,2,211202219,Contrast,NEH,1223,1223,True
Ta20_5_8,2,211202219,Contrast,NEH-TBKK2,1215,1215,True
Ta20_5_8,2,211202219,Contrast,KK2-style-NEH,1237,1237,True
Ta20_5_8,2,211202219,Contrast,FRB4-p1,1217,1217,True
Ta20_5_8,2,211202219,Contrast,INEH-inspired,1217,1217,True
Ta20_5_8,3,211203228,Elite-only,NEH,1223,1223,True
Ta20_5_8,3,211203228,Elite-only,NEH-TBKK2,1215,1215,True
Ta20_5_8,3,211203228,Elite-only,KK2-style-NEH,1237,1237,True
Ta20_5_8,3,211203228,Elite-only,FRB4-p1,1217,1217,True
Ta20_5_8,3,211203228,Elite-only,INEH-inspired,1229,1229,True
Ta20_5_8,3,211203228,Contrast,NEH,1223,1223,True
Ta20_5_8,3,211203228,Contrast,NEH-TBKK2,1215,1215,True
Ta20_5_8,3,211203228,Contrast,KK2-style-NEH,1237,1237,True
Ta20_5_8,3,211203228,Contrast,FRB4-p1,1217,1217,True
Ta20_5_8,3,211203228,Contrast,INEH-inspired,1217,1217,True
Ta20_5_8,4,211204237,Elite-only,NEH,1223,1223,True
Ta20_5_8,4,211204237,Elite-only,NEH-TBKK2,1215,1215,True
Ta20_5_8,4,211204237,Elite-only,KK2-style-NEH,1237,1237,True
Ta20_5_8,4,211204237,Elite-only,FRB4-p1,1217,1217,True
Ta20_5_8,4,211204237,Elite-only,INEH-inspired,1234,1234,True
Ta20_5_8,4,211204237,Contrast,NEH,1223,1223,True
Ta20_5_8,4,211204237,Contrast,NEH-TBKK2,1215,1215,True
Ta20_5_8,4,211204237,Contrast,KK2-style-NEH,1237,1237,True
Ta20_5_8,4,211204237,Contrast,FRB4-p1,1217,1217,True
Ta20_5_8,4,211204237,Contrast,INEH-inspired,1217,1217,True
Ta20_5_8,5,211205246,Elite-only,NEH,1223,1223,True
Ta20_5_8,5,211205246,Elite-only,NEH-TBKK2,1215,1215,True
Ta20_5_8,5,211205246,Elite-only,KK2-style-NEH,1237,1237,True
Ta20_5_8,5,211205246,Elite-only,FRB4-p1,1217,1217,True
Ta20_5_8,5,211205246,Elite-only,INEH-inspired,1235,1235,True
Ta20_5_8,5,211205246,Contrast,NEH,1223,1223,True
Ta20_5_8,5,211205246,Contrast,NEH-TBKK2,1215,1215,True
Ta20_5_8,5,211205246,Contrast,KK2-style-NEH,1237,1237,True
Ta20_5_8,5,211205246,Contrast,FRB4-p1,1217,1217,True
Ta20_5_8,5,211205246,Contrast,INEH-inspired,1217,1217,True
Ta20_5_9,1,211301210,Elite-only,NEH,1280,1280,True
Ta20_5_9,1,211301210,Elite-only,NEH-TBKK2,1288,1288,True
Ta20_5_9,1,211301210,Elite-only,KK2-style-NEH,1284,1284,True
Ta20_5_9,1,211301210,Elite-only,FRB4-p1,1253,1253,True
Ta20_5_9,1,211301210,Elite-only,INEH-inspired,1255,1255,True
Ta20_5_9,1,211301210,Contrast,NEH,1280,1280,True
Ta20_5_9,1,211301210,Contrast,NEH-TBKK2,1288,1288,True
Ta20_5_9,1,211301210,Contrast,KK2-style-NEH,1284,1284,True
Ta20_5_9,1,211301210,Contrast,FRB4-p1,1270,1270,True
Ta20_5_9,1,211301210,Contrast,INEH-inspired,1255,1255,True
Ta20_5_9,2,211302219,Elite-only,NEH,1280,1280,True
Ta20_5_9,2,211302219,Elite-only,NEH-TBKK2,1288,1288,True
Ta20_5_9,2,211302219,Elite-only,KK2-style-NEH,1284,1284,True
Ta20_5_9,2,211302219,Elite-only,FRB4-p1,1253,1253,True
Ta20_5_9,2,211302219,Elite-only,INEH-inspired,1255,1255,True
Ta20_5_9,2,211302219,Contrast,NEH,1280,1280,True
Ta20_5_9,2,211302219,Contrast,NEH-TBKK2,1288,1288,True
Ta20_5_9,2,211302219,Contrast,KK2-style-NEH,1284,1284,True
Ta20_5_9,2,211302219,Contrast,FRB4-p1,1253,1253,True
Ta20_5_9,2,211302219,Contrast,INEH-inspired,1255,1255,True
Ta20_5_9,3,211303228,Elite-only,NEH,1280,1280,True
Ta20_5_9,3,211303228,Elite-only,NEH-TBKK2,1288,1288,True
Ta20_5_9,3,211303228,Elite-only,KK2-style-NEH,1284,1284,True
Ta20_5_9,3,211303228,Elite-only,FRB4-p1,1253,1253,True
Ta20_5_9,3,211303228,Elite-only,INEH-inspired,1255,1255,True
Ta20_5_9,3,211303228,Contrast,NEH,1280,1280,True
Ta20_5_9,3,211303228,Contrast,NEH-TBKK2,1288,1288,True
Ta20_5_9,3,211303228,Contrast,KK2-style-NEH,1284,1284,True
Ta20_5_9,3,211303228,Contrast,FRB4-p1,1253,1253,True
Ta20_5_9,3,211303228,Contrast,INEH-inspired,1255,1255,True
Ta20_5_9,4,211304237,Elite-only,NEH,1280,1280,True
Ta20_5_9,4,211304237,Elite-only,NEH-TBKK2,1288,1288,True
Ta20_5_9,4,211304237,Elite-only,KK2-style-NEH,1284,1284,True
Ta20_5_9,4,211304237,Elite-only,FRB4-p1,1240,1240,True
Ta20_5_9,4,211304237,Elite-only,INEH-inspired,1255,1255,True
Ta20_5_9,4,211304237,Contrast,NEH,1280,1280,True
Ta20_5_9,4,211304237,Contrast,NEH-TBKK2,1288,1288,True
Ta20_5_9,4,211304237,Contrast,KK2-style-NEH,1284,1284,True
Ta20_5_9,4,211304237,Contrast,FRB4-p1,1253,1253,True
Ta20_5_9,4,211304237,Contrast,INEH-inspired,1255,1255,True
Ta20_5_9,5,211305246,Elite-only,NEH,1280,1280,True
Ta20_5_9,5,211305246,Elite-only,NEH-TBKK2,1288,1288,True
Ta20_5_9,5,211305246,Elite-only,KK2-style-NEH,1284,1284,True
Ta20_5_9,5,211305246,Elite-only,FRB4-p1,1253,1253,True
Ta20_5_9,5,211305246,Elite-only,INEH-inspired,1255,1255,True
Ta20_5_9,5,211305246,Contrast,NEH,1280,1280,True
Ta20_5_9,5,211305246,Contrast,NEH-TBKK2,1288,1288,True
Ta20_5_9,5,211305246,Contrast,KK2-style-NEH,1284,1284,True
Ta20_5_9,5,211305246,Contrast,FRB4-p1,1270,1270,True
Ta20_5_9,5,211305246,Contrast,INEH-inspired,1255,1255,True
Ta20_5_10,1,211401210,Elite-only,NEH,1161,1161,True
Ta20_5_10,1,211401210,Elite-only,NEH-TBKK2,1161,1161,True
Ta20_5_10,1,211401210,Elite-only,KK2-style-NEH,1166,1166,True
Ta20_5_10,1,211401210,Elite-only,FRB4-p1,1120,1120,True
Ta20_5_10,1,211401210,Elite-only,INEH-inspired,1128,1128,True
Ta20_5_10,1,211401210,Contrast,NEH,1151,1151,True
Ta20_5_10,1,211401210,Contrast,NEH-TBKK2,1151,1151,True
Ta20_5_10,1,211401210,Contrast,KK2-style-NEH,1166,1166,True
Ta20_5_10,1,211401210,Contrast,FRB4-p1,1120,1120,True
Ta20_5_10,1,211401210,Contrast,INEH-inspired,1128,1128,True
Ta20_5_10,2,211402219,Elite-only,NEH,1151,1151,True
Ta20_5_10,2,211402219,Elite-only,NEH-TBKK2,1151,1151,True
Ta20_5_10,2,211402219,Elite-only,KK2-style-NEH,1166,1166,True
Ta20_5_10,2,211402219,Elite-only,FRB4-p1,1151,1151,True
Ta20_5_10,2,211402219,Elite-only,INEH-inspired,1151,1151,True
Ta20_5_10,2,211402219,Contrast,NEH,1151,1151,True
Ta20_5_10,2,211402219,Contrast,NEH-TBKK2,1151,1151,True
Ta20_5_10,2,211402219,Contrast,KK2-style-NEH,1166,1166,True
Ta20_5_10,2,211402219,Contrast,FRB4-p1,1120,1120,True
Ta20_5_10,2,211402219,Contrast,INEH-inspired,1120,1120,True
Ta20_5_10,3,211403228,Elite-only,NEH,1151,1151,True
Ta20_5_10,3,211403228,Elite-only,NEH-TBKK2,1151,1151,True
Ta20_5_10,3,211403228,Elite-only,KK2-style-NEH,1166,1166,True
Ta20_5_10,3,211403228,Elite-only,FRB4-p1,1120,1120,True
Ta20_5_10,3,211403228,Elite-only,INEH-inspired,1151,1151,True
Ta20_5_10,3,211403228,Contrast,NEH,1151,1151,True
Ta20_5_10,3,211403228,Contrast,NEH-TBKK2,1151,1151,True
Ta20_5_10,3,211403228,Contrast,KK2-style-NEH,1166,1166,True
Ta20_5_10,3,211403228,Contrast,FRB4-p1,1120,1120,True
Ta20_5_10,3,211403228,Contrast,INEH-inspired,1128,1128,True
Ta20_5_10,4,211404237,Elite-only,NEH,1161,1161,True
Ta20_5_10,4,211404237,Elite-only,NEH-TBKK2,1161,1161,True
Ta20_5_10,4,211404237,Elite-only,KK2-style-NEH,1166,1166,True
Ta20_5_10,4,211404237,Elite-only,FRB4-p1,1120,1120,True
Ta20_5_10,4,211404237,Elite-only,INEH-inspired,1128,1128,True
Ta20_5_10,4,211404237,Contrast,NEH,1151,1151,True
Ta20_5_10,4,211404237,Contrast,NEH-TBKK2,1151,1151,True
Ta20_5_10,4,211404237,Contrast,KK2-style-NEH,1164,1164,True
Ta20_5_10,4,211404237,Contrast,FRB4-p1,1120,1120,True
Ta20_5_10,4,211404237,Contrast,INEH-inspired,1120,1120,True
Ta20_5_10,5,211405246,Elite-only,NEH,1161,1161,True
Ta20_5_10,5,211405246,Elite-only,NEH-TBKK2,1161,1161,True
Ta20_5_10,5,211405246,Elite-only,KK2-style-NEH,1166,1166,True
Ta20_5_10,5,211405246,Elite-only,FRB4-p1,1120,1120,True
Ta20_5_10,5,211405246,Elite-only,INEH-inspired,1128,1128,True
Ta20_5_10,5,211405246,Contrast,NEH,1151,1151,True
Ta20_5_10,5,211405246,Contrast,NEH-TBKK2,1151,1151,True
Ta20_5_10,5,211405246,Contrast,KK2-style-NEH,1166,1166,True
Ta20_5_10,5,211405246,Contrast,FRB4-p1,1111,1111,True
Ta20_5_10,5,211405246,Contrast,INEH-inspired,1151,1151,True
Ta20_10_1,1,220501210,Elite-only,NEH,1675,1675,True
Ta20_10_1,1,220501210,Elite-only,NEH-TBKK2,1675,1675,True
Ta20_10_1,1,220501210,Elite-only,KK2-style-NEH,1660,1660,True
Ta20_10_1,1,220501210,Elite-only,FRB4-p1,1592,1592,True
Ta20_10_1,1,220501210,Elite-only,INEH-inspired,1655,1655,True
Ta20_10_1,1,220501210,Contrast,NEH,1675,1675,True
Ta20_10_1,1,220501210,Contrast,NEH-TBKK2,1675,1675,True
Ta20_10_1,1,220501210,Contrast,KK2-style-NEH,1660,1660,True
Ta20_10_1,1,220501210,Contrast,FRB4-p1,1606,1606,True
Ta20_10_1,1,220501210,Contrast,INEH-inspired,1601,1601,True
Ta20_10_1,2,220502219,Elite-only,NEH,1675,1675,True
Ta20_10_1,2,220502219,Elite-only,NEH-TBKK2,1675,1675,True
Ta20_10_1,2,220502219,Elite-only,KK2-style-NEH,1660,1660,True
Ta20_10_1,2,220502219,Elite-only,FRB4-p1,1592,1592,True
Ta20_10_1,2,220502219,Elite-only,INEH-inspired,1638,1638,True
Ta20_10_1,2,220502219,Contrast,NEH,1675,1675,True
Ta20_10_1,2,220502219,Contrast,NEH-TBKK2,1675,1675,True
Ta20_10_1,2,220502219,Contrast,KK2-style-NEH,1668,1668,True
Ta20_10_1,2,220502219,Contrast,FRB4-p1,1606,1606,True
Ta20_10_1,2,220502219,Contrast,INEH-inspired,1601,1601,True
Ta20_10_1,3,220503228,Elite-only,NEH,1675,1675,True
Ta20_10_1,3,220503228,Elite-only,NEH-TBKK2,1675,1675,True
Ta20_10_1,3,220503228,Elite-only,KK2-style-NEH,1660,1660,True
Ta20_10_1,3,220503228,Elite-only,FRB4-p1,1592,1592,True
Ta20_10_1,3,220503228,Elite-only,INEH-inspired,1655,1655,True
Ta20_10_1,3,220503228,Contrast,NEH,1675,1675,True
Ta20_10_1,3,220503228,Contrast,NEH-TBKK2,1675,1675,True
Ta20_10_1,3,220503228,Contrast,KK2-style-NEH,1668,1668,True
Ta20_10_1,3,220503228,Contrast,FRB4-p1,1606,1606,True
Ta20_10_1,3,220503228,Contrast,INEH-inspired,1605,1605,True
Ta20_10_1,4,220504237,Elite-only,NEH,1675,1675,True
Ta20_10_1,4,220504237,Elite-only,NEH-TBKK2,1675,1675,True
Ta20_10_1,4,220504237,Elite-only,KK2-style-NEH,1660,1660,True
Ta20_10_1,4,220504237,Elite-only,FRB4-p1,1592,1592,True
Ta20_10_1,4,220504237,Elite-only,INEH-inspired,1634,1634,True
Ta20_10_1,4,220504237,Contrast,NEH,1675,1675,True
Ta20_10_1,4,220504237,Contrast,NEH-TBKK2,1675,1675,True
Ta20_10_1,4,220504237,Contrast,KK2-style-NEH,1668,1668,True
Ta20_10_1,4,220504237,Contrast,FRB4-p1,1598,1598,True
Ta20_10_1,4,220504237,Contrast,INEH-inspired,1601,1601,True
Ta20_10_1,5,220505246,Elite-only,NEH,1675,1675,True
Ta20_10_1,5,220505246,Elite-only,NEH-TBKK2,1675,1675,True
Ta20_10_1,5,220505246,Elite-only,KK2-style-NEH,1660,1660,True
Ta20_10_1,5,220505246,Elite-only,FRB4-p1,1592,1592,True
Ta20_10_1,5,220505246,Elite-only,INEH-inspired,1633,1633,True
Ta20_10_1,5,220505246,Contrast,NEH,1675,1675,True
Ta20_10_1,5,220505246,Contrast,NEH-TBKK2,1675,1675,True
Ta20_10_1,5,220505246,Contrast,KK2-style-NEH,1668,1668,True
Ta20_10_1,5,220505246,Contrast,FRB4-p1,1606,1606,True
Ta20_10_1,5,220505246,Contrast,INEH-inspired,1601,1601,True
Ta20_10_2,1,220601210,Elite-only,NEH,1723,1723,True
Ta20_10_2,1,220601210,Elite-only,NEH-TBKK2,1727,1727,True
Ta20_10_2,1,220601210,Elite-only,KK2-style-NEH,1761,1761,True
Ta20_10_2,1,220601210,Elite-only,FRB4-p1,1719,1719,True
Ta20_10_2,1,220601210,Elite-only,INEH-inspired,1688,1688,True
Ta20_10_2,1,220601210,Contrast,NEH,1723,1723,True
Ta20_10_2,1,220601210,Contrast,NEH-TBKK2,1736,1736,True
Ta20_10_2,1,220601210,Contrast,KK2-style-NEH,1773,1773,True
Ta20_10_2,1,220601210,Contrast,FRB4-p1,1698,1698,True
Ta20_10_2,1,220601210,Contrast,INEH-inspired,1688,1688,True
Ta20_10_2,2,220602219,Elite-only,NEH,1723,1723,True
Ta20_10_2,2,220602219,Elite-only,NEH-TBKK2,1727,1727,True
Ta20_10_2,2,220602219,Elite-only,KK2-style-NEH,1773,1773,True
Ta20_10_2,2,220602219,Elite-only,FRB4-p1,1719,1719,True
Ta20_10_2,2,220602219,Elite-only,INEH-inspired,1688,1688,True
Ta20_10_2,2,220602219,Contrast,NEH,1723,1723,True
Ta20_10_2,2,220602219,Contrast,NEH-TBKK2,1727,1727,True
Ta20_10_2,2,220602219,Contrast,KK2-style-NEH,1773,1773,True
Ta20_10_2,2,220602219,Contrast,FRB4-p1,1706,1706,True
Ta20_10_2,2,220602219,Contrast,INEH-inspired,1688,1688,True
Ta20_10_2,3,220603228,Elite-only,NEH,1723,1723,True
Ta20_10_2,3,220603228,Elite-only,NEH-TBKK2,1723,1723,True
Ta20_10_2,3,220603228,Elite-only,KK2-style-NEH,1773,1773,True
Ta20_10_2,3,220603228,Elite-only,FRB4-p1,1715,1715,True
Ta20_10_2,3,220603228,Elite-only,INEH-inspired,1688,1688,True
Ta20_10_2,3,220603228,Contrast,NEH,1723,1723,True
Ta20_10_2,3,220603228,Contrast,NEH-TBKK2,1727,1727,True
Ta20_10_2,3,220603228,Contrast,KK2-style-NEH,1773,1773,True
Ta20_10_2,3,220603228,Contrast,FRB4-p1,1706,1706,True
Ta20_10_2,3,220603228,Contrast,INEH-inspired,1688,1688,True
Ta20_10_2,4,220604237,Elite-only,NEH,1723,1723,True
Ta20_10_2,4,220604237,Elite-only,NEH-TBKK2,1727,1727,True
Ta20_10_2,4,220604237,Elite-only,KK2-style-NEH,1773,1773,True
Ta20_10_2,4,220604237,Elite-only,FRB4-p1,1719,1719,True
Ta20_10_2,4,220604237,Elite-only,INEH-inspired,1688,1688,True
Ta20_10_2,4,220604237,Contrast,NEH,1723,1723,True
Ta20_10_2,4,220604237,Contrast,NEH-TBKK2,1727,1727,True
Ta20_10_2,4,220604237,Contrast,KK2-style-NEH,1773,1773,True
Ta20_10_2,4,220604237,Contrast,FRB4-p1,1706,1706,True
Ta20_10_2,4,220604237,Contrast,INEH-inspired,1688,1688,True
Ta20_10_2,5,220605246,Elite-only,NEH,1723,1723,True
Ta20_10_2,5,220605246,Elite-only,NEH-TBKK2,1723,1723,True
Ta20_10_2,5,220605246,Elite-only,KK2-style-NEH,1761,1761,True
Ta20_10_2,5,220605246,Elite-only,FRB4-p1,1721,1721,True
Ta20_10_2,5,220605246,Elite-only,INEH-inspired,1688,1688,True
Ta20_10_2,5,220605246,Contrast,NEH,1723,1723,True
Ta20_10_2,5,220605246,Contrast,NEH-TBKK2,1727,1727,True
Ta20_10_2,5,220605246,Contrast,KK2-style-NEH,1773,1773,True
Ta20_10_2,5,220605246,Contrast,FRB4-p1,1706,1706,True
Ta20_10_2,5,220605246,Contrast,INEH-inspired,1688,1688,True
Ta20_10_3,1,220701210,Elite-only,NEH,1557,1557,True
Ta20_10_3,1,220701210,Elite-only,NEH-TBKK2,1565,1565,True
Ta20_10_3,1,220701210,Elite-only,KK2-style-NEH,1603,1603,True
Ta20_10_3,1,220701210,Elite-only,FRB4-p1,1535,1535,True
Ta20_10_3,1,220701210,Elite-only,INEH-inspired,1560,1560,True
Ta20_10_3,1,220701210,Contrast,NEH,1557,1557,True
Ta20_10_3,1,220701210,Contrast,NEH-TBKK2,1565,1565,True
Ta20_10_3,1,220701210,Contrast,KK2-style-NEH,1603,1603,True
Ta20_10_3,1,220701210,Contrast,FRB4-p1,1527,1527,True
Ta20_10_3,1,220701210,Contrast,INEH-inspired,1571,1571,True
Ta20_10_3,2,220702219,Elite-only,NEH,1557,1557,True
Ta20_10_3,2,220702219,Elite-only,NEH-TBKK2,1565,1565,True
Ta20_10_3,2,220702219,Elite-only,KK2-style-NEH,1603,1603,True
Ta20_10_3,2,220702219,Elite-only,FRB4-p1,1535,1535,True
Ta20_10_3,2,220702219,Elite-only,INEH-inspired,1564,1564,True
Ta20_10_3,2,220702219,Contrast,NEH,1557,1557,True
Ta20_10_3,2,220702219,Contrast,NEH-TBKK2,1565,1565,True
Ta20_10_3,2,220702219,Contrast,KK2-style-NEH,1603,1603,True
Ta20_10_3,2,220702219,Contrast,FRB4-p1,1545,1545,True
Ta20_10_3,2,220702219,Contrast,INEH-inspired,1571,1571,True
Ta20_10_3,3,220703228,Elite-only,NEH,1557,1557,True
Ta20_10_3,3,220703228,Elite-only,NEH-TBKK2,1565,1565,True
Ta20_10_3,3,220703228,Elite-only,KK2-style-NEH,1603,1603,True
Ta20_10_3,3,220703228,Elite-only,FRB4-p1,1527,1527,True
Ta20_10_3,3,220703228,Elite-only,INEH-inspired,1560,1560,True
Ta20_10_3,3,220703228,Contrast,NEH,1557,1557,True
Ta20_10_3,3,220703228,Contrast,NEH-TBKK2,1565,1565,True
Ta20_10_3,3,220703228,Contrast,KK2-style-NEH,1603,1603,True
Ta20_10_3,3,220703228,Contrast,FRB4-p1,1545,1545,True
Ta20_10_3,3,220703228,Contrast,INEH-inspired,1571,1571,True
Ta20_10_3,4,220704237,Elite-only,NEH,1557,1557,True
Ta20_10_3,4,220704237,Elite-only,NEH-TBKK2,1565,1565,True
Ta20_10_3,4,220704237,Elite-only,KK2-style-NEH,1603,1603,True
Ta20_10_3,4,220704237,Elite-only,FRB4-p1,1527,1527,True
Ta20_10_3,4,220704237,Elite-only,INEH-inspired,1564,1564,True
Ta20_10_3,4,220704237,Contrast,NEH,1557,1557,True
Ta20_10_3,4,220704237,Contrast,NEH-TBKK2,1565,1565,True
Ta20_10_3,4,220704237,Contrast,KK2-style-NEH,1603,1603,True
Ta20_10_3,4,220704237,Contrast,FRB4-p1,1545,1545,True
Ta20_10_3,4,220704237,Contrast,INEH-inspired,1571,1571,True
Ta20_10_3,5,220705246,Elite-only,NEH,1557,1557,True
Ta20_10_3,5,220705246,Elite-only,NEH-TBKK2,1565,1565,True
Ta20_10_3,5,220705246,Elite-only,KK2-style-NEH,1603,1603,True
Ta20_10_3,5,220705246,Elite-only,FRB4-p1,1527,1527,True
Ta20_10_3,5,220705246,Elite-only,INEH-inspired,1564,1564,True
Ta20_10_3,5,220705246,Contrast,NEH,1557,1557,True
Ta20_10_3,5,220705246,Contrast,NEH-TBKK2,1565,1565,True
Ta20_10_3,5,220705246,Contrast,KK2-style-NEH,1603,1603,True
Ta20_10_3,5,220705246,Contrast,FRB4-p1,1538,1538,True
Ta20_10_3,5,220705246,Contrast,INEH-inspired,1571,1571,True
Ta20_10_4,1,220801210,Elite-only,NEH,1432,1432,True
Ta20_10_4,1,220801210,Elite-only,NEH-TBKK2,1432,1432,True
Ta20_10_4,1,220801210,Elite-only,KK2-style-NEH,1428,1428,True
Ta20_10_4,1,220801210,Elite-only,FRB4-p1,1407,1407,True
Ta20_10_4,1,220801210,Elite-only,INEH-inspired,1415,1415,True
Ta20_10_4,1,220801210,Contrast,NEH,1432,1432,True
Ta20_10_4,1,220801210,Contrast,NEH-TBKK2,1432,1432,True
Ta20_10_4,1,220801210,Contrast,KK2-style-NEH,1428,1428,True
Ta20_10_4,1,220801210,Contrast,FRB4-p1,1407,1407,True
Ta20_10_4,1,220801210,Contrast,INEH-inspired,1396,1396,True
Ta20_10_4,2,220802219,Elite-only,NEH,1432,1432,True
Ta20_10_4,2,220802219,Elite-only,NEH-TBKK2,1432,1432,True
Ta20_10_4,2,220802219,Elite-only,KK2-style-NEH,1428,1428,True
Ta20_10_4,2,220802219,Elite-only,FRB4-p1,1407,1407,True
Ta20_10_4,2,220802219,Elite-only,INEH-inspired,1415,1415,True
Ta20_10_4,2,220802219,Contrast,NEH,1432,1432,True
Ta20_10_4,2,220802219,Contrast,NEH-TBKK2,1432,1432,True
Ta20_10_4,2,220802219,Contrast,KK2-style-NEH,1428,1428,True
Ta20_10_4,2,220802219,Contrast,FRB4-p1,1407,1407,True
Ta20_10_4,2,220802219,Contrast,INEH-inspired,1415,1415,True
Ta20_10_4,3,220803228,Elite-only,NEH,1432,1432,True
Ta20_10_4,3,220803228,Elite-only,NEH-TBKK2,1432,1432,True
Ta20_10_4,3,220803228,Elite-only,KK2-style-NEH,1428,1428,True
Ta20_10_4,3,220803228,Elite-only,FRB4-p1,1416,1416,True
Ta20_10_4,3,220803228,Elite-only,INEH-inspired,1415,1415,True
Ta20_10_4,3,220803228,Contrast,NEH,1432,1432,True
Ta20_10_4,3,220803228,Contrast,NEH-TBKK2,1432,1432,True
Ta20_10_4,3,220803228,Contrast,KK2-style-NEH,1428,1428,True
Ta20_10_4,3,220803228,Contrast,FRB4-p1,1416,1416,True
Ta20_10_4,3,220803228,Contrast,INEH-inspired,1396,1396,True
Ta20_10_4,4,220804237,Elite-only,NEH,1432,1432,True
Ta20_10_4,4,220804237,Elite-only,NEH-TBKK2,1432,1432,True
Ta20_10_4,4,220804237,Elite-only,KK2-style-NEH,1428,1428,True
Ta20_10_4,4,220804237,Elite-only,FRB4-p1,1407,1407,True
Ta20_10_4,4,220804237,Elite-only,INEH-inspired,1415,1415,True
Ta20_10_4,4,220804237,Contrast,NEH,1432,1432,True
Ta20_10_4,4,220804237,Contrast,NEH-TBKK2,1432,1432,True
Ta20_10_4,4,220804237,Contrast,KK2-style-NEH,1428,1428,True
Ta20_10_4,4,220804237,Contrast,FRB4-p1,1407,1407,True
Ta20_10_4,4,220804237,Contrast,INEH-inspired,1396,1396,True
Ta20_10_4,5,220805246,Elite-only,NEH,1432,1432,True
Ta20_10_4,5,220805246,Elite-only,NEH-TBKK2,1432,1432,True
Ta20_10_4,5,220805246,Elite-only,KK2-style-NEH,1428,1428,True
Ta20_10_4,5,220805246,Elite-only,FRB4-p1,1407,1407,True
Ta20_10_4,5,220805246,Elite-only,INEH-inspired,1415,1415,True
Ta20_10_4,5,220805246,Contrast,NEH,1432,1432,True
Ta20_10_4,5,220805246,Contrast,NEH-TBKK2,1432,1432,True
Ta20_10_4,5,220805246,Contrast,KK2-style-NEH,1428,1428,True
Ta20_10_4,5,220805246,Contrast,FRB4-p1,1407,1407,True
Ta20_10_4,5,220805246,Contrast,INEH-inspired,1415,1415,True
Ta20_10_5,1,220901210,Elite-only,NEH,1502,1502,True
Ta20_10_5,1,220901210,Elite-only,NEH-TBKK2,1502,1502,True
Ta20_10_5,1,220901210,Elite-only,KK2-style-NEH,1487,1487,True
Ta20_10_5,1,220901210,Elite-only,FRB4-p1,1486,1486,True
Ta20_10_5,1,220901210,Elite-only,INEH-inspired,1451,1451,True
Ta20_10_5,1,220901210,Contrast,NEH,1502,1502,True
Ta20_10_5,1,220901210,Contrast,NEH-TBKK2,1502,1502,True
Ta20_10_5,1,220901210,Contrast,KK2-style-NEH,1487,1487,True
Ta20_10_5,1,220901210,Contrast,FRB4-p1,1469,1469,True
Ta20_10_5,1,220901210,Contrast,INEH-inspired,1460,1460,True
Ta20_10_5,2,220902219,Elite-only,NEH,1502,1502,True
Ta20_10_5,2,220902219,Elite-only,NEH-TBKK2,1502,1502,True
Ta20_10_5,2,220902219,Elite-only,KK2-style-NEH,1487,1487,True
Ta20_10_5,2,220902219,Elite-only,FRB4-p1,1486,1486,True
Ta20_10_5,2,220902219,Elite-only,INEH-inspired,1469,1469,True
Ta20_10_5,2,220902219,Contrast,NEH,1502,1502,True
Ta20_10_5,2,220902219,Contrast,NEH-TBKK2,1502,1502,True
Ta20_10_5,2,220902219,Contrast,KK2-style-NEH,1487,1487,True
Ta20_10_5,2,220902219,Contrast,FRB4-p1,1484,1484,True
Ta20_10_5,2,220902219,Contrast,INEH-inspired,1452,1452,True
Ta20_10_5,3,220903228,Elite-only,NEH,1502,1502,True
Ta20_10_5,3,220903228,Elite-only,NEH-TBKK2,1502,1502,True
Ta20_10_5,3,220903228,Elite-only,KK2-style-NEH,1487,1487,True
Ta20_10_5,3,220903228,Elite-only,FRB4-p1,1486,1486,True
Ta20_10_5,3,220903228,Elite-only,INEH-inspired,1462,1462,True
Ta20_10_5,3,220903228,Contrast,NEH,1502,1502,True
Ta20_10_5,3,220903228,Contrast,NEH-TBKK2,1502,1502,True
Ta20_10_5,3,220903228,Contrast,KK2-style-NEH,1487,1487,True
Ta20_10_5,3,220903228,Contrast,FRB4-p1,1486,1486,True
Ta20_10_5,3,220903228,Contrast,INEH-inspired,1457,1457,True
Ta20_10_5,4,220904237,Elite-only,NEH,1502,1502,True
Ta20_10_5,4,220904237,Elite-only,NEH-TBKK2,1502,1502,True
Ta20_10_5,4,220904237,Elite-only,KK2-style-NEH,1487,1487,True
Ta20_10_5,4,220904237,Elite-only,FRB4-p1,1486,1486,True
Ta20_10_5,4,220904237,Elite-only,INEH-inspired,1444,1444,True
Ta20_10_5,4,220904237,Contrast,NEH,1502,1502,True
Ta20_10_5,4,220904237,Contrast,NEH-TBKK2,1502,1502,True
Ta20_10_5,4,220904237,Contrast,KK2-style-NEH,1487,1487,True
Ta20_10_5,4,220904237,Contrast,FRB4-p1,1484,1484,True
Ta20_10_5,4,220904237,Contrast,INEH-inspired,1460,1460,True
Ta20_10_5,5,220905246,Elite-only,NEH,1502,1502,True
Ta20_10_5,5,220905246,Elite-only,NEH-TBKK2,1502,1502,True
Ta20_10_5,5,220905246,Elite-only,KK2-style-NEH,1487,1487,True
Ta20_10_5,5,220905246,Elite-only,FRB4-p1,1446,1446,True
Ta20_10_5,5,220905246,Elite-only,INEH-inspired,1452,1452,True
Ta20_10_5,5,220905246,Contrast,NEH,1502,1502,True
Ta20_10_5,5,220905246,Contrast,NEH-TBKK2,1502,1502,True
Ta20_10_5,5,220905246,Contrast,KK2-style-NEH,1487,1487,True
Ta20_10_5,5,220905246,Contrast,FRB4-p1,1486,1486,True
Ta20_10_5,5,220905246,Contrast,INEH-inspired,1452,1452,True
Ta20_10_6,1,221001210,Elite-only,NEH,1453,1453,True
Ta20_10_6,1,221001210,Elite-only,NEH-TBKK2,1453,1453,True
Ta20_10_6,1,221001210,Elite-only,KK2-style-NEH,1477,1477,True
Ta20_10_6,1,221001210,Elite-only,FRB4-p1,1448,1448,True
Ta20_10_6,1,221001210,Elite-only,INEH-inspired,1448,1448,True
Ta20_10_6,1,221001210,Contrast,NEH,1453,1453,True
Ta20_10_6,1,221001210,Contrast,NEH-TBKK2,1453,1453,True
Ta20_10_6,1,221001210,Contrast,KK2-style-NEH,1477,1477,True
Ta20_10_6,1,221001210,Contrast,FRB4-p1,1448,1448,True
Ta20_10_6,1,221001210,Contrast,INEH-inspired,1467,1467,True
Ta20_10_6,2,221002219,Elite-only,NEH,1453,1453,True
Ta20_10_6,2,221002219,Elite-only,NEH-TBKK2,1453,1453,True
Ta20_10_6,2,221002219,Elite-only,KK2-style-NEH,1477,1477,True
Ta20_10_6,2,221002219,Elite-only,FRB4-p1,1458,1458,True
Ta20_10_6,2,221002219,Elite-only,INEH-inspired,1467,1467,True
Ta20_10_6,2,221002219,Contrast,NEH,1453,1453,True
Ta20_10_6,2,221002219,Contrast,NEH-TBKK2,1453,1453,True
Ta20_10_6,2,221002219,Contrast,KK2-style-NEH,1477,1477,True
Ta20_10_6,2,221002219,Contrast,FRB4-p1,1449,1449,True
Ta20_10_6,2,221002219,Contrast,INEH-inspired,1467,1467,True
Ta20_10_6,3,221003228,Elite-only,NEH,1453,1453,True
Ta20_10_6,3,221003228,Elite-only,NEH-TBKK2,1453,1453,True
Ta20_10_6,3,221003228,Elite-only,KK2-style-NEH,1477,1477,True
Ta20_10_6,3,221003228,Elite-only,FRB4-p1,1458,1458,True
Ta20_10_6,3,221003228,Elite-only,INEH-inspired,1467,1467,True
Ta20_10_6,3,221003228,Contrast,NEH,1453,1453,True
Ta20_10_6,3,221003228,Contrast,NEH-TBKK2,1453,1453,True
Ta20_10_6,3,221003228,Contrast,KK2-style-NEH,1477,1477,True
Ta20_10_6,3,221003228,Contrast,FRB4-p1,1448,1448,True
Ta20_10_6,3,221003228,Contrast,INEH-inspired,1467,1467,True
Ta20_10_6,4,221004237,Elite-only,NEH,1453,1453,True
Ta20_10_6,4,221004237,Elite-only,NEH-TBKK2,1453,1453,True
Ta20_10_6,4,221004237,Elite-only,KK2-style-NEH,1477,1477,True
Ta20_10_6,4,221004237,Elite-only,FRB4-p1,1458,1458,True
Ta20_10_6,4,221004237,Elite-only,INEH-inspired,1467,1467,True
Ta20_10_6,4,221004237,Contrast,NEH,1453,1453,True
Ta20_10_6,4,221004237,Contrast,NEH-TBKK2,1453,1453,True
Ta20_10_6,4,221004237,Contrast,KK2-style-NEH,1477,1477,True
Ta20_10_6,4,221004237,Contrast,FRB4-p1,1448,1448,True
Ta20_10_6,4,221004237,Contrast,INEH-inspired,1467,1467,True
Ta20_10_6,5,221005246,Elite-only,NEH,1453,1453,True
Ta20_10_6,5,221005246,Elite-only,NEH-TBKK2,1453,1453,True
Ta20_10_6,5,221005246,Elite-only,KK2-style-NEH,1477,1477,True
Ta20_10_6,5,221005246,Elite-only,FRB4-p1,1448,1448,True
Ta20_10_6,5,221005246,Elite-only,INEH-inspired,1467,1467,True
Ta20_10_6,5,221005246,Contrast,NEH,1453,1453,True
Ta20_10_6,5,221005246,Contrast,NEH-TBKK2,1453,1453,True
Ta20_10_6,5,221005246,Contrast,KK2-style-NEH,1477,1477,True
Ta20_10_6,5,221005246,Contrast,FRB4-p1,1449,1449,True
Ta20_10_6,5,221005246,Contrast,INEH-inspired,1467,1467,True
Ta20_10_7,1,221101210,Elite-only,NEH,1547,1547,True
Ta20_10_7,1,221101210,Elite-only,NEH-TBKK2,1552,1552,True
Ta20_10_7,1,221101210,Elite-only,KK2-style-NEH,1539,1539,True
Ta20_10_7,1,221101210,Elite-only,FRB4-p1,1533,1533,True
Ta20_10_7,1,221101210,Elite-only,INEH-inspired,1529,1529,True
Ta20_10_7,1,221101210,Contrast,NEH,1547,1547,True
Ta20_10_7,1,221101210,Contrast,NEH-TBKK2,1547,1547,True
Ta20_10_7,1,221101210,Contrast,KK2-style-NEH,1539,1539,True
Ta20_10_7,1,221101210,Contrast,FRB4-p1,1533,1533,True
Ta20_10_7,1,221101210,Contrast,INEH-inspired,1553,1553,True
Ta20_10_7,2,221102219,Elite-only,NEH,1547,1547,True
Ta20_10_7,2,221102219,Elite-only,NEH-TBKK2,1552,1552,True
Ta20_10_7,2,221102219,Elite-only,KK2-style-NEH,1539,1539,True
Ta20_10_7,2,221102219,Elite-only,FRB4-p1,1524,1524,True
Ta20_10_7,2,221102219,Elite-only,INEH-inspired,1498,1498,True
Ta20_10_7,2,221102219,Contrast,NEH,1547,1547,True
Ta20_10_7,2,221102219,Contrast,NEH-TBKK2,1547,1547,True
Ta20_10_7,2,221102219,Contrast,KK2-style-NEH,1539,1539,True
Ta20_10_7,2,221102219,Contrast,FRB4-p1,1514,1514,True
Ta20_10_7,2,221102219,Contrast,INEH-inspired,1529,1529,True
Ta20_10_7,3,221103228,Elite-only,NEH,1547,1547,True
Ta20_10_7,3,221103228,Elite-only,NEH-TBKK2,1552,1552,True
Ta20_10_7,3,221103228,Elite-only,KK2-style-NEH,1539,1539,True
Ta20_10_7,3,221103228,Elite-only,FRB4-p1,1524,1524,True
Ta20_10_7,3,221103228,Elite-only,INEH-inspired,1529,1529,True
Ta20_10_7,3,221103228,Contrast,NEH,1547,1547,True
Ta20_10_7,3,221103228,Contrast,NEH-TBKK2,1547,1547,True
Ta20_10_7,3,221103228,Contrast,KK2-style-NEH,1539,1539,True
Ta20_10_7,3,221103228,Contrast,FRB4-p1,1512,1512,True
Ta20_10_7,3,221103228,Contrast,INEH-inspired,1529,1529,True
Ta20_10_7,4,221104237,Elite-only,NEH,1547,1547,True
Ta20_10_7,4,221104237,Elite-only,NEH-TBKK2,1552,1552,True
Ta20_10_7,4,221104237,Elite-only,KK2-style-NEH,1539,1539,True
Ta20_10_7,4,221104237,Elite-only,FRB4-p1,1524,1524,True
Ta20_10_7,4,221104237,Elite-only,INEH-inspired,1498,1498,True
Ta20_10_7,4,221104237,Contrast,NEH,1547,1547,True
Ta20_10_7,4,221104237,Contrast,NEH-TBKK2,1547,1547,True
Ta20_10_7,4,221104237,Contrast,KK2-style-NEH,1539,1539,True
Ta20_10_7,4,221104237,Contrast,FRB4-p1,1512,1512,True
Ta20_10_7,4,221104237,Contrast,INEH-inspired,1529,1529,True
Ta20_10_7,5,221105246,Elite-only,NEH,1547,1547,True
Ta20_10_7,5,221105246,Elite-only,NEH-TBKK2,1552,1552,True
Ta20_10_7,5,221105246,Elite-only,KK2-style-NEH,1539,1539,True
Ta20_10_7,5,221105246,Elite-only,FRB4-p1,1524,1524,True
Ta20_10_7,5,221105246,Elite-only,INEH-inspired,1529,1529,True
Ta20_10_7,5,221105246,Contrast,NEH,1547,1547,True
Ta20_10_7,5,221105246,Contrast,NEH-TBKK2,1547,1547,True
Ta20_10_7,5,221105246,Contrast,KK2-style-NEH,1539,1539,True
Ta20_10_7,5,221105246,Contrast,FRB4-p1,1514,1514,True
Ta20_10_7,5,221105246,Contrast,INEH-inspired,1529,1529,True
Ta20_10_8,1,221201210,Elite-only,NEH,1620,1620,True
Ta20_10_8,1,221201210,Elite-only,NEH-TBKK2,1620,1620,True
Ta20_10_8,1,221201210,Elite-only,KK2-style-NEH,1615,1615,True
Ta20_10_8,1,221201210,Elite-only,FRB4-p1,1595,1595,True
Ta20_10_8,1,221201210,Elite-only,INEH-inspired,1590,1590,True
Ta20_10_8,1,221201210,Contrast,NEH,1609,1609,True
Ta20_10_8,1,221201210,Contrast,NEH-TBKK2,1609,1609,True
Ta20_10_8,1,221201210,Contrast,KK2-style-NEH,1615,1615,True
Ta20_10_8,1,221201210,Contrast,FRB4-p1,1595,1595,True
Ta20_10_8,1,221201210,Contrast,INEH-inspired,1580,1580,True
Ta20_10_8,2,221202219,Elite-only,NEH,1620,1620,True
Ta20_10_8,2,221202219,Elite-only,NEH-TBKK2,1620,1620,True
Ta20_10_8,2,221202219,Elite-only,KK2-style-NEH,1615,1615,True
Ta20_10_8,2,221202219,Elite-only,FRB4-p1,1594,1594,True
Ta20_10_8,2,221202219,Elite-only,INEH-inspired,1608,1608,True
Ta20_10_8,2,221202219,Contrast,NEH,1609,1609,True
Ta20_10_8,2,221202219,Contrast,NEH-TBKK2,1609,1609,True
Ta20_10_8,2,221202219,Contrast,KK2-style-NEH,1615,1615,True
Ta20_10_8,2,221202219,Contrast,FRB4-p1,1595,1595,True
Ta20_10_8,2,221202219,Contrast,INEH-inspired,1580,1580,True
Ta20_10_8,3,221203228,Elite-only,NEH,1620,1620,True
Ta20_10_8,3,221203228,Elite-only,NEH-TBKK2,1620,1620,True
Ta20_10_8,3,221203228,Elite-only,KK2-style-NEH,1615,1615,True
Ta20_10_8,3,221203228,Elite-only,FRB4-p1,1594,1594,True
Ta20_10_8,3,221203228,Elite-only,INEH-inspired,1581,1581,True
Ta20_10_8,3,221203228,Contrast,NEH,1609,1609,True
Ta20_10_8,3,221203228,Contrast,NEH-TBKK2,1609,1609,True
Ta20_10_8,3,221203228,Contrast,KK2-style-NEH,1615,1615,True
Ta20_10_8,3,221203228,Contrast,FRB4-p1,1570,1570,True
Ta20_10_8,3,221203228,Contrast,INEH-inspired,1581,1581,True
Ta20_10_8,4,221204237,Elite-only,NEH,1620,1620,True
Ta20_10_8,4,221204237,Elite-only,NEH-TBKK2,1620,1620,True
Ta20_10_8,4,221204237,Elite-only,KK2-style-NEH,1615,1615,True
Ta20_10_8,4,221204237,Elite-only,FRB4-p1,1594,1594,True
Ta20_10_8,4,221204237,Elite-only,INEH-inspired,1598,1598,True
Ta20_10_8,4,221204237,Contrast,NEH,1620,1620,True
Ta20_10_8,4,221204237,Contrast,NEH-TBKK2,1620,1620,True
Ta20_10_8,4,221204237,Contrast,KK2-style-NEH,1615,1615,True
Ta20_10_8,4,221204237,Contrast,FRB4-p1,1594,1594,True
Ta20_10_8,4,221204237,Contrast,INEH-inspired,1569,1569,True
Ta20_10_8,5,221205246,Elite-only,NEH,1609,1609,True
Ta20_10_8,5,221205246,Elite-only,NEH-TBKK2,1609,1609,True
Ta20_10_8,5,221205246,Elite-only,KK2-style-NEH,1615,1615,True
Ta20_10_8,5,221205246,Elite-only,FRB4-p1,1594,1594,True
Ta20_10_8,5,221205246,Elite-only,INEH-inspired,1595,1595,True
Ta20_10_8,5,221205246,Contrast,NEH,1609,1609,True
Ta20_10_8,5,221205246,Contrast,NEH-TBKK2,1609,1609,True
Ta20_10_8,5,221205246,Contrast,KK2-style-NEH,1615,1615,True
Ta20_10_8,5,221205246,Contrast,FRB4-p1,1594,1594,True
Ta20_10_8,5,221205246,Contrast,INEH-inspired,1580,1580,True
Ta20_10_9,1,221301210,Elite-only,NEH,1649,1649,True
Ta20_10_9,1,221301210,Elite-only,NEH-TBKK2,1649,1649,True
Ta20_10_9,1,221301210,Elite-only,KK2-style-NEH,1660,1660,True
Ta20_10_9,1,221301210,Elite-only,FRB4-p1,1620,1620,True
Ta20_10_9,1,221301210,Elite-only,INEH-inspired,1649,1649,True
Ta20_10_9,1,221301210,Contrast,NEH,1649,1649,True
Ta20_10_9,1,221301210,Contrast,NEH-TBKK2,1649,1649,True
Ta20_10_9,1,221301210,Contrast,KK2-style-NEH,1668,1668,True
Ta20_10_9,1,221301210,Contrast,FRB4-p1,1633,1633,True
Ta20_10_9,1,221301210,Contrast,INEH-inspired,1636,1636,True
Ta20_10_9,2,221302219,Elite-only,NEH,1649,1649,True
Ta20_10_9,2,221302219,Elite-only,NEH-TBKK2,1649,1649,True
Ta20_10_9,2,221302219,Elite-only,KK2-style-NEH,1660,1660,True
Ta20_10_9,2,221302219,Elite-only,FRB4-p1,1621,1621,True
Ta20_10_9,2,221302219,Elite-only,INEH-inspired,1612,1612,True
Ta20_10_9,2,221302219,Contrast,NEH,1649,1649,True
Ta20_10_9,2,221302219,Contrast,NEH-TBKK2,1649,1649,True
Ta20_10_9,2,221302219,Contrast,KK2-style-NEH,1660,1660,True
Ta20_10_9,2,221302219,Contrast,FRB4-p1,1635,1635,True
Ta20_10_9,2,221302219,Contrast,INEH-inspired,1636,1636,True
Ta20_10_9,3,221303228,Elite-only,NEH,1649,1649,True
Ta20_10_9,3,221303228,Elite-only,NEH-TBKK2,1649,1649,True
Ta20_10_9,3,221303228,Elite-only,KK2-style-NEH,1660,1660,True
Ta20_10_9,3,221303228,Elite-only,FRB4-p1,1620,1620,True
Ta20_10_9,3,221303228,Elite-only,INEH-inspired,1612,1612,True
Ta20_10_9,3,221303228,Contrast,NEH,1649,1649,True
Ta20_10_9,3,221303228,Contrast,NEH-TBKK2,1649,1649,True
Ta20_10_9,3,221303228,Contrast,KK2-style-NEH,1660,1660,True
Ta20_10_9,3,221303228,Contrast,FRB4-p1,1620,1620,True
Ta20_10_9,3,221303228,Contrast,INEH-inspired,1636,1636,True
Ta20_10_9,4,221304237,Elite-only,NEH,1649,1649,True
Ta20_10_9,4,221304237,Elite-only,NEH-TBKK2,1649,1649,True
Ta20_10_9,4,221304237,Elite-only,KK2-style-NEH,1668,1668,True
Ta20_10_9,4,221304237,Elite-only,FRB4-p1,1620,1620,True
Ta20_10_9,4,221304237,Elite-only,INEH-inspired,1612,1612,True
Ta20_10_9,4,221304237,Contrast,NEH,1649,1649,True
Ta20_10_9,4,221304237,Contrast,NEH-TBKK2,1649,1649,True
Ta20_10_9,4,221304237,Contrast,KK2-style-NEH,1660,1660,True
Ta20_10_9,4,221304237,Contrast,FRB4-p1,1635,1635,True
Ta20_10_9,4,221304237,Contrast,INEH-inspired,1636,1636,True
Ta20_10_9,5,221305246,Elite-only,NEH,1649,1649,True
Ta20_10_9,5,221305246,Elite-only,NEH-TBKK2,1649,1649,True
Ta20_10_9,5,221305246,Elite-only,KK2-style-NEH,1660,1660,True
Ta20_10_9,5,221305246,Elite-only,FRB4-p1,1620,1620,True
Ta20_10_9,5,221305246,Elite-only,INEH-inspired,1612,1612,True
Ta20_10_9,5,221305246,Contrast,NEH,1649,1649,True
Ta20_10_9,5,221305246,Contrast,NEH-TBKK2,1649,1649,True
Ta20_10_9,5,221305246,Contrast,KK2-style-NEH,1668,1668,True
Ta20_10_9,5,221305246,Contrast,FRB4-p1,1620,1620,True
Ta20_10_9,5,221305246,Contrast,INEH-inspired,1636,1636,True
Ta20_10_10,1,221401210,Elite-only,NEH,1653,1653,True
Ta20_10_10,1,221401210,Elite-only,NEH-TBKK2,1653,1653,True
Ta20_10_10,1,221401210,Elite-only,KK2-style-NEH,1749,1749,True
Ta20_10_10,1,221401210,Elite-only,FRB4-p1,1643,1643,True
Ta20_10_10,1,221401210,Elite-only,INEH-inspired,1641,1641,True
Ta20_10_10,1,221401210,Contrast,NEH,1642,1642,True
Ta20_10_10,1,221401210,Contrast,NEH-TBKK2,1642,1642,True
Ta20_10_10,1,221401210,Contrast,KK2-style-NEH,1749,1749,True
Ta20_10_10,1,221401210,Contrast,FRB4-p1,1643,1643,True
Ta20_10_10,1,221401210,Contrast,INEH-inspired,1643,1643,True
Ta20_10_10,2,221402219,Elite-only,NEH,1653,1653,True
Ta20_10_10,2,221402219,Elite-only,NEH-TBKK2,1653,1653,True
Ta20_10_10,2,221402219,Elite-only,KK2-style-NEH,1749,1749,True
Ta20_10_10,2,221402219,Elite-only,FRB4-p1,1643,1643,True
Ta20_10_10,2,221402219,Elite-only,INEH-inspired,1641,1641,True
Ta20_10_10,2,221402219,Contrast,NEH,1653,1653,True
Ta20_10_10,2,221402219,Contrast,NEH-TBKK2,1653,1653,True
Ta20_10_10,2,221402219,Contrast,KK2-style-NEH,1749,1749,True
Ta20_10_10,2,221402219,Contrast,FRB4-p1,1643,1643,True
Ta20_10_10,2,221402219,Contrast,INEH-inspired,1643,1643,True
Ta20_10_10,3,221403228,Elite-only,NEH,1653,1653,True
Ta20_10_10,3,221403228,Elite-only,NEH-TBKK2,1653,1653,True
Ta20_10_10,3,221403228,Elite-only,KK2-style-NEH,1749,1749,True
Ta20_10_10,3,221403228,Elite-only,FRB4-p1,1643,1643,True
Ta20_10_10,3,221403228,Elite-only,INEH-inspired,1641,1641,True
Ta20_10_10,3,221403228,Contrast,NEH,1653,1653,True
Ta20_10_10,3,221403228,Contrast,NEH-TBKK2,1653,1653,True
Ta20_10_10,3,221403228,Contrast,KK2-style-NEH,1749,1749,True
Ta20_10_10,3,221403228,Contrast,FRB4-p1,1643,1643,True
Ta20_10_10,3,221403228,Contrast,INEH-inspired,1643,1643,True
Ta20_10_10,4,221404237,Elite-only,NEH,1653,1653,True
Ta20_10_10,4,221404237,Elite-only,NEH-TBKK2,1653,1653,True
Ta20_10_10,4,221404237,Elite-only,KK2-style-NEH,1749,1749,True
Ta20_10_10,4,221404237,Elite-only,FRB4-p1,1643,1643,True
Ta20_10_10,4,221404237,Elite-only,INEH-inspired,1641,1641,True
Ta20_10_10,4,221404237,Contrast,NEH,1642,1642,True
Ta20_10_10,4,221404237,Contrast,NEH-TBKK2,1642,1642,True
Ta20_10_10,4,221404237,Contrast,KK2-style-NEH,1749,1749,True
Ta20_10_10,4,221404237,Contrast,FRB4-p1,1643,1643,True
Ta20_10_10,4,221404237,Contrast,INEH-inspired,1643,1643,True
Ta20_10_10,5,221405246,Elite-only,NEH,1653,1653,True
Ta20_10_10,5,221405246,Elite-only,NEH-TBKK2,1653,1653,True
Ta20_10_10,5,221405246,Elite-only,KK2-style-NEH,1749,1749,True
Ta20_10_10,5,221405246,Elite-only,FRB4-p1,1643,1643,True
Ta20_10_10,5,221405246,Elite-only,INEH-inspired,1641,1641,True
Ta20_10_10,5,221405246,Contrast,NEH,1642,1642,True
Ta20_10_10,5,221405246,Contrast,NEH-TBKK2,1642,1642,True
Ta20_10_10,5,221405246,Contrast,KK2-style-NEH,1749,1749,True
Ta20_10_10,5,221405246,Contrast,FRB4-p1,1643,1643,True
Ta20_10_10,5,221405246,Contrast,INEH-inspired,1643,1643,True
Ta20_20_1,1,230501210,Elite-only,NEH,2416,2416,True
Ta20_20_1,1,230501210,Elite-only,NEH-TBKK2,2416,2416,True
Ta20_20_1,1,230501210,Elite-only,KK2-style-NEH,2398,2398,True
Ta20_20_1,1,230501210,Elite-only,FRB4-p1,2351,2351,True
Ta20_20_1,1,230501210,Elite-only,INEH-inspired,2351,2351,True
Ta20_20_1,1,230501210,Contrast,NEH,2443,2443,True
Ta20_20_1,1,230501210,Contrast,NEH-TBKK2,2443,2443,True
Ta20_20_1,1,230501210,Contrast,KK2-style-NEH,2398,2398,True
Ta20_20_1,1,230501210,Contrast,FRB4-p1,2358,2358,True
Ta20_20_1,1,230501210,Contrast,INEH-inspired,2350,2350,True
Ta20_20_1,2,230502219,Elite-only,NEH,2416,2416,True
Ta20_20_1,2,230502219,Elite-only,NEH-TBKK2,2416,2416,True
Ta20_20_1,2,230502219,Elite-only,KK2-style-NEH,2398,2398,True
Ta20_20_1,2,230502219,Elite-only,FRB4-p1,2345,2345,True
Ta20_20_1,2,230502219,Elite-only,INEH-inspired,2351,2351,True
Ta20_20_1,2,230502219,Contrast,NEH,2443,2443,True
Ta20_20_1,2,230502219,Contrast,NEH-TBKK2,2443,2443,True
Ta20_20_1,2,230502219,Contrast,KK2-style-NEH,2398,2398,True
Ta20_20_1,2,230502219,Contrast,FRB4-p1,2358,2358,True
Ta20_20_1,2,230502219,Contrast,INEH-inspired,2336,2336,True
Ta20_20_1,3,230503228,Elite-only,NEH,2416,2416,True
Ta20_20_1,3,230503228,Elite-only,NEH-TBKK2,2416,2416,True
Ta20_20_1,3,230503228,Elite-only,KK2-style-NEH,2398,2398,True
Ta20_20_1,3,230503228,Elite-only,FRB4-p1,2345,2345,True
Ta20_20_1,3,230503228,Elite-only,INEH-inspired,2367,2367,True
Ta20_20_1,3,230503228,Contrast,NEH,2443,2443,True
Ta20_20_1,3,230503228,Contrast,NEH-TBKK2,2443,2443,True
Ta20_20_1,3,230503228,Contrast,KK2-style-NEH,2398,2398,True
Ta20_20_1,3,230503228,Contrast,FRB4-p1,2368,2368,True
Ta20_20_1,3,230503228,Contrast,INEH-inspired,2350,2350,True
Ta20_20_1,4,230504237,Elite-only,NEH,2416,2416,True
Ta20_20_1,4,230504237,Elite-only,NEH-TBKK2,2416,2416,True
Ta20_20_1,4,230504237,Elite-only,KK2-style-NEH,2398,2398,True
Ta20_20_1,4,230504237,Elite-only,FRB4-p1,2345,2345,True
Ta20_20_1,4,230504237,Elite-only,INEH-inspired,2351,2351,True
Ta20_20_1,4,230504237,Contrast,NEH,2443,2443,True
Ta20_20_1,4,230504237,Contrast,NEH-TBKK2,2443,2443,True
Ta20_20_1,4,230504237,Contrast,KK2-style-NEH,2398,2398,True
Ta20_20_1,4,230504237,Contrast,FRB4-p1,2368,2368,True
Ta20_20_1,4,230504237,Contrast,INEH-inspired,2367,2367,True
Ta20_20_1,5,230505246,Elite-only,NEH,2416,2416,True
Ta20_20_1,5,230505246,Elite-only,NEH-TBKK2,2416,2416,True
Ta20_20_1,5,230505246,Elite-only,KK2-style-NEH,2398,2398,True
Ta20_20_1,5,230505246,Elite-only,FRB4-p1,2351,2351,True
Ta20_20_1,5,230505246,Elite-only,INEH-inspired,2352,2352,True
Ta20_20_1,5,230505246,Contrast,NEH,2443,2443,True
Ta20_20_1,5,230505246,Contrast,NEH-TBKK2,2443,2443,True
Ta20_20_1,5,230505246,Contrast,KK2-style-NEH,2398,2398,True
Ta20_20_1,5,230505246,Contrast,FRB4-p1,2368,2368,True
Ta20_20_1,5,230505246,Contrast,INEH-inspired,2363,2363,True
Ta20_20_2,1,230601210,Elite-only,NEH,2150,2150,True
Ta20_20_2,1,230601210,Elite-only,NEH-TBKK2,2150,2150,True
Ta20_20_2,1,230601210,Elite-only,KK2-style-NEH,2172,2172,True
Ta20_20_2,1,230601210,Elite-only,FRB4-p1,2162,2162,True
Ta20_20_2,1,230601210,Elite-only,INEH-inspired,2151,2151,True
Ta20_20_2,1,230601210,Contrast,NEH,2150,2150,True
Ta20_20_2,1,230601210,Contrast,NEH-TBKK2,2150,2150,True
Ta20_20_2,1,230601210,Contrast,KK2-style-NEH,2172,2172,True
Ta20_20_2,1,230601210,Contrast,FRB4-p1,2143,2143,True
Ta20_20_2,1,230601210,Contrast,INEH-inspired,2151,2151,True
Ta20_20_2,2,230602219,Elite-only,NEH,2150,2150,True
Ta20_20_2,2,230602219,Elite-only,NEH-TBKK2,2150,2150,True
Ta20_20_2,2,230602219,Elite-only,KK2-style-NEH,2172,2172,True
Ta20_20_2,2,230602219,Elite-only,FRB4-p1,2145,2145,True
Ta20_20_2,2,230602219,Elite-only,INEH-inspired,2151,2151,True
Ta20_20_2,2,230602219,Contrast,NEH,2150,2150,True
Ta20_20_2,2,230602219,Contrast,NEH-TBKK2,2150,2150,True
Ta20_20_2,2,230602219,Contrast,KK2-style-NEH,2172,2172,True
Ta20_20_2,2,230602219,Contrast,FRB4-p1,2143,2143,True
Ta20_20_2,2,230602219,Contrast,INEH-inspired,2151,2151,True
Ta20_20_2,3,230603228,Elite-only,NEH,2150,2150,True
Ta20_20_2,3,230603228,Elite-only,NEH-TBKK2,2150,2150,True
Ta20_20_2,3,230603228,Elite-only,KK2-style-NEH,2172,2172,True
Ta20_20_2,3,230603228,Elite-only,FRB4-p1,2145,2145,True
Ta20_20_2,3,230603228,Elite-only,INEH-inspired,2151,2151,True
Ta20_20_2,3,230603228,Contrast,NEH,2150,2150,True
Ta20_20_2,3,230603228,Contrast,NEH-TBKK2,2150,2150,True
Ta20_20_2,3,230603228,Contrast,KK2-style-NEH,2172,2172,True
Ta20_20_2,3,230603228,Contrast,FRB4-p1,2143,2143,True
Ta20_20_2,3,230603228,Contrast,INEH-inspired,2151,2151,True
Ta20_20_2,4,230604237,Elite-only,NEH,2150,2150,True
Ta20_20_2,4,230604237,Elite-only,NEH-TBKK2,2150,2150,True
Ta20_20_2,4,230604237,Elite-only,KK2-style-NEH,2172,2172,True
Ta20_20_2,4,230604237,Elite-only,FRB4-p1,2143,2143,True
Ta20_20_2,4,230604237,Elite-only,INEH-inspired,2151,2151,True
Ta20_20_2,4,230604237,Contrast,NEH,2150,2150,True
Ta20_20_2,4,230604237,Contrast,NEH-TBKK2,2150,2150,True
Ta20_20_2,4,230604237,Contrast,KK2-style-NEH,2172,2172,True
Ta20_20_2,4,230604237,Contrast,FRB4-p1,2143,2143,True
Ta20_20_2,4,230604237,Contrast,INEH-inspired,2151,2151,True
Ta20_20_2,5,230605246,Elite-only,NEH,2150,2150,True
Ta20_20_2,5,230605246,Elite-only,NEH-TBKK2,2150,2150,True
Ta20_20_2,5,230605246,Elite-only,KK2-style-NEH,2172,2172,True
Ta20_20_2,5,230605246,Elite-only,FRB4-p1,2145,2145,True
Ta20_20_2,5,230605246,Elite-only,INEH-inspired,2151,2151,True
Ta20_20_2,5,230605246,Contrast,NEH,2150,2150,True
Ta20_20_2,5,230605246,Contrast,NEH-TBKK2,2150,2150,True
Ta20_20_2,5,230605246,Contrast,KK2-style-NEH,2172,2172,True
Ta20_20_2,5,230605246,Contrast,FRB4-p1,2143,2143,True
Ta20_20_2,5,230605246,Contrast,INEH-inspired,2151,2151,True
Ta20_20_3,1,230701210,Elite-only,NEH,2411,2411,True
Ta20_20_3,1,230701210,Elite-only,NEH-TBKK2,2411,2411,True
Ta20_20_3,1,230701210,Elite-only,KK2-style-NEH,2438,2438,True
Ta20_20_3,1,230701210,Elite-only,FRB4-p1,2370,2370,True
Ta20_20_3,1,230701210,Elite-only,INEH-inspired,2381,2381,True
Ta20_20_3,1,230701210,Contrast,NEH,2411,2411,True
Ta20_20_3,1,230701210,Contrast,NEH-TBKK2,2411,2411,True
Ta20_20_3,1,230701210,Contrast,KK2-style-NEH,2438,2438,True
Ta20_20_3,1,230701210,Contrast,FRB4-p1,2370,2370,True
Ta20_20_3,1,230701210,Contrast,INEH-inspired,2371,2371,True
Ta20_20_3,2,230702219,Elite-only,NEH,2411,2411,True
Ta20_20_3,2,230702219,Elite-only,NEH-TBKK2,2411,2411,True
Ta20_20_3,2,230702219,Elite-only,KK2-style-NEH,2438,2438,True
Ta20_20_3,2,230702219,Elite-only,FRB4-p1,2370,2370,True
Ta20_20_3,2,230702219,Elite-only,INEH-inspired,2384,2384,True
Ta20_20_3,2,230702219,Contrast,NEH,2411,2411,True
Ta20_20_3,2,230702219,Contrast,NEH-TBKK2,2411,2411,True
Ta20_20_3,2,230702219,Contrast,KK2-style-NEH,2438,2438,True
Ta20_20_3,2,230702219,Contrast,FRB4-p1,2370,2370,True
Ta20_20_3,2,230702219,Contrast,INEH-inspired,2410,2410,True
Ta20_20_3,3,230703228,Elite-only,NEH,2411,2411,True
Ta20_20_3,3,230703228,Elite-only,NEH-TBKK2,2411,2411,True
Ta20_20_3,3,230703228,Elite-only,KK2-style-NEH,2438,2438,True
Ta20_20_3,3,230703228,Elite-only,FRB4-p1,2370,2370,True
Ta20_20_3,3,230703228,Elite-only,INEH-inspired,2384,2384,True
Ta20_20_3,3,230703228,Contrast,NEH,2411,2411,True
Ta20_20_3,3,230703228,Contrast,NEH-TBKK2,2411,2411,True
Ta20_20_3,3,230703228,Contrast,KK2-style-NEH,2428,2428,True
Ta20_20_3,3,230703228,Contrast,FRB4-p1,2370,2370,True
Ta20_20_3,3,230703228,Contrast,INEH-inspired,2387,2387,True
Ta20_20_3,4,230704237,Elite-only,NEH,2411,2411,True
Ta20_20_3,4,230704237,Elite-only,NEH-TBKK2,2411,2411,True
Ta20_20_3,4,230704237,Elite-only,KK2-style-NEH,2438,2438,True
Ta20_20_3,4,230704237,Elite-only,FRB4-p1,2370,2370,True
Ta20_20_3,4,230704237,Elite-only,INEH-inspired,2381,2381,True
Ta20_20_3,4,230704237,Contrast,NEH,2411,2411,True
Ta20_20_3,4,230704237,Contrast,NEH-TBKK2,2411,2411,True
Ta20_20_3,4,230704237,Contrast,KK2-style-NEH,2438,2438,True
Ta20_20_3,4,230704237,Contrast,FRB4-p1,2370,2370,True
Ta20_20_3,4,230704237,Contrast,INEH-inspired,2371,2371,True
Ta20_20_3,5,230705246,Elite-only,NEH,2411,2411,True
Ta20_20_3,5,230705246,Elite-only,NEH-TBKK2,2411,2411,True
Ta20_20_3,5,230705246,Elite-only,KK2-style-NEH,2438,2438,True
Ta20_20_3,5,230705246,Elite-only,FRB4-p1,2370,2370,True
Ta20_20_3,5,230705246,Elite-only,INEH-inspired,2384,2384,True
Ta20_20_3,5,230705246,Contrast,NEH,2411,2411,True
Ta20_20_3,5,230705246,Contrast,NEH-TBKK2,2411,2411,True
Ta20_20_3,5,230705246,Contrast,KK2-style-NEH,2438,2438,True
Ta20_20_3,5,230705246,Contrast,FRB4-p1,2370,2370,True
Ta20_20_3,5,230705246,Contrast,INEH-inspired,2394,2394,True
Ta20_20_4,1,230801210,Elite-only,NEH,2262,2262,True
Ta20_20_4,1,230801210,Elite-only,NEH-TBKK2,2262,2262,True
Ta20_20_4,1,230801210,Elite-only,KK2-style-NEH,2266,2266,True
Ta20_20_4,1,230801210,Elite-only,FRB4-p1,2273,2273,True
Ta20_20_4,1,230801210,Elite-only,INEH-inspired,2241,2241,True
Ta20_20_4,1,230801210,Contrast,NEH,2264,2264,True
Ta20_20_4,1,230801210,Contrast,NEH-TBKK2,2264,2264,True
Ta20_20_4,1,230801210,Contrast,KK2-style-NEH,2266,2266,True
Ta20_20_4,1,230801210,Contrast,FRB4-p1,2273,2273,True
Ta20_20_4,1,230801210,Contrast,INEH-inspired,2240,2240,True
Ta20_20_4,2,230802219,Elite-only,NEH,2262,2262,True
Ta20_20_4,2,230802219,Elite-only,NEH-TBKK2,2262,2262,True
Ta20_20_4,2,230802219,Elite-only,KK2-style-NEH,2279,2279,True
Ta20_20_4,2,230802219,Elite-only,FRB4-p1,2273,2273,True
Ta20_20_4,2,230802219,Elite-only,INEH-inspired,2241,2241,True
Ta20_20_4,2,230802219,Contrast,NEH,2264,2264,True
Ta20_20_4,2,230802219,Contrast,NEH-TBKK2,2264,2264,True
Ta20_20_4,2,230802219,Contrast,KK2-style-NEH,2266,2266,True
Ta20_20_4,2,230802219,Contrast,FRB4-p1,2272,2272,True
Ta20_20_4,2,230802219,Contrast,INEH-inspired,2240,2240,True
Ta20_20_4,3,230803228,Elite-only,NEH,2262,2262,True
Ta20_20_4,3,230803228,Elite-only,NEH-TBKK2,2262,2262,True
Ta20_20_4,3,230803228,Elite-only,KK2-style-NEH,2279,2279,True
Ta20_20_4,3,230803228,Elite-only,FRB4-p1,2273,2273,True
Ta20_20_4,3,230803228,Elite-only,INEH-inspired,2241,2241,True
Ta20_20_4,3,230803228,Contrast,NEH,2264,2264,True
Ta20_20_4,3,230803228,Contrast,NEH-TBKK2,2264,2264,True
Ta20_20_4,3,230803228,Contrast,KK2-style-NEH,2266,2266,True
Ta20_20_4,3,230803228,Contrast,FRB4-p1,2273,2273,True
Ta20_20_4,3,230803228,Contrast,INEH-inspired,2240,2240,True
Ta20_20_4,4,230804237,Elite-only,NEH,2262,2262,True
Ta20_20_4,4,230804237,Elite-only,NEH-TBKK2,2262,2262,True
Ta20_20_4,4,230804237,Elite-only,KK2-style-NEH,2279,2279,True
Ta20_20_4,4,230804237,Elite-only,FRB4-p1,2273,2273,True
Ta20_20_4,4,230804237,Elite-only,INEH-inspired,2241,2241,True
Ta20_20_4,4,230804237,Contrast,NEH,2264,2264,True
Ta20_20_4,4,230804237,Contrast,NEH-TBKK2,2264,2264,True
Ta20_20_4,4,230804237,Contrast,KK2-style-NEH,2266,2266,True
Ta20_20_4,4,230804237,Contrast,FRB4-p1,2272,2272,True
Ta20_20_4,4,230804237,Contrast,INEH-inspired,2240,2240,True
Ta20_20_4,5,230805246,Elite-only,NEH,2262,2262,True
Ta20_20_4,5,230805246,Elite-only,NEH-TBKK2,2262,2262,True
Ta20_20_4,5,230805246,Elite-only,KK2-style-NEH,2279,2279,True
Ta20_20_4,5,230805246,Elite-only,FRB4-p1,2273,2273,True
Ta20_20_4,5,230805246,Elite-only,INEH-inspired,2241,2241,True
Ta20_20_4,5,230805246,Contrast,NEH,2264,2264,True
Ta20_20_4,5,230805246,Contrast,NEH-TBKK2,2264,2264,True
Ta20_20_4,5,230805246,Contrast,KK2-style-NEH,2266,2266,True
Ta20_20_4,5,230805246,Contrast,FRB4-p1,2273,2273,True
Ta20_20_4,5,230805246,Contrast,INEH-inspired,2240,2240,True
Ta20_20_5,1,230901210,Elite-only,NEH,2370,2370,True
Ta20_20_5,1,230901210,Elite-only,NEH-TBKK2,2370,2370,True
Ta20_20_5,1,230901210,Elite-only,KK2-style-NEH,2416,2416,True
Ta20_20_5,1,230901210,Elite-only,FRB4-p1,2341,2341,True
Ta20_20_5,1,230901210,Elite-only,INEH-inspired,2364,2364,True
Ta20_20_5,1,230901210,Contrast,NEH,2370,2370,True
Ta20_20_5,1,230901210,Contrast,NEH-TBKK2,2370,2370,True
Ta20_20_5,1,230901210,Contrast,KK2-style-NEH,2416,2416,True
Ta20_20_5,1,230901210,Contrast,FRB4-p1,2341,2341,True
Ta20_20_5,1,230901210,Contrast,INEH-inspired,2364,2364,True
Ta20_20_5,2,230902219,Elite-only,NEH,2370,2370,True
Ta20_20_5,2,230902219,Elite-only,NEH-TBKK2,2370,2370,True
Ta20_20_5,2,230902219,Elite-only,KK2-style-NEH,2416,2416,True
Ta20_20_5,2,230902219,Elite-only,FRB4-p1,2341,2341,True
Ta20_20_5,2,230902219,Elite-only,INEH-inspired,2363,2363,True
Ta20_20_5,2,230902219,Contrast,NEH,2370,2370,True
Ta20_20_5,2,230902219,Contrast,NEH-TBKK2,2370,2370,True
Ta20_20_5,2,230902219,Contrast,KK2-style-NEH,2416,2416,True
Ta20_20_5,2,230902219,Contrast,FRB4-p1,2341,2341,True
Ta20_20_5,2,230902219,Contrast,INEH-inspired,2340,2340,True
Ta20_20_5,3,230903228,Elite-only,NEH,2370,2370,True
Ta20_20_5,3,230903228,Elite-only,NEH-TBKK2,2370,2370,True
Ta20_20_5,3,230903228,Elite-only,KK2-style-NEH,2416,2416,True
Ta20_20_5,3,230903228,Elite-only,FRB4-p1,2341,2341,True
Ta20_20_5,3,230903228,Elite-only,INEH-inspired,2363,2363,True
Ta20_20_5,3,230903228,Contrast,NEH,2370,2370,True
Ta20_20_5,3,230903228,Contrast,NEH-TBKK2,2370,2370,True
Ta20_20_5,3,230903228,Contrast,KK2-style-NEH,2416,2416,True
Ta20_20_5,3,230903228,Contrast,FRB4-p1,2341,2341,True
Ta20_20_5,3,230903228,Contrast,INEH-inspired,2360,2360,True
Ta20_20_5,4,230904237,Elite-only,NEH,2370,2370,True
Ta20_20_5,4,230904237,Elite-only,NEH-TBKK2,2370,2370,True
Ta20_20_5,4,230904237,Elite-only,KK2-style-NEH,2416,2416,True
Ta20_20_5,4,230904237,Elite-only,FRB4-p1,2341,2341,True
Ta20_20_5,4,230904237,Elite-only,INEH-inspired,2363,2363,True
Ta20_20_5,4,230904237,Contrast,NEH,2370,2370,True
Ta20_20_5,4,230904237,Contrast,NEH-TBKK2,2370,2370,True
Ta20_20_5,4,230904237,Contrast,KK2-style-NEH,2416,2416,True
Ta20_20_5,4,230904237,Contrast,FRB4-p1,2341,2341,True
Ta20_20_5,4,230904237,Contrast,INEH-inspired,2360,2360,True
Ta20_20_5,5,230905246,Elite-only,NEH,2370,2370,True
Ta20_20_5,5,230905246,Elite-only,NEH-TBKK2,2370,2370,True
Ta20_20_5,5,230905246,Elite-only,KK2-style-NEH,2416,2416,True
Ta20_20_5,5,230905246,Elite-only,FRB4-p1,2336,2336,True
Ta20_20_5,5,230905246,Elite-only,INEH-inspired,2364,2364,True
Ta20_20_5,5,230905246,Contrast,NEH,2370,2370,True
Ta20_20_5,5,230905246,Contrast,NEH-TBKK2,2370,2370,True
Ta20_20_5,5,230905246,Contrast,KK2-style-NEH,2416,2416,True
Ta20_20_5,5,230905246,Contrast,FRB4-p1,2341,2341,True
Ta20_20_5,5,230905246,Contrast,INEH-inspired,2360,2360,True
Ta20_20_6,1,231001210,Elite-only,NEH,2349,2349,True
Ta20_20_6,1,231001210,Elite-only,NEH-TBKK2,2349,2349,True
Ta20_20_6,1,231001210,Elite-only,KK2-style-NEH,2329,2329,True
Ta20_20_6,1,231001210,Elite-only,FRB4-p1,2318,2318,True
Ta20_20_6,1,231001210,Elite-only,INEH-inspired,2314,2314,True
Ta20_20_6,1,231001210,Contrast,NEH,2349,2349,True
Ta20_20_6,1,231001210,Contrast,NEH-TBKK2,2349,2349,True
Ta20_20_6,1,231001210,Contrast,KK2-style-NEH,2329,2329,True
Ta20_20_6,1,231001210,Contrast,FRB4-p1,2318,2318,True
Ta20_20_6,1,231001210,Contrast,INEH-inspired,2307,2307,True
Ta20_20_6,2,231002219,Elite-only,NEH,2349,2349,True
Ta20_20_6,2,231002219,Elite-only,NEH-TBKK2,2349,2349,True
Ta20_20_6,2,231002219,Elite-only,KK2-style-NEH,2329,2329,True
Ta20_20_6,2,231002219,Elite-only,FRB4-p1,2318,2318,True
Ta20_20_6,2,231002219,Elite-only,INEH-inspired,2314,2314,True
Ta20_20_6,2,231002219,Contrast,NEH,2349,2349,True
Ta20_20_6,2,231002219,Contrast,NEH-TBKK2,2349,2349,True
Ta20_20_6,2,231002219,Contrast,KK2-style-NEH,2329,2329,True
Ta20_20_6,2,231002219,Contrast,FRB4-p1,2318,2318,True
Ta20_20_6,2,231002219,Contrast,INEH-inspired,2290,2290,True
Ta20_20_6,3,231003228,Elite-only,NEH,2349,2349,True
Ta20_20_6,3,231003228,Elite-only,NEH-TBKK2,2349,2349,True
Ta20_20_6,3,231003228,Elite-only,KK2-style-NEH,2329,2329,True
Ta20_20_6,3,231003228,Elite-only,FRB4-p1,2318,2318,True
Ta20_20_6,3,231003228,Elite-only,INEH-inspired,2286,2286,True
Ta20_20_6,3,231003228,Contrast,NEH,2349,2349,True
Ta20_20_6,3,231003228,Contrast,NEH-TBKK2,2349,2349,True
Ta20_20_6,3,231003228,Contrast,KK2-style-NEH,2329,2329,True
Ta20_20_6,3,231003228,Contrast,FRB4-p1,2318,2318,True
Ta20_20_6,3,231003228,Contrast,INEH-inspired,2301,2301,True
Ta20_20_6,4,231004237,Elite-only,NEH,2349,2349,True
Ta20_20_6,4,231004237,Elite-only,NEH-TBKK2,2349,2349,True
Ta20_20_6,4,231004237,Elite-only,KK2-style-NEH,2344,2344,True
Ta20_20_6,4,231004237,Elite-only,FRB4-p1,2318,2318,True
Ta20_20_6,4,231004237,Elite-only,INEH-inspired,2277,2277,True
Ta20_20_6,4,231004237,Contrast,NEH,2349,2349,True
Ta20_20_6,4,231004237,Contrast,NEH-TBKK2,2349,2349,True
Ta20_20_6,4,231004237,Contrast,KK2-style-NEH,2329,2329,True
Ta20_20_6,4,231004237,Contrast,FRB4-p1,2318,2318,True
Ta20_20_6,4,231004237,Contrast,INEH-inspired,2311,2311,True
Ta20_20_6,5,231005246,Elite-only,NEH,2349,2349,True
Ta20_20_6,5,231005246,Elite-only,NEH-TBKK2,2349,2349,True
Ta20_20_6,5,231005246,Elite-only,KK2-style-NEH,2329,2329,True
Ta20_20_6,5,231005246,Elite-only,FRB4-p1,2318,2318,True
Ta20_20_6,5,231005246,Elite-only,INEH-inspired,2314,2314,True
Ta20_20_6,5,231005246,Contrast,NEH,2349,2349,True
Ta20_20_6,5,231005246,Contrast,NEH-TBKK2,2349,2349,True
Ta20_20_6,5,231005246,Contrast,KK2-style-NEH,2329,2329,True
Ta20_20_6,5,231005246,Contrast,FRB4-p1,2318,2318,True
Ta20_20_6,5,231005246,Contrast,INEH-inspired,2290,2290,True
Ta20_20_7,1,231101210,Elite-only,NEH,2386,2386,True
Ta20_20_7,1,231101210,Elite-only,NEH-TBKK2,2393,2393,True
Ta20_20_7,1,231101210,Elite-only,KK2-style-NEH,2414,2414,True
Ta20_20_7,1,231101210,Elite-only,FRB4-p1,2349,2349,True
Ta20_20_7,1,231101210,Elite-only,INEH-inspired,2338,2338,True
Ta20_20_7,1,231101210,Contrast,NEH,2415,2415,True
Ta20_20_7,1,231101210,Contrast,NEH-TBKK2,2393,2393,True
Ta20_20_7,1,231101210,Contrast,KK2-style-NEH,2414,2414,True
Ta20_20_7,1,231101210,Contrast,FRB4-p1,2354,2354,True
Ta20_20_7,1,231101210,Contrast,INEH-inspired,2338,2338,True
Ta20_20_7,2,231102219,Elite-only,NEH,2386,2386,True
Ta20_20_7,2,231102219,Elite-only,NEH-TBKK2,2393,2393,True
Ta20_20_7,2,231102219,Elite-only,KK2-style-NEH,2414,2414,True
Ta20_20_7,2,231102219,Elite-only,FRB4-p1,2343,2343,True
Ta20_20_7,2,231102219,Elite-only,INEH-inspired,2338,2338,True
Ta20_20_7,2,231102219,Contrast,NEH,2415,2415,True
Ta20_20_7,2,231102219,Contrast,NEH-TBKK2,2393,2393,True
Ta20_20_7,2,231102219,Contrast,KK2-style-NEH,2414,2414,True
Ta20_20_7,2,231102219,Contrast,FRB4-p1,2354,2354,True
Ta20_20_7,2,231102219,Contrast,INEH-inspired,2338,2338,True
Ta20_20_7,3,231103228,Elite-only,NEH,2386,2386,True
Ta20_20_7,3,231103228,Elite-only,NEH-TBKK2,2393,2393,True
Ta20_20_7,3,231103228,Elite-only,KK2-style-NEH,2414,2414,True
Ta20_20_7,3,231103228,Elite-only,FRB4-p1,2354,2354,True
Ta20_20_7,3,231103228,Elite-only,INEH-inspired,2307,2307,True
Ta20_20_7,3,231103228,Contrast,NEH,2415,2415,True
Ta20_20_7,3,231103228,Contrast,NEH-TBKK2,2393,2393,True
Ta20_20_7,3,231103228,Contrast,KK2-style-NEH,2414,2414,True
Ta20_20_7,3,231103228,Contrast,FRB4-p1,2354,2354,True
Ta20_20_7,3,231103228,Contrast,INEH-inspired,2360,2360,True
Ta20_20_7,4,231104237,Elite-only,NEH,2386,2386,True
Ta20_20_7,4,231104237,Elite-only,NEH-TBKK2,2393,2393,True
Ta20_20_7,4,231104237,Elite-only,KK2-style-NEH,2414,2414,True
Ta20_20_7,4,231104237,Elite-only,FRB4-p1,2354,2354,True
Ta20_20_7,4,231104237,Elite-only,INEH-inspired,2338,2338,True
Ta20_20_7,4,231104237,Contrast,NEH,2415,2415,True
Ta20_20_7,4,231104237,Contrast,NEH-TBKK2,2393,2393,True
Ta20_20_7,4,231104237,Contrast,KK2-style-NEH,2414,2414,True
Ta20_20_7,4,231104237,Contrast,FRB4-p1,2355,2355,True
Ta20_20_7,4,231104237,Contrast,INEH-inspired,2360,2360,True
Ta20_20_7,5,231105246,Elite-only,NEH,2386,2386,True
Ta20_20_7,5,231105246,Elite-only,NEH-TBKK2,2393,2393,True
Ta20_20_7,5,231105246,Elite-only,KK2-style-NEH,2414,2414,True
Ta20_20_7,5,231105246,Elite-only,FRB4-p1,2354,2354,True
Ta20_20_7,5,231105246,Elite-only,INEH-inspired,2298,2298,True
Ta20_20_7,5,231105246,Contrast,NEH,2415,2415,True
Ta20_20_7,5,231105246,Contrast,NEH-TBKK2,2393,2393,True
Ta20_20_7,5,231105246,Contrast,KK2-style-NEH,2414,2414,True
Ta20_20_7,5,231105246,Contrast,FRB4-p1,2354,2354,True
Ta20_20_7,5,231105246,Contrast,INEH-inspired,2338,2338,True
Ta20_20_8,1,231201210,Elite-only,NEH,2249,2249,True
Ta20_20_8,1,231201210,Elite-only,NEH-TBKK2,2249,2249,True
Ta20_20_8,1,231201210,Elite-only,KK2-style-NEH,2322,2322,True
Ta20_20_8,1,231201210,Elite-only,FRB4-p1,2233,2233,True
Ta20_20_8,1,231201210,Elite-only,INEH-inspired,2247,2247,True
Ta20_20_8,1,231201210,Contrast,NEH,2249,2249,True
Ta20_20_8,1,231201210,Contrast,NEH-TBKK2,2249,2249,True
Ta20_20_8,1,231201210,Contrast,KK2-style-NEH,2322,2322,True
Ta20_20_8,1,231201210,Contrast,FRB4-p1,2241,2241,True
Ta20_20_8,1,231201210,Contrast,INEH-inspired,2250,2250,True
Ta20_20_8,2,231202219,Elite-only,NEH,2249,2249,True
Ta20_20_8,2,231202219,Elite-only,NEH-TBKK2,2249,2249,True
Ta20_20_8,2,231202219,Elite-only,KK2-style-NEH,2322,2322,True
Ta20_20_8,2,231202219,Elite-only,FRB4-p1,2233,2233,True
Ta20_20_8,2,231202219,Elite-only,INEH-inspired,2257,2257,True
Ta20_20_8,2,231202219,Contrast,NEH,2249,2249,True
Ta20_20_8,2,231202219,Contrast,NEH-TBKK2,2249,2249,True
Ta20_20_8,2,231202219,Contrast,KK2-style-NEH,2322,2322,True
Ta20_20_8,2,231202219,Contrast,FRB4-p1,2241,2241,True
Ta20_20_8,2,231202219,Contrast,INEH-inspired,2250,2250,True
Ta20_20_8,3,231203228,Elite-only,NEH,2249,2249,True
Ta20_20_8,3,231203228,Elite-only,NEH-TBKK2,2249,2249,True
Ta20_20_8,3,231203228,Elite-only,KK2-style-NEH,2322,2322,True
Ta20_20_8,3,231203228,Elite-only,FRB4-p1,2235,2235,True
Ta20_20_8,3,231203228,Elite-only,INEH-inspired,2234,2234,True
Ta20_20_8,3,231203228,Contrast,NEH,2249,2249,True
Ta20_20_8,3,231203228,Contrast,NEH-TBKK2,2249,2249,True
Ta20_20_8,3,231203228,Contrast,KK2-style-NEH,2322,2322,True
Ta20_20_8,3,231203228,Contrast,FRB4-p1,2235,2235,True
Ta20_20_8,3,231203228,Contrast,INEH-inspired,2255,2255,True
Ta20_20_8,4,231204237,Elite-only,NEH,2249,2249,True
Ta20_20_8,4,231204237,Elite-only,NEH-TBKK2,2249,2249,True
Ta20_20_8,4,231204237,Elite-only,KK2-style-NEH,2322,2322,True
Ta20_20_8,4,231204237,Elite-only,FRB4-p1,2241,2241,True
Ta20_20_8,4,231204237,Elite-only,INEH-inspired,2234,2234,True
Ta20_20_8,4,231204237,Contrast,NEH,2249,2249,True
Ta20_20_8,4,231204237,Contrast,NEH-TBKK2,2249,2249,True
Ta20_20_8,4,231204237,Contrast,KK2-style-NEH,2322,2322,True
Ta20_20_8,4,231204237,Contrast,FRB4-p1,2241,2241,True
Ta20_20_8,4,231204237,Contrast,INEH-inspired,2255,2255,True
Ta20_20_8,5,231205246,Elite-only,NEH,2249,2249,True
Ta20_20_8,5,231205246,Elite-only,NEH-TBKK2,2249,2249,True
Ta20_20_8,5,231205246,Elite-only,KK2-style-NEH,2322,2322,True
Ta20_20_8,5,231205246,Elite-only,FRB4-p1,2233,2233,True
Ta20_20_8,5,231205246,Elite-only,INEH-inspired,2236,2236,True
Ta20_20_8,5,231205246,Contrast,NEH,2249,2249,True
Ta20_20_8,5,231205246,Contrast,NEH-TBKK2,2249,2249,True
Ta20_20_8,5,231205246,Contrast,KK2-style-NEH,2322,2322,True
Ta20_20_8,5,231205246,Contrast,FRB4-p1,2241,2241,True
Ta20_20_8,5,231205246,Contrast,INEH-inspired,2249,2249,True
Ta20_20_9,1,231301210,Elite-only,NEH,2320,2320,True
Ta20_20_9,1,231301210,Elite-only,NEH-TBKK2,2306,2306,True
Ta20_20_9,1,231301210,Elite-only,KK2-style-NEH,2364,2364,True
Ta20_20_9,1,231301210,Elite-only,FRB4-p1,2291,2291,True
Ta20_20_9,1,231301210,Elite-only,INEH-inspired,2263,2263,True
Ta20_20_9,1,231301210,Contrast,NEH,2320,2320,True
Ta20_20_9,1,231301210,Contrast,NEH-TBKK2,2306,2306,True
Ta20_20_9,1,231301210,Contrast,KK2-style-NEH,2364,2364,True
Ta20_20_9,1,231301210,Contrast,FRB4-p1,2291,2291,True
Ta20_20_9,1,231301210,Contrast,INEH-inspired,2276,2276,True
Ta20_20_9,2,231302219,Elite-only,NEH,2320,2320,True
Ta20_20_9,2,231302219,Elite-only,NEH-TBKK2,2306,2306,True
Ta20_20_9,2,231302219,Elite-only,KK2-style-NEH,2364,2364,True
Ta20_20_9,2,231302219,Elite-only,FRB4-p1,2291,2291,True
Ta20_20_9,2,231302219,Elite-only,INEH-inspired,2263,2263,True
Ta20_20_9,2,231302219,Contrast,NEH,2320,2320,True
Ta20_20_9,2,231302219,Contrast,NEH-TBKK2,2306,2306,True
Ta20_20_9,2,231302219,Contrast,KK2-style-NEH,2364,2364,True
Ta20_20_9,2,231302219,Contrast,FRB4-p1,2291,2291,True
Ta20_20_9,2,231302219,Contrast,INEH-inspired,2276,2276,True
Ta20_20_9,3,231303228,Elite-only,NEH,2320,2320,True
Ta20_20_9,3,231303228,Elite-only,NEH-TBKK2,2306,2306,True
Ta20_20_9,3,231303228,Elite-only,KK2-style-NEH,2364,2364,True
Ta20_20_9,3,231303228,Elite-only,FRB4-p1,2291,2291,True
Ta20_20_9,3,231303228,Elite-only,INEH-inspired,2260,2260,True
Ta20_20_9,3,231303228,Contrast,NEH,2313,2313,True
Ta20_20_9,3,231303228,Contrast,NEH-TBKK2,2306,2306,True
Ta20_20_9,3,231303228,Contrast,KK2-style-NEH,2364,2364,True
Ta20_20_9,3,231303228,Contrast,FRB4-p1,2291,2291,True
Ta20_20_9,3,231303228,Contrast,INEH-inspired,2276,2276,True
Ta20_20_9,4,231304237,Elite-only,NEH,2320,2320,True
Ta20_20_9,4,231304237,Elite-only,NEH-TBKK2,2306,2306,True
Ta20_20_9,4,231304237,Elite-only,KK2-style-NEH,2364,2364,True
Ta20_20_9,4,231304237,Elite-only,FRB4-p1,2291,2291,True
Ta20_20_9,4,231304237,Elite-only,INEH-inspired,2259,2259,True
Ta20_20_9,4,231304237,Contrast,NEH,2320,2320,True
Ta20_20_9,4,231304237,Contrast,NEH-TBKK2,2306,2306,True
Ta20_20_9,4,231304237,Contrast,KK2-style-NEH,2364,2364,True
Ta20_20_9,4,231304237,Contrast,FRB4-p1,2291,2291,True
Ta20_20_9,4,231304237,Contrast,INEH-inspired,2276,2276,True
Ta20_20_9,5,231305246,Elite-only,NEH,2320,2320,True
Ta20_20_9,5,231305246,Elite-only,NEH-TBKK2,2306,2306,True
Ta20_20_9,5,231305246,Elite-only,KK2-style-NEH,2364,2364,True
Ta20_20_9,5,231305246,Elite-only,FRB4-p1,2267,2267,True
Ta20_20_9,5,231305246,Elite-only,INEH-inspired,2259,2259,True
Ta20_20_9,5,231305246,Contrast,NEH,2320,2320,True
Ta20_20_9,5,231305246,Contrast,NEH-TBKK2,2306,2306,True
Ta20_20_9,5,231305246,Contrast,KK2-style-NEH,2364,2364,True
Ta20_20_9,5,231305246,Contrast,FRB4-p1,2291,2291,True
Ta20_20_9,5,231305246,Contrast,INEH-inspired,2276,2276,True
Ta20_20_10,1,231401210,Elite-only,NEH,2257,2257,True
Ta20_20_10,1,231401210,Elite-only,NEH-TBKK2,2257,2257,True
Ta20_20_10,1,231401210,Elite-only,KK2-style-NEH,2342,2342,True
Ta20_20_10,1,231401210,Elite-only,FRB4-p1,2243,2243,True
Ta20_20_10,1,231401210,Elite-only,INEH-inspired,2259,2259,True
Ta20_20_10,1,231401210,Contrast,NEH,2257,2257,True
Ta20_20_10,1,231401210,Contrast,NEH-TBKK2,2257,2257,True
Ta20_20_10,1,231401210,Contrast,KK2-style-NEH,2342,2342,True
Ta20_20_10,1,231401210,Contrast,FRB4-p1,2250,2250,True
Ta20_20_10,1,231401210,Contrast,INEH-inspired,2259,2259,True
Ta20_20_10,2,231402219,Elite-only,NEH,2257,2257,True
Ta20_20_10,2,231402219,Elite-only,NEH-TBKK2,2257,2257,True
Ta20_20_10,2,231402219,Elite-only,KK2-style-NEH,2342,2342,True
Ta20_20_10,2,231402219,Elite-only,FRB4-p1,2243,2243,True
Ta20_20_10,2,231402219,Elite-only,INEH-inspired,2259,2259,True
Ta20_20_10,2,231402219,Contrast,NEH,2257,2257,True
Ta20_20_10,2,231402219,Contrast,NEH-TBKK2,2257,2257,True
Ta20_20_10,2,231402219,Contrast,KK2-style-NEH,2342,2342,True
Ta20_20_10,2,231402219,Contrast,FRB4-p1,2250,2250,True
Ta20_20_10,2,231402219,Contrast,INEH-inspired,2259,2259,True
Ta20_20_10,3,231403228,Elite-only,NEH,2257,2257,True
Ta20_20_10,3,231403228,Elite-only,NEH-TBKK2,2257,2257,True
Ta20_20_10,3,231403228,Elite-only,KK2-style-NEH,2342,2342,True
Ta20_20_10,3,231403228,Elite-only,FRB4-p1,2243,2243,True
Ta20_20_10,3,231403228,Elite-only,INEH-inspired,2259,2259,True
Ta20_20_10,3,231403228,Contrast,NEH,2257,2257,True
Ta20_20_10,3,231403228,Contrast,NEH-TBKK2,2257,2257,True
Ta20_20_10,3,231403228,Contrast,KK2-style-NEH,2342,2342,True
Ta20_20_10,3,231403228,Contrast,FRB4-p1,2250,2250,True
Ta20_20_10,3,231403228,Contrast,INEH-inspired,2259,2259,True
Ta20_20_10,4,231404237,Elite-only,NEH,2257,2257,True
Ta20_20_10,4,231404237,Elite-only,NEH-TBKK2,2257,2257,True
Ta20_20_10,4,231404237,Elite-only,KK2-style-NEH,2342,2342,True
Ta20_20_10,4,231404237,Elite-only,FRB4-p1,2250,2250,True
Ta20_20_10,4,231404237,Elite-only,INEH-inspired,2259,2259,True
Ta20_20_10,4,231404237,Contrast,NEH,2257,2257,True
Ta20_20_10,4,231404237,Contrast,NEH-TBKK2,2257,2257,True
Ta20_20_10,4,231404237,Contrast,KK2-style-NEH,2342,2342,True
Ta20_20_10,4,231404237,Contrast,FRB4-p1,2250,2250,True
Ta20_20_10,4,231404237,Contrast,INEH-inspired,2259,2259,True
Ta20_20_10,5,231405246,Elite-only,NEH,2257,2257,True
Ta20_20_10,5,231405246,Elite-only,NEH-TBKK2,2257,2257,True
Ta20_20_10,5,231405246,Elite-only,KK2-style-NEH,2342,2342,True
Ta20_20_10,5,231405246,Elite-only,FRB4-p1,2243,2243,True
Ta20_20_10,5,231405246,Elite-only,INEH-inspired,2259,2259,True
Ta20_20_10,5,231405246,Contrast,NEH,2257,2257,True
Ta20_20_10,5,231405246,Contrast,NEH-TBKK2,2257,2257,True
Ta20_20_10,5,231405246,Contrast,KK2-style-NEH,2342,2342,True
Ta20_20_10,5,231405246,Contrast,FRB4-p1,2250,2250,True
Ta20_20_10,5,231405246,Contrast,INEH-inspired,2259,2259,True
Ta50_5_1,1,505001210,Elite-only,NEH,2731,2731,True
Ta50_5_1,1,505001210,Elite-only,NEH-TBKK2,2733,2733,True
Ta50_5_1,1,505001210,Elite-only,KK2-style-NEH,2737,2737,True
Ta50_5_1,1,505001210,Elite-only,FRB4-p1,2735,2735,True
Ta50_5_1,1,505001210,Elite-only,INEH-inspired,2724,2724,True
Ta50_5_1,1,505001210,Contrast,NEH,2733,2733,True
Ta50_5_1,1,505001210,Contrast,NEH-TBKK2,2729,2729,True
Ta50_5_1,1,505001210,Contrast,KK2-style-NEH,2737,2737,True
Ta50_5_1,1,505001210,Contrast,FRB4-p1,2749,2749,True
Ta50_5_1,1,505001210,Contrast,INEH-inspired,2730,2730,True
Ta50_5_1,2,505002219,Elite-only,NEH,2731,2731,True
Ta50_5_1,2,505002219,Elite-only,NEH-TBKK2,2733,2733,True
Ta50_5_1,2,505002219,Elite-only,KK2-style-NEH,2748,2748,True
Ta50_5_1,2,505002219,Elite-only,FRB4-p1,2729,2729,True
Ta50_5_1,2,505002219,Elite-only,INEH-inspired,2724,2724,True
Ta50_5_1,2,505002219,Contrast,NEH,2733,2733,True
Ta50_5_1,2,505002219,Contrast,NEH-TBKK2,2729,2729,True
Ta50_5_1,2,505002219,Contrast,KK2-style-NEH,2737,2737,True
Ta50_5_1,2,505002219,Contrast,FRB4-p1,2745,2745,True
Ta50_5_1,2,505002219,Contrast,INEH-inspired,2730,2730,True
Ta50_5_1,3,505003228,Elite-only,NEH,2733,2733,True
Ta50_5_1,3,505003228,Elite-only,NEH-TBKK2,2733,2733,True
Ta50_5_1,3,505003228,Elite-only,KK2-style-NEH,2737,2737,True
Ta50_5_1,3,505003228,Elite-only,FRB4-p1,2729,2729,True
Ta50_5_1,3,505003228,Elite-only,INEH-inspired,2724,2724,True
Ta50_5_1,3,505003228,Contrast,NEH,2733,2733,True
Ta50_5_1,3,505003228,Contrast,NEH-TBKK2,2732,2732,True
Ta50_5_1,3,505003228,Contrast,KK2-style-NEH,2737,2737,True
Ta50_5_1,3,505003228,Contrast,FRB4-p1,2745,2745,True
Ta50_5_1,3,505003228,Contrast,INEH-inspired,2730,2730,True
Ta50_5_1,4,505004237,Elite-only,NEH,2733,2733,True
Ta50_5_1,4,505004237,Elite-only,NEH-TBKK2,2733,2733,True
Ta50_5_1,4,505004237,Elite-only,KK2-style-NEH,2737,2737,True
Ta50_5_1,4,505004237,Elite-only,FRB4-p1,2729,2729,True
Ta50_5_1,4,505004237,Elite-only,INEH-inspired,2736,2736,True
Ta50_5_1,4,505004237,Contrast,NEH,2733,2733,True
Ta50_5_1,4,505004237,Contrast,NEH-TBKK2,2729,2729,True
Ta50_5_1,4,505004237,Contrast,KK2-style-NEH,2737,2737,True
Ta50_5_1,4,505004237,Contrast,FRB4-p1,2745,2745,True
Ta50_5_1,4,505004237,Contrast,INEH-inspired,2730,2730,True
Ta50_5_1,5,505005246,Elite-only,NEH,2733,2733,True
Ta50_5_1,5,505005246,Elite-only,NEH-TBKK2,2729,2729,True
Ta50_5_1,5,505005246,Elite-only,KK2-style-NEH,2737,2737,True
Ta50_5_1,5,505005246,Elite-only,FRB4-p1,2729,2729,True
Ta50_5_1,5,505005246,Elite-only,INEH-inspired,2724,2724,True
Ta50_5_1,5,505005246,Contrast,NEH,2733,2733,True
Ta50_5_1,5,505005246,Contrast,NEH-TBKK2,2729,2729,True
Ta50_5_1,5,505005246,Contrast,KK2-style-NEH,2737,2737,True
Ta50_5_1,5,505005246,Contrast,FRB4-p1,2745,2745,True
Ta50_5_1,5,505005246,Contrast,INEH-inspired,2730,2730,True
Ta50_5_2,1,505101210,Elite-only,NEH,2843,2843,True
Ta50_5_2,1,505101210,Elite-only,NEH-TBKK2,2843,2843,True
Ta50_5_2,1,505101210,Elite-only,KK2-style-NEH,2882,2882,True
Ta50_5_2,1,505101210,Elite-only,FRB4-p1,2838,2838,True
Ta50_5_2,1,505101210,Elite-only,INEH-inspired,2882,2882,True
Ta50_5_2,1,505101210,Contrast,NEH,2843,2843,True
Ta50_5_2,1,505101210,Contrast,NEH-TBKK2,2843,2843,True
Ta50_5_2,1,505101210,Contrast,KK2-style-NEH,2931,2931,True
Ta50_5_2,1,505101210,Contrast,FRB4-p1,2838,2838,True
Ta50_5_2,1,505101210,Contrast,INEH-inspired,2882,2882,True
Ta50_5_2,2,505102219,Elite-only,NEH,2843,2843,True
Ta50_5_2,2,505102219,Elite-only,NEH-TBKK2,2843,2843,True
Ta50_5_2,2,505102219,Elite-only,KK2-style-NEH,2910,2910,True
Ta50_5_2,2,505102219,Elite-only,FRB4-p1,2838,2838,True
Ta50_5_2,2,505102219,Elite-only,INEH-inspired,2882,2882,True
Ta50_5_2,2,505102219,Contrast,NEH,2843,2843,True
Ta50_5_2,2,505102219,Contrast,NEH-TBKK2,2839,2839,True
Ta50_5_2,2,505102219,Contrast,KK2-style-NEH,2882,2882,True
Ta50_5_2,2,505102219,Contrast,FRB4-p1,2838,2838,True
Ta50_5_2,2,505102219,Contrast,INEH-inspired,2882,2882,True
Ta50_5_2,3,505103228,Elite-only,NEH,2843,2843,True
Ta50_5_2,3,505103228,Elite-only,NEH-TBKK2,2839,2839,True
Ta50_5_2,3,505103228,Elite-only,KK2-style-NEH,2882,2882,True
Ta50_5_2,3,505103228,Elite-only,FRB4-p1,2838,2838,True
Ta50_5_2,3,505103228,Elite-only,INEH-inspired,2882,2882,True
Ta50_5_2,3,505103228,Contrast,NEH,2843,2843,True
Ta50_5_2,3,505103228,Contrast,NEH-TBKK2,2839,2839,True
Ta50_5_2,3,505103228,Contrast,KK2-style-NEH,2902,2902,True
Ta50_5_2,3,505103228,Contrast,FRB4-p1,2838,2838,True
Ta50_5_2,3,505103228,Contrast,INEH-inspired,2882,2882,True
Ta50_5_2,4,505104237,Elite-only,NEH,2843,2843,True
Ta50_5_2,4,505104237,Elite-only,NEH-TBKK2,2843,2843,True
Ta50_5_2,4,505104237,Elite-only,KK2-style-NEH,2905,2905,True
Ta50_5_2,4,505104237,Elite-only,FRB4-p1,2838,2838,True
Ta50_5_2,4,505104237,Elite-only,INEH-inspired,2882,2882,True
Ta50_5_2,4,505104237,Contrast,NEH,2843,2843,True
Ta50_5_2,4,505104237,Contrast,NEH-TBKK2,2843,2843,True
Ta50_5_2,4,505104237,Contrast,KK2-style-NEH,2883,2883,True
Ta50_5_2,4,505104237,Contrast,FRB4-p1,2838,2838,True
Ta50_5_2,4,505104237,Contrast,INEH-inspired,2882,2882,True
Ta50_5_2,5,505105246,Elite-only,NEH,2843,2843,True
Ta50_5_2,5,505105246,Elite-only,NEH-TBKK2,2839,2839,True
Ta50_5_2,5,505105246,Elite-only,KK2-style-NEH,2892,2892,True
Ta50_5_2,5,505105246,Elite-only,FRB4-p1,2838,2838,True
Ta50_5_2,5,505105246,Elite-only,INEH-inspired,2882,2882,True
Ta50_5_2,5,505105246,Contrast,NEH,2843,2843,True
Ta50_5_2,5,505105246,Contrast,NEH-TBKK2,2843,2843,True
Ta50_5_2,5,505105246,Contrast,KK2-style-NEH,2882,2882,True
Ta50_5_2,5,505105246,Contrast,FRB4-p1,2838,2838,True
Ta50_5_2,5,505105246,Contrast,INEH-inspired,2882,2882,True
Ta50_5_3,1,505201210,Elite-only,NEH,2647,2647,True
Ta50_5_3,1,505201210,Elite-only,NEH-TBKK2,2630,2630,True
Ta50_5_3,1,505201210,Elite-only,KK2-style-NEH,2736,2736,True
Ta50_5_3,1,505201210,Elite-only,FRB4-p1,2625,2625,True
Ta50_5_3,1,505201210,Elite-only,INEH-inspired,2653,2653,True
Ta50_5_3,1,505201210,Contrast,NEH,2647,2647,True
Ta50_5_3,1,505201210,Contrast,NEH-TBKK2,2625,2625,True
Ta50_5_3,1,505201210,Contrast,KK2-style-NEH,2719,2719,True
Ta50_5_3,1,505201210,Contrast,FRB4-p1,2648,2648,True
Ta50_5_3,1,505201210,Contrast,INEH-inspired,2646,2646,True
Ta50_5_3,2,505202219,Elite-only,NEH,2632,2632,True
Ta50_5_3,2,505202219,Elite-only,NEH-TBKK2,2630,2630,True
Ta50_5_3,2,505202219,Elite-only,KK2-style-NEH,2736,2736,True
Ta50_5_3,2,505202219,Elite-only,FRB4-p1,2625,2625,True
Ta50_5_3,2,505202219,Elite-only,INEH-inspired,2644,2644,True
Ta50_5_3,2,505202219,Contrast,NEH,2647,2647,True
Ta50_5_3,2,505202219,Contrast,NEH-TBKK2,2636,2636,True
Ta50_5_3,2,505202219,Contrast,KK2-style-NEH,2713,2713,True
Ta50_5_3,2,505202219,Contrast,FRB4-p1,2646,2646,True
Ta50_5_3,2,505202219,Contrast,INEH-inspired,2655,2655,True
Ta50_5_3,3,505203228,Elite-only,NEH,2647,2647,True
Ta50_5_3,3,505203228,Elite-only,NEH-TBKK2,2630,2630,True
Ta50_5_3,3,505203228,Elite-only,KK2-style-NEH,2736,2736,True
Ta50_5_3,3,505203228,Elite-only,FRB4-p1,2625,2625,True
Ta50_5_3,3,505203228,Elite-only,INEH-inspired,2644,2644,True
Ta50_5_3,3,505203228,Contrast,NEH,2647,2647,True
Ta50_5_3,3,505203228,Contrast,NEH-TBKK2,2625,2625,True
Ta50_5_3,3,505203228,Contrast,KK2-style-NEH,2713,2713,True
Ta50_5_3,3,505203228,Contrast,FRB4-p1,2625,2625,True
Ta50_5_3,3,505203228,Contrast,INEH-inspired,2655,2655,True
Ta50_5_3,4,505204237,Elite-only,NEH,2647,2647,True
Ta50_5_3,4,505204237,Elite-only,NEH-TBKK2,2625,2625,True
Ta50_5_3,4,505204237,Elite-only,KK2-style-NEH,2721,2721,True
Ta50_5_3,4,505204237,Elite-only,FRB4-p1,2647,2647,True
Ta50_5_3,4,505204237,Elite-only,INEH-inspired,2639,2639,True
Ta50_5_3,4,505204237,Contrast,NEH,2647,2647,True
Ta50_5_3,4,505204237,Contrast,NEH-TBKK2,2625,2625,True
Ta50_5_3,4,505204237,Contrast,KK2-style-NEH,2713,2713,True
Ta50_5_3,4,505204237,Contrast,FRB4-p1,2625,2625,True
Ta50_5_3,4,505204237,Contrast,INEH-inspired,2673,2673,True
Ta50_5_3,5,505205246,Elite-only,NEH,2632,2632,True
Ta50_5_3,5,505205246,Elite-only,NEH-TBKK2,2629,2629,True
Ta50_5_3,5,505205246,Elite-only,KK2-style-NEH,2721,2721,True
Ta50_5_3,5,505205246,Elite-only,FRB4-p1,2647,2647,True
Ta50_5_3,5,505205246,Elite-only,INEH-inspired,2648,2648,True
Ta50_5_3,5,505205246,Contrast,NEH,2647,2647,True
Ta50_5_3,5,505205246,Contrast,NEH-TBKK2,2625,2625,True
Ta50_5_3,5,505205246,Contrast,KK2-style-NEH,2719,2719,True
Ta50_5_3,5,505205246,Contrast,FRB4-p1,2625,2625,True
Ta50_5_3,5,505205246,Contrast,INEH-inspired,2646,2646,True
Ta50_5_4,1,505301210,Elite-only,NEH,2785,2785,True
Ta50_5_4,1,505301210,Elite-only,NEH-TBKK2,2782,2782,True
Ta50_5_4,1,505301210,Elite-only,KK2-style-NEH,2841,2841,True
Ta50_5_4,1,505301210,Elite-only,FRB4-p1,2768,2768,True
Ta50_5_4,1,505301210,Elite-only,INEH-inspired,2769,2769,True
Ta50_5_4,1,505301210,Contrast,NEH,2785,2785,True
Ta50_5_4,1,505301210,Contrast,NEH-TBKK2,2782,2782,True
Ta50_5_4,1,505301210,Contrast,KK2-style-NEH,2874,2874,True
Ta50_5_4,1,505301210,Contrast,FRB4-p1,2782,2782,True
Ta50_5_4,1,505301210,Contrast,INEH-inspired,2782,2782,True
Ta50_5_4,2,505302219,Elite-only,NEH,2785,2785,True
Ta50_5_4,2,505302219,Elite-only,NEH-TBKK2,2782,2782,True
Ta50_5_4,2,505302219,Elite-only,KK2-style-NEH,2841,2841,True
Ta50_5_4,2,505302219,Elite-only,FRB4-p1,2782,2782,True
Ta50_5_4,2,505302219,Elite-only,INEH-inspired,2770,2770,True
Ta50_5_4,2,505302219,Contrast,NEH,2785,2785,True
Ta50_5_4,2,505302219,Contrast,NEH-TBKK2,2782,2782,True
Ta50_5_4,2,505302219,Contrast,KK2-style-NEH,2902,2902,True
Ta50_5_4,2,505302219,Contrast,FRB4-p1,2782,2782,True
Ta50_5_4,2,505302219,Contrast,INEH-inspired,2782,2782,True
Ta50_5_4,3,505303228,Elite-only,NEH,2785,2785,True
Ta50_5_4,3,505303228,Elite-only,NEH-TBKK2,2782,2782,True
Ta50_5_4,3,505303228,Elite-only,KK2-style-NEH,2841,2841,True
Ta50_5_4,3,505303228,Elite-only,FRB4-p1,2782,2782,True
Ta50_5_4,3,505303228,Elite-only,INEH-inspired,2770,2770,True
Ta50_5_4,3,505303228,Contrast,NEH,2785,2785,True
Ta50_5_4,3,505303228,Contrast,NEH-TBKK2,2782,2782,True
Ta50_5_4,3,505303228,Contrast,KK2-style-NEH,2902,2902,True
Ta50_5_4,3,505303228,Contrast,FRB4-p1,2777,2777,True
Ta50_5_4,3,505303228,Contrast,INEH-inspired,2782,2782,True
Ta50_5_4,4,505304237,Elite-only,NEH,2791,2791,True
Ta50_5_4,4,505304237,Elite-only,NEH-TBKK2,2782,2782,True
Ta50_5_4,4,505304237,Elite-only,KK2-style-NEH,2841,2841,True
Ta50_5_4,4,505304237,Elite-only,FRB4-p1,2782,2782,True
Ta50_5_4,4,505304237,Elite-only,INEH-inspired,2762,2762,True
Ta50_5_4,4,505304237,Contrast,NEH,2785,2785,True
Ta50_5_4,4,505304237,Contrast,NEH-TBKK2,2782,2782,True
Ta50_5_4,4,505304237,Contrast,KK2-style-NEH,2874,2874,True
Ta50_5_4,4,505304237,Contrast,FRB4-p1,2787,2787,True
Ta50_5_4,4,505304237,Contrast,INEH-inspired,2783,2783,True
Ta50_5_4,5,505305246,Elite-only,NEH,2785,2785,True
Ta50_5_4,5,505305246,Elite-only,NEH-TBKK2,2782,2782,True
Ta50_5_4,5,505305246,Elite-only,KK2-style-NEH,2847,2847,True
Ta50_5_4,5,505305246,Elite-only,FRB4-p1,2777,2777,True
Ta50_5_4,5,505305246,Elite-only,INEH-inspired,2770,2770,True
Ta50_5_4,5,505305246,Contrast,NEH,2785,2785,True
Ta50_5_4,5,505305246,Contrast,NEH-TBKK2,2782,2782,True
Ta50_5_4,5,505305246,Contrast,KK2-style-NEH,2855,2855,True
Ta50_5_4,5,505305246,Contrast,FRB4-p1,2776,2776,True
Ta50_5_4,5,505305246,Contrast,INEH-inspired,2782,2782,True
Ta50_5_5,1,505401210,Elite-only,NEH,2899,2899,True
Ta50_5_5,1,505401210,Elite-only,NEH-TBKK2,2899,2899,True
Ta50_5_5,1,505401210,Elite-only,KK2-style-NEH,2900,2900,True
Ta50_5_5,1,505401210,Elite-only,FRB4-p1,2864,2864,True
Ta50_5_5,1,505401210,Elite-only,INEH-inspired,2864,2864,True
Ta50_5_5,1,505401210,Contrast,NEH,2899,2899,True
Ta50_5_5,1,505401210,Contrast,NEH-TBKK2,2899,2899,True
Ta50_5_5,1,505401210,Contrast,KK2-style-NEH,2873,2873,True
Ta50_5_5,1,505401210,Contrast,FRB4-p1,2868,2868,True
Ta50_5_5,1,505401210,Contrast,INEH-inspired,2864,2864,True
Ta50_5_5,2,505402219,Elite-only,NEH,2899,2899,True
Ta50_5_5,2,505402219,Elite-only,NEH-TBKK2,2899,2899,True
Ta50_5_5,2,505402219,Elite-only,KK2-style-NEH,2900,2900,True
Ta50_5_5,2,505402219,Elite-only,FRB4-p1,2868,2868,True
Ta50_5_5,2,505402219,Elite-only,INEH-inspired,2864,2864,True
Ta50_5_5,2,505402219,Contrast,NEH,2899,2899,True
Ta50_5_5,2,505402219,Contrast,NEH-TBKK2,2899,2899,True
Ta50_5_5,2,505402219,Contrast,KK2-style-NEH,2903,2903,True
Ta50_5_5,2,505402219,Contrast,FRB4-p1,2866,2866,True
Ta50_5_5,2,505402219,Contrast,INEH-inspired,2863,2863,True
Ta50_5_5,3,505403228,Elite-only,NEH,2899,2899,True
Ta50_5_5,3,505403228,Elite-only,NEH-TBKK2,2899,2899,True
Ta50_5_5,3,505403228,Elite-only,KK2-style-NEH,2900,2900,True
Ta50_5_5,3,505403228,Elite-only,FRB4-p1,2864,2864,True
Ta50_5_5,3,505403228,Elite-only,INEH-inspired,2864,2864,True
Ta50_5_5,3,505403228,Contrast,NEH,2899,2899,True
Ta50_5_5,3,505403228,Contrast,NEH-TBKK2,2899,2899,True
Ta50_5_5,3,505403228,Contrast,KK2-style-NEH,2873,2873,True
Ta50_5_5,3,505403228,Contrast,FRB4-p1,2868,2868,True
Ta50_5_5,3,505403228,Contrast,INEH-inspired,2864,2864,True
Ta50_5_5,4,505404237,Elite-only,NEH,2899,2899,True
Ta50_5_5,4,505404237,Elite-only,NEH-TBKK2,2899,2899,True
Ta50_5_5,4,505404237,Elite-only,KK2-style-NEH,2900,2900,True
Ta50_5_5,4,505404237,Elite-only,FRB4-p1,2864,2864,True
Ta50_5_5,4,505404237,Elite-only,INEH-inspired,2864,2864,True
Ta50_5_5,4,505404237,Contrast,NEH,2899,2899,True
Ta50_5_5,4,505404237,Contrast,NEH-TBKK2,2899,2899,True
Ta50_5_5,4,505404237,Contrast,KK2-style-NEH,2918,2918,True
Ta50_5_5,4,505404237,Contrast,FRB4-p1,2868,2868,True
Ta50_5_5,4,505404237,Contrast,INEH-inspired,2864,2864,True
Ta50_5_5,5,505405246,Elite-only,NEH,2899,2899,True
Ta50_5_5,5,505405246,Elite-only,NEH-TBKK2,2899,2899,True
Ta50_5_5,5,505405246,Elite-only,KK2-style-NEH,2873,2873,True
Ta50_5_5,5,505405246,Elite-only,FRB4-p1,2864,2864,True
Ta50_5_5,5,505405246,Elite-only,INEH-inspired,2863,2863,True
Ta50_5_5,5,505405246,Contrast,NEH,2899,2899,True
Ta50_5_5,5,505405246,Contrast,NEH-TBKK2,2899,2899,True
Ta50_5_5,5,505405246,Contrast,KK2-style-NEH,2891,2891,True
Ta50_5_5,5,505405246,Contrast,FRB4-p1,2864,2864,True
Ta50_5_5,5,505405246,Contrast,INEH-inspired,2864,2864,True
Ta50_5_6,1,505501210,Elite-only,NEH,2840,2840,True
Ta50_5_6,1,505501210,Elite-only,NEH-TBKK2,2836,2836,True
Ta50_5_6,1,505501210,Elite-only,KK2-style-NEH,2885,2885,True
Ta50_5_6,1,505501210,Elite-only,FRB4-p1,2843,2843,True
Ta50_5_6,1,505501210,Elite-only,INEH-inspired,2870,2870,True
Ta50_5_6,1,505501210,Contrast,NEH,2842,2842,True
Ta50_5_6,1,505501210,Contrast,NEH-TBKK2,2841,2841,True
Ta50_5_6,1,505501210,Contrast,KK2-style-NEH,2892,2892,True
Ta50_5_6,1,505501210,Contrast,FRB4-p1,2835,2835,True
Ta50_5_6,1,505501210,Contrast,INEH-inspired,2852,2852,True
Ta50_5_6,2,505502219,Elite-only,NEH,2840,2840,True
Ta50_5_6,2,505502219,Elite-only,NEH-TBKK2,2836,2836,True
Ta50_5_6,2,505502219,Elite-only,KK2-style-NEH,2876,2876,True
Ta50_5_6,2,505502219,Elite-only,FRB4-p1,2835,2835,True
Ta50_5_6,2,505502219,Elite-only,INEH-inspired,2849,2849,True
Ta50_5_6,2,505502219,Contrast,NEH,2842,2842,True
Ta50_5_6,2,505502219,Contrast,NEH-TBKK2,2841,2841,True
Ta50_5_6,2,505502219,Contrast,KK2-style-NEH,2883,2883,True
Ta50_5_6,2,505502219,Contrast,FRB4-p1,2835,2835,True
Ta50_5_6,2,505502219,Contrast,INEH-inspired,2855,2855,True
Ta50_5_6,3,505503228,Elite-only,NEH,2840,2840,True
Ta50_5_6,3,505503228,Elite-only,NEH-TBKK2,2836,2836,True
Ta50_5_6,3,505503228,Elite-only,KK2-style-NEH,2888,2888,True
Ta50_5_6,3,505503228,Elite-only,FRB4-p1,2843,2843,True
Ta50_5_6,3,505503228,Elite-only,INEH-inspired,2840,2840,True
Ta50_5_6,3,505503228,Contrast,NEH,2841,2841,True
Ta50_5_6,3,505503228,Contrast,NEH-TBKK2,2841,2841,True
Ta50_5_6,3,505503228,Contrast,KK2-style-NEH,2886,2886,True
Ta50_5_6,3,505503228,Contrast,FRB4-p1,2835,2835,True
Ta50_5_6,3,505503228,Contrast,INEH-inspired,2855,2855,True
Ta50_5_6,4,505504237,Elite-only,NEH,2840,2840,True
Ta50_5_6,4,505504237,Elite-only,NEH-TBKK2,2836,2836,True
Ta50_5_6,4,505504237,Elite-only,KK2-style-NEH,2894,2894,True
Ta50_5_6,4,505504237,Elite-only,FRB4-p1,2843,2843,True
Ta50_5_6,4,505504237,Elite-only,INEH-inspired,2846,2846,True
Ta50_5_6,4,505504237,Contrast,NEH,2842,2842,True
Ta50_5_6,4,505504237,Contrast,NEH-TBKK2,2841,2841,True
Ta50_5_6,4,505504237,Contrast,KK2-style-NEH,2893,2893,True
Ta50_5_6,4,505504237,Contrast,FRB4-p1,2835,2835,True
Ta50_5_6,4,505504237,Contrast,INEH-inspired,2861,2861,True
Ta50_5_6,5,505505246,Elite-only,NEH,2840,2840,True
Ta50_5_6,5,505505246,Elite-only,NEH-TBKK2,2836,2836,True
Ta50_5_6,5,505505246,Elite-only,KK2-style-NEH,2866,2866,True
Ta50_5_6,5,505505246,Elite-only,FRB4-p1,2829,2829,True
Ta50_5_6,5,505505246,Elite-only,INEH-inspired,2880,2880,True
Ta50_5_6,5,505505246,Contrast,NEH,2842,2842,True
Ta50_5_6,5,505505246,Contrast,NEH-TBKK2,2841,2841,True
Ta50_5_6,5,505505246,Contrast,KK2-style-NEH,2897,2897,True
Ta50_5_6,5,505505246,Contrast,FRB4-p1,2835,2835,True
Ta50_5_6,5,505505246,Contrast,INEH-inspired,2854,2854,True
Ta50_5_7,1,505601210,Elite-only,NEH,2761,2761,True
Ta50_5_7,1,505601210,Elite-only,NEH-TBKK2,2758,2758,True
Ta50_5_7,1,505601210,Elite-only,KK2-style-NEH,2832,2832,True
Ta50_5_7,1,505601210,Elite-only,FRB4-p1,2753,2753,True
Ta50_5_7,1,505601210,Elite-only,INEH-inspired,2744,2744,True
Ta50_5_7,1,505601210,Contrast,NEH,2758,2758,True
Ta50_5_7,1,505601210,Contrast,NEH-TBKK2,2779,2779,True
Ta50_5_7,1,505601210,Contrast,KK2-style-NEH,2840,2840,True
Ta50_5_7,1,505601210,Contrast,FRB4-p1,2732,2732,True
Ta50_5_7,1,505601210,Contrast,INEH-inspired,2768,2768,True
Ta50_5_7,2,505602219,Elite-only,NEH,2762,2762,True
Ta50_5_7,2,505602219,Elite-only,NEH-TBKK2,2758,2758,True
Ta50_5_7,2,505602219,Elite-only,KK2-style-NEH,2830,2830,True
Ta50_5_7,2,505602219,Elite-only,FRB4-p1,2746,2746,True
Ta50_5_7,2,505602219,Elite-only,INEH-inspired,2770,2770,True
Ta50_5_7,2,505602219,Contrast,NEH,2758,2758,True
Ta50_5_7,2,505602219,Contrast,NEH-TBKK2,2754,2754,True
Ta50_5_7,2,505602219,Contrast,KK2-style-NEH,2823,2823,True
Ta50_5_7,2,505602219,Contrast,FRB4-p1,2745,2745,True
Ta50_5_7,2,505602219,Contrast,INEH-inspired,2774,2774,True
Ta50_5_7,3,505603228,Elite-only,NEH,2758,2758,True
Ta50_5_7,3,505603228,Elite-only,NEH-TBKK2,2758,2758,True
Ta50_5_7,3,505603228,Elite-only,KK2-style-NEH,2831,2831,True
Ta50_5_7,3,505603228,Elite-only,FRB4-p1,2734,2734,True
Ta50_5_7,3,505603228,Elite-only,INEH-inspired,2743,2743,True
Ta50_5_7,3,505603228,Contrast,NEH,2737,2737,True
Ta50_5_7,3,505603228,Contrast,NEH-TBKK2,2758,2758,True
Ta50_5_7,3,505603228,Contrast,KK2-style-NEH,2831,2831,True
Ta50_5_7,3,505603228,Contrast,FRB4-p1,2735,2735,True
Ta50_5_7,3,505603228,Contrast,INEH-inspired,2759,2759,True
Ta50_5_7,4,505604237,Elite-only,NEH,2761,2761,True
Ta50_5_7,4,505604237,Elite-only,NEH-TBKK2,2765,2765,True
Ta50_5_7,4,505604237,Elite-only,KK2-style-NEH,2832,2832,True
Ta50_5_7,4,505604237,Elite-only,FRB4-p1,2734,2734,True
Ta50_5_7,4,505604237,Elite-only,INEH-inspired,2753,2753,True
Ta50_5_7,4,505604237,Contrast,NEH,2758,2758,True
Ta50_5_7,4,505604237,Contrast,NEH-TBKK2,2769,2769,True
Ta50_5_7,4,505604237,Contrast,KK2-style-NEH,2840,2840,True
Ta50_5_7,4,505604237,Contrast,FRB4-p1,2753,2753,True
Ta50_5_7,4,505604237,Contrast,INEH-inspired,2758,2758,True
Ta50_5_7,5,505605246,Elite-only,NEH,2761,2761,True
Ta50_5_7,5,505605246,Elite-only,NEH-TBKK2,2758,2758,True
Ta50_5_7,5,505605246,Elite-only,KK2-style-NEH,2832,2832,True
Ta50_5_7,5,505605246,Elite-only,FRB4-p1,2753,2753,True
Ta50_5_7,5,505605246,Elite-only,INEH-inspired,2758,2758,True
Ta50_5_7,5,505605246,Contrast,NEH,2758,2758,True
Ta50_5_7,5,505605246,Contrast,NEH-TBKK2,2758,2758,True
Ta50_5_7,5,505605246,Contrast,KK2-style-NEH,2823,2823,True
Ta50_5_7,5,505605246,Contrast,FRB4-p1,2728,2728,True
Ta50_5_7,5,505605246,Contrast,INEH-inspired,2774,2774,True
Ta50_5_8,1,505701210,Elite-only,NEH,2695,2695,True
Ta50_5_8,1,505701210,Elite-only,NEH-TBKK2,2695,2695,True
Ta50_5_8,1,505701210,Elite-only,KK2-style-NEH,2689,2689,True
Ta50_5_8,1,505701210,Elite-only,FRB4-p1,2701,2701,True
Ta50_5_8,1,505701210,Elite-only,INEH-inspired,2683,2683,True
Ta50_5_8,1,505701210,Contrast,NEH,2695,2695,True
Ta50_5_8,1,505701210,Contrast,NEH-TBKK2,2697,2697,True
Ta50_5_8,1,505701210,Contrast,KK2-style-NEH,2721,2721,True
Ta50_5_8,1,505701210,Contrast,FRB4-p1,2683,2683,True
Ta50_5_8,1,505701210,Contrast,INEH-inspired,2683,2683,True
Ta50_5_8,2,505702219,Elite-only,NEH,2695,2695,True
Ta50_5_8,2,505702219,Elite-only,NEH-TBKK2,2695,2695,True
Ta50_5_8,2,505702219,Elite-only,KK2-style-NEH,2702,2702,True
Ta50_5_8,2,505702219,Elite-only,FRB4-p1,2683,2683,True
Ta50_5_8,2,505702219,Elite-only,INEH-inspired,2683,2683,True
Ta50_5_8,2,505702219,Contrast,NEH,2695,2695,True
Ta50_5_8,2,505702219,Contrast,NEH-TBKK2,2707,2707,True
Ta50_5_8,2,505702219,Contrast,KK2-style-NEH,2721,2721,True
Ta50_5_8,2,505702219,Contrast,FRB4-p1,2683,2683,True
Ta50_5_8,2,505702219,Contrast,INEH-inspired,2683,2683,True
Ta50_5_8,3,505703228,Elite-only,NEH,2695,2695,True
Ta50_5_8,3,505703228,Elite-only,NEH-TBKK2,2695,2695,True
Ta50_5_8,3,505703228,Elite-only,KK2-style-NEH,2689,2689,True
Ta50_5_8,3,505703228,Elite-only,FRB4-p1,2683,2683,True
Ta50_5_8,3,505703228,Elite-only,INEH-inspired,2683,2683,True
Ta50_5_8,3,505703228,Contrast,NEH,2695,2695,True
Ta50_5_8,3,505703228,Contrast,NEH-TBKK2,2707,2707,True
Ta50_5_8,3,505703228,Contrast,KK2-style-NEH,2722,2722,True
Ta50_5_8,3,505703228,Contrast,FRB4-p1,2683,2683,True
Ta50_5_8,3,505703228,Contrast,INEH-inspired,2692,2692,True
Ta50_5_8,4,505704237,Elite-only,NEH,2695,2695,True
Ta50_5_8,4,505704237,Elite-only,NEH-TBKK2,2695,2695,True
Ta50_5_8,4,505704237,Elite-only,KK2-style-NEH,2702,2702,True
Ta50_5_8,4,505704237,Elite-only,FRB4-p1,2683,2683,True
Ta50_5_8,4,505704237,Elite-only,INEH-inspired,2704,2704,True
Ta50_5_8,4,505704237,Contrast,NEH,2695,2695,True
Ta50_5_8,4,505704237,Contrast,NEH-TBKK2,2695,2695,True
Ta50_5_8,4,505704237,Contrast,KK2-style-NEH,2702,2702,True
Ta50_5_8,4,505704237,Contrast,FRB4-p1,2683,2683,True
Ta50_5_8,4,505704237,Contrast,INEH-inspired,2683,2683,True
Ta50_5_8,5,505705246,Elite-only,NEH,2695,2695,True
Ta50_5_8,5,505705246,Elite-only,NEH-TBKK2,2695,2695,True
Ta50_5_8,5,505705246,Elite-only,KK2-style-NEH,2712,2712,True
Ta50_5_8,5,505705246,Elite-only,FRB4-p1,2683,2683,True
Ta50_5_8,5,505705246,Elite-only,INEH-inspired,2686,2686,True
Ta50_5_8,5,505705246,Contrast,NEH,2695,2695,True
Ta50_5_8,5,505705246,Contrast,NEH-TBKK2,2695,2695,True
Ta50_5_8,5,505705246,Contrast,KK2-style-NEH,2713,2713,True
Ta50_5_8,5,505705246,Contrast,FRB4-p1,2683,2683,True
Ta50_5_8,5,505705246,Contrast,INEH-inspired,2683,2683,True
Ta50_5_9,1,505801210,Elite-only,NEH,2565,2565,True
Ta50_5_9,1,505801210,Elite-only,NEH-TBKK2,2554,2554,True
Ta50_5_9,1,505801210,Elite-only,KK2-style-NEH,2570,2570,True
Ta50_5_9,1,505801210,Elite-only,FRB4-p1,2562,2562,True
Ta50_5_9,1,505801210,Elite-only,INEH-inspired,2580,2580,True
Ta50_5_9,1,505801210,Contrast,NEH,2571,2571,True
Ta50_5_9,1,505801210,Contrast,NEH-TBKK2,2571,2571,True
Ta50_5_9,1,505801210,Contrast,KK2-style-NEH,2590,2590,True
Ta50_5_9,1,505801210,Contrast,FRB4-p1,2569,2569,True
Ta50_5_9,1,505801210,Contrast,INEH-inspired,2564,2564,True
Ta50_5_9,2,505802219,Elite-only,NEH,2565,2565,True
Ta50_5_9,2,505802219,Elite-only,NEH-TBKK2,2554,2554,True
Ta50_5_9,2,505802219,Elite-only,KK2-style-NEH,2601,2601,True
Ta50_5_9,2,505802219,Elite-only,FRB4-p1,2573,2573,True
Ta50_5_9,2,505802219,Elite-only,INEH-inspired,2564,2564,True
Ta50_5_9,2,505802219,Contrast,NEH,2571,2571,True
Ta50_5_9,2,505802219,Contrast,NEH-TBKK2,2571,2571,True
Ta50_5_9,2,505802219,Contrast,KK2-style-NEH,2588,2588,True
Ta50_5_9,2,505802219,Contrast,FRB4-p1,2564,2564,True
Ta50_5_9,2,505802219,Contrast,INEH-inspired,2564,2564,True
Ta50_5_9,3,505803228,Elite-only,NEH,2565,2565,True
Ta50_5_9,3,505803228,Elite-only,NEH-TBKK2,2554,2554,True
Ta50_5_9,3,505803228,Elite-only,KK2-style-NEH,2564,2564,True
Ta50_5_9,3,505803228,Elite-only,FRB4-p1,2571,2571,True
Ta50_5_9,3,505803228,Elite-only,INEH-inspired,2580,2580,True
Ta50_5_9,3,505803228,Contrast,NEH,2581,2581,True
Ta50_5_9,3,505803228,Contrast,NEH-TBKK2,2569,2569,True
Ta50_5_9,3,505803228,Contrast,KK2-style-NEH,2588,2588,True
Ta50_5_9,3,505803228,Contrast,FRB4-p1,2572,2572,True
Ta50_5_9,3,505803228,Contrast,INEH-inspired,2590,2590,True
Ta50_5_9,4,505804237,Elite-only,NEH,2565,2565,True
Ta50_5_9,4,505804237,Elite-only,NEH-TBKK2,2554,2554,True
Ta50_5_9,4,505804237,Elite-only,KK2-style-NEH,2566,2566,True
Ta50_5_9,4,505804237,Elite-only,FRB4-p1,2568,2568,True
Ta50_5_9,4,505804237,Elite-only,INEH-inspired,2568,2568,True
Ta50_5_9,4,505804237,Contrast,NEH,2569,2569,True
Ta50_5_9,4,505804237,Contrast,NEH-TBKK2,2571,2571,True
Ta50_5_9,4,505804237,Contrast,KK2-style-NEH,2608,2608,True
Ta50_5_9,4,505804237,Contrast,FRB4-p1,2571,2571,True
Ta50_5_9,4,505804237,Contrast,INEH-inspired,2564,2564,True
Ta50_5_9,5,505805246,Elite-only,NEH,2565,2565,True
Ta50_5_9,5,505805246,Elite-only,NEH-TBKK2,2554,2554,True
Ta50_5_9,5,505805246,Elite-only,KK2-style-NEH,2588,2588,True
Ta50_5_9,5,505805246,Elite-only,FRB4-p1,2570,2570,True
Ta50_5_9,5,505805246,Elite-only,INEH-inspired,2574,2574,True
Ta50_5_9,5,505805246,Contrast,NEH,2569,2569,True
Ta50_5_9,5,505805246,Contrast,NEH-TBKK2,2571,2571,True
Ta50_5_9,5,505805246,Contrast,KK2-style-NEH,2588,2588,True
Ta50_5_9,5,505805246,Contrast,FRB4-p1,2569,2569,True
Ta50_5_9,5,505805246,Contrast,INEH-inspired,2564,2564,True
Ta50_5_10,1,505901210,Elite-only,NEH,2789,2789,True
Ta50_5_10,1,505901210,Elite-only,NEH-TBKK2,2789,2789,True
Ta50_5_10,1,505901210,Elite-only,KK2-style-NEH,2835,2835,True
Ta50_5_10,1,505901210,Elite-only,FRB4-p1,2789,2789,True
Ta50_5_10,1,505901210,Elite-only,INEH-inspired,2788,2788,True
Ta50_5_10,1,505901210,Contrast,NEH,2792,2792,True
Ta50_5_10,1,505901210,Contrast,NEH-TBKK2,2786,2786,True
Ta50_5_10,1,505901210,Contrast,KK2-style-NEH,2835,2835,True
Ta50_5_10,1,505901210,Contrast,FRB4-p1,2787,2787,True
Ta50_5_10,1,505901210,Contrast,INEH-inspired,2782,2782,True
Ta50_5_10,2,505902219,Elite-only,NEH,2792,2792,True
Ta50_5_10,2,505902219,Elite-only,NEH-TBKK2,2792,2792,True
Ta50_5_10,2,505902219,Elite-only,KK2-style-NEH,2835,2835,True
Ta50_5_10,2,505902219,Elite-only,FRB4-p1,2792,2792,True
Ta50_5_10,2,505902219,Elite-only,INEH-inspired,2782,2782,True
Ta50_5_10,2,505902219,Contrast,NEH,2792,2792,True
Ta50_5_10,2,505902219,Contrast,NEH-TBKK2,2786,2786,True
Ta50_5_10,2,505902219,Contrast,KK2-style-NEH,2835,2835,True
Ta50_5_10,2,505902219,Contrast,FRB4-p1,2794,2794,True
Ta50_5_10,2,505902219,Contrast,INEH-inspired,2782,2782,True
Ta50_5_10,3,505903228,Elite-only,NEH,2792,2792,True
Ta50_5_10,3,505903228,Elite-only,NEH-TBKK2,2792,2792,True
Ta50_5_10,3,505903228,Elite-only,KK2-style-NEH,2835,2835,True
Ta50_5_10,3,505903228,Elite-only,FRB4-p1,2795,2795,True
Ta50_5_10,3,505903228,Elite-only,INEH-inspired,2784,2784,True
Ta50_5_10,3,505903228,Contrast,NEH,2792,2792,True
Ta50_5_10,3,505903228,Contrast,NEH-TBKK2,2786,2786,True
Ta50_5_10,3,505903228,Contrast,KK2-style-NEH,2835,2835,True
Ta50_5_10,3,505903228,Contrast,FRB4-p1,2786,2786,True
Ta50_5_10,3,505903228,Contrast,INEH-inspired,2782,2782,True
Ta50_5_10,4,505904237,Elite-only,NEH,2792,2792,True
Ta50_5_10,4,505904237,Elite-only,NEH-TBKK2,2792,2792,True
Ta50_5_10,4,505904237,Elite-only,KK2-style-NEH,2846,2846,True
Ta50_5_10,4,505904237,Elite-only,FRB4-p1,2792,2792,True
Ta50_5_10,4,505904237,Elite-only,INEH-inspired,2784,2784,True
Ta50_5_10,4,505904237,Contrast,NEH,2800,2800,True
Ta50_5_10,4,505904237,Contrast,NEH-TBKK2,2800,2800,True
Ta50_5_10,4,505904237,Contrast,KK2-style-NEH,2835,2835,True
Ta50_5_10,4,505904237,Contrast,FRB4-p1,2800,2800,True
Ta50_5_10,4,505904237,Contrast,INEH-inspired,2782,2782,True
Ta50_5_10,5,505905246,Elite-only,NEH,2792,2792,True
Ta50_5_10,5,505905246,Elite-only,NEH-TBKK2,2792,2792,True
Ta50_5_10,5,505905246,Elite-only,KK2-style-NEH,2835,2835,True
Ta50_5_10,5,505905246,Elite-only,FRB4-p1,2795,2795,True
Ta50_5_10,5,505905246,Elite-only,INEH-inspired,2788,2788,True
Ta50_5_10,5,505905246,Contrast,NEH,2792,2792,True
Ta50_5_10,5,505905246,Contrast,NEH-TBKK2,2786,2786,True
Ta50_5_10,5,505905246,Contrast,KK2-style-NEH,2835,2835,True
Ta50_5_10,5,505905246,Contrast,FRB4-p1,2786,2786,True
Ta50_5_10,5,505905246,Contrast,INEH-inspired,2782,2782,True
Ta50_10_1,1,510101210,Elite-only,NEH,3151,3151,True
Ta50_10_1,1,510101210,Elite-only,NEH-TBKK2,3184,3184,True
Ta50_10_1,1,510101210,Elite-only,KK2-style-NEH,3156,3156,True
Ta50_10_1,1,510101210,Elite-only,FRB4-p1,3110,3110,True
Ta50_10_1,1,510101210,Elite-only,INEH-inspired,3117,3117,True
Ta50_10_1,1,510101210,Contrast,NEH,3138,3138,True
Ta50_10_1,1,510101210,Contrast,NEH-TBKK2,3130,3130,True
Ta50_10_1,1,510101210,Contrast,KK2-style-NEH,3119,3119,True
Ta50_10_1,1,510101210,Contrast,FRB4-p1,3131,3131,True
Ta50_10_1,1,510101210,Contrast,INEH-inspired,3114,3114,True
Ta50_10_1,2,510102219,Elite-only,NEH,3151,3151,True
Ta50_10_1,2,510102219,Elite-only,NEH-TBKK2,3206,3206,True
Ta50_10_1,2,510102219,Elite-only,KK2-style-NEH,3153,3153,True
Ta50_10_1,2,510102219,Elite-only,FRB4-p1,3126,3126,True
Ta50_10_1,2,510102219,Elite-only,INEH-inspired,3122,3122,True
Ta50_10_1,2,510102219,Contrast,NEH,3138,3138,True
Ta50_10_1,2,510102219,Contrast,NEH-TBKK2,3130,3130,True
Ta50_10_1,2,510102219,Contrast,KK2-style-NEH,3192,3192,True
Ta50_10_1,2,510102219,Contrast,FRB4-p1,3139,3139,True
Ta50_10_1,2,510102219,Contrast,INEH-inspired,3117,3117,True
Ta50_10_1,3,510103228,Elite-only,NEH,3151,3151,True
Ta50_10_1,3,510103228,Elite-only,NEH-TBKK2,3206,3206,True
Ta50_10_1,3,510103228,Elite-only,KK2-style-NEH,3177,3177,True
Ta50_10_1,3,510103228,Elite-only,FRB4-p1,3135,3135,True
Ta50_10_1,3,510103228,Elite-only,INEH-inspired,3133,3133,True
Ta50_10_1,3,510103228,Contrast,NEH,3138,3138,True
Ta50_10_1,3,510103228,Contrast,NEH-TBKK2,3130,3130,True
Ta50_10_1,3,510103228,Contrast,KK2-style-NEH,3119,3119,True
Ta50_10_1,3,510103228,Contrast,FRB4-p1,3133,3133,True
Ta50_10_1,3,510103228,Contrast,INEH-inspired,3123,3123,True
Ta50_10_1,4,510104237,Elite-only,NEH,3151,3151,True
Ta50_10_1,4,510104237,Elite-only,NEH-TBKK2,3206,3206,True
Ta50_10_1,4,510104237,Elite-only,KK2-style-NEH,3156,3156,True
Ta50_10_1,4,510104237,Elite-only,FRB4-p1,3089,3089,True
Ta50_10_1,4,510104237,Elite-only,INEH-inspired,3134,3134,True
Ta50_10_1,4,510104237,Contrast,NEH,3138,3138,True
Ta50_10_1,4,510104237,Contrast,NEH-TBKK2,3130,3130,True
Ta50_10_1,4,510104237,Contrast,KK2-style-NEH,3119,3119,True
Ta50_10_1,4,510104237,Contrast,FRB4-p1,3135,3135,True
Ta50_10_1,4,510104237,Contrast,INEH-inspired,3123,3123,True
Ta50_10_1,5,510105246,Elite-only,NEH,3151,3151,True
Ta50_10_1,5,510105246,Elite-only,NEH-TBKK2,3184,3184,True
Ta50_10_1,5,510105246,Elite-only,KK2-style-NEH,3153,3153,True
Ta50_10_1,5,510105246,Elite-only,FRB4-p1,3099,3099,True
Ta50_10_1,5,510105246,Elite-only,INEH-inspired,3104,3104,True
Ta50_10_1,5,510105246,Contrast,NEH,3138,3138,True
Ta50_10_1,5,510105246,Contrast,NEH-TBKK2,3130,3130,True
Ta50_10_1,5,510105246,Contrast,KK2-style-NEH,3192,3192,True
Ta50_10_1,5,510105246,Contrast,FRB4-p1,3133,3133,True
Ta50_10_1,5,510105246,Contrast,INEH-inspired,3128,3128,True
Ta50_10_2,1,510201210,Elite-only,NEH,3028,3028,True
Ta50_10_2,1,510201210,Elite-only,NEH-TBKK2,3043,3043,True
Ta50_10_2,1,510201210,Elite-only,KK2-style-NEH,3120,3120,True
Ta50_10_2,1,510201210,Elite-only,FRB4-p1,2982,2982,True
Ta50_10_2,1,510201210,Elite-only,INEH-inspired,3005,3005,True
Ta50_10_2,1,510201210,Contrast,NEH,3013,3013,True
Ta50_10_2,1,510201210,Contrast,NEH-TBKK2,3080,3080,True
Ta50_10_2,1,510201210,Contrast,KK2-style-NEH,3115,3115,True
Ta50_10_2,1,510201210,Contrast,FRB4-p1,2954,2954,True
Ta50_10_2,1,510201210,Contrast,INEH-inspired,2997,2997,True
Ta50_10_2,2,510202219,Elite-only,NEH,3016,3016,True
Ta50_10_2,2,510202219,Elite-only,NEH-TBKK2,3077,3077,True
Ta50_10_2,2,510202219,Elite-only,KK2-style-NEH,3120,3120,True
Ta50_10_2,2,510202219,Elite-only,FRB4-p1,2959,2959,True
Ta50_10_2,2,510202219,Elite-only,INEH-inspired,2978,2978,True
Ta50_10_2,2,510202219,Contrast,NEH,3013,3013,True
Ta50_10_2,2,510202219,Contrast,NEH-TBKK2,3040,3040,True
Ta50_10_2,2,510202219,Contrast,KK2-style-NEH,3101,3101,True
Ta50_10_2,2,510202219,Contrast,FRB4-p1,2940,2940,True
Ta50_10_2,2,510202219,Contrast,INEH-inspired,3023,3023,True
Ta50_10_2,3,510203228,Elite-only,NEH,3016,3016,True
Ta50_10_2,3,510203228,Elite-only,NEH-TBKK2,3043,3043,True
Ta50_10_2,3,510203228,Elite-only,KK2-style-NEH,3120,3120,True
Ta50_10_2,3,510203228,Elite-only,FRB4-p1,2975,2975,True
Ta50_10_2,3,510203228,Elite-only,INEH-inspired,3014,3014,True
Ta50_10_2,3,510203228,Contrast,NEH,3013,3013,True
Ta50_10_2,3,510203228,Contrast,NEH-TBKK2,3065,3065,True
Ta50_10_2,3,510203228,Contrast,KK2-style-NEH,3115,3115,True
Ta50_10_2,3,510203228,Contrast,FRB4-p1,2945,2945,True
Ta50_10_2,3,510203228,Contrast,INEH-inspired,3029,3029,True
Ta50_10_2,4,510204237,Elite-only,NEH,3045,3045,True
Ta50_10_2,4,510204237,Elite-only,NEH-TBKK2,3053,3053,True
Ta50_10_2,4,510204237,Elite-only,KK2-style-NEH,3114,3114,True
Ta50_10_2,4,510204237,Elite-only,FRB4-p1,3036,3036,True
Ta50_10_2,4,510204237,Elite-only,INEH-inspired,3026,3026,True
Ta50_10_2,4,510204237,Contrast,NEH,3013,3013,True
Ta50_10_2,4,510204237,Contrast,NEH-TBKK2,3040,3040,True
Ta50_10_2,4,510204237,Contrast,KK2-style-NEH,3115,3115,True
Ta50_10_2,4,510204237,Contrast,FRB4-p1,2945,2945,True
Ta50_10_2,4,510204237,Contrast,INEH-inspired,3023,3023,True
Ta50_10_2,5,510205246,Elite-only,NEH,3031,3031,True
Ta50_10_2,5,510205246,Elite-only,NEH-TBKK2,3077,3077,True
Ta50_10_2,5,510205246,Elite-only,KK2-style-NEH,3120,3120,True
Ta50_10_2,5,510205246,Elite-only,FRB4-p1,2976,2976,True
Ta50_10_2,5,510205246,Elite-only,INEH-inspired,2997,2997,True
Ta50_10_2,5,510205246,Contrast,NEH,3013,3013,True
Ta50_10_2,5,510205246,Contrast,NEH-TBKK2,3040,3040,True
Ta50_10_2,5,510205246,Contrast,KK2-style-NEH,3115,3115,True
Ta50_10_2,5,510205246,Contrast,FRB4-p1,2940,2940,True
Ta50_10_2,5,510205246,Contrast,INEH-inspired,3023,3023,True
Ta50_10_3,1,510301210,Elite-only,NEH,3032,3032,True
Ta50_10_3,1,510301210,Elite-only,NEH-TBKK2,2988,2988,True
Ta50_10_3,1,510301210,Elite-only,KK2-style-NEH,3050,3050,True
Ta50_10_3,1,510301210,Elite-only,FRB4-p1,2944,2944,True
Ta50_10_3,1,510301210,Elite-only,INEH-inspired,3003,3003,True
Ta50_10_3,1,510301210,Contrast,NEH,3022,3022,True
Ta50_10_3,1,510301210,Contrast,NEH-TBKK2,2988,2988,True
Ta50_10_3,1,510301210,Contrast,KK2-style-NEH,3050,3050,True
Ta50_10_3,1,510301210,Contrast,FRB4-p1,2965,2965,True
Ta50_10_3,1,510301210,Contrast,INEH-inspired,2936,2936,True
Ta50_10_3,2,510302219,Elite-only,NEH,3033,3033,True
Ta50_10_3,2,510302219,Elite-only,NEH-TBKK2,2983,2983,True
Ta50_10_3,2,510302219,Elite-only,KK2-style-NEH,3063,3063,True
Ta50_10_3,2,510302219,Elite-only,FRB4-p1,2927,2927,True
Ta50_10_3,2,510302219,Elite-only,INEH-inspired,2986,2986,True
Ta50_10_3,2,510302219,Contrast,NEH,3022,3022,True
Ta50_10_3,2,510302219,Contrast,NEH-TBKK2,2988,2988,True
Ta50_10_3,2,510302219,Contrast,KK2-style-NEH,3064,3064,True
Ta50_10_3,2,510302219,Contrast,FRB4-p1,2945,2945,True
Ta50_10_3,2,510302219,Contrast,INEH-inspired,2942,2942,True
Ta50_10_3,3,510303228,Elite-only,NEH,3032,3032,True
Ta50_10_3,3,510303228,Elite-only,NEH-TBKK2,2988,2988,True
Ta50_10_3,3,510303228,Elite-only,KK2-style-NEH,3070,3070,True
Ta50_10_3,3,510303228,Elite-only,FRB4-p1,2955,2955,True
Ta50_10_3,3,510303228,Elite-only,INEH-inspired,2985,2985,True
Ta50_10_3,3,510303228,Contrast,NEH,3013,3013,True
Ta50_10_3,3,510303228,Contrast,NEH-TBKK2,2988,2988,True
Ta50_10_3,3,510303228,Contrast,KK2-style-NEH,3064,3064,True
Ta50_10_3,3,510303228,Contrast,FRB4-p1,2971,2971,True
Ta50_10_3,3,510303228,Contrast,INEH-inspired,2948,2948,True
Ta50_10_3,4,510304237,Elite-only,NEH,3022,3022,True
Ta50_10_3,4,510304237,Elite-only,NEH-TBKK2,2988,2988,True
Ta50_10_3,4,510304237,Elite-only,KK2-style-NEH,3070,3070,True
Ta50_10_3,4,510304237,Elite-only,FRB4-p1,2985,2985,True
Ta50_10_3,4,510304237,Elite-only,INEH-inspired,2986,2986,True
Ta50_10_3,4,510304237,Contrast,NEH,3022,3022,True
Ta50_10_3,4,510304237,Contrast,NEH-TBKK2,2988,2988,True
Ta50_10_3,4,510304237,Contrast,KK2-style-NEH,3050,3050,True
Ta50_10_3,4,510304237,Contrast,FRB4-p1,2946,2946,True
Ta50_10_3,4,510304237,Contrast,INEH-inspired,2934,2934,True
Ta50_10_3,5,510305246,Elite-only,NEH,3033,3033,True
Ta50_10_3,5,510305246,Elite-only,NEH-TBKK2,2971,2971,True
Ta50_10_3,5,510305246,Elite-only,KK2-style-NEH,3050,3050,True
Ta50_10_3,5,510305246,Elite-only,FRB4-p1,2948,2948,True
Ta50_10_3,5,510305246,Elite-only,INEH-inspired,2994,2994,True
Ta50_10_3,5,510305246,Contrast,NEH,3022,3022,True
Ta50_10_3,5,510305246,Contrast,NEH-TBKK2,3006,3006,True
Ta50_10_3,5,510305246,Contrast,KK2-style-NEH,3050,3050,True
Ta50_10_3,5,510305246,Contrast,FRB4-p1,2963,2963,True
Ta50_10_3,5,510305246,Contrast,INEH-inspired,2965,2965,True
Ta50_10_4,1,510401210,Elite-only,NEH,3209,3209,True
Ta50_10_4,1,510401210,Elite-only,NEH-TBKK2,3222,3222,True
Ta50_10_4,1,510401210,Elite-only,KK2-style-NEH,3212,3212,True
Ta50_10_4,1,510401210,Elite-only,FRB4-p1,3118,3118,True
Ta50_10_4,1,510401210,Elite-only,INEH-inspired,3160,3160,True
Ta50_10_4,1,510401210,Contrast,NEH,3173,3173,True
Ta50_10_4,1,510401210,Contrast,NEH-TBKK2,3139,3139,True
Ta50_10_4,1,510401210,Contrast,KK2-style-NEH,3242,3242,True
Ta50_10_4,1,510401210,Contrast,FRB4-p1,3116,3116,True
Ta50_10_4,1,510401210,Contrast,INEH-inspired,3158,3158,True
Ta50_10_4,2,510402219,Elite-only,NEH,3186,3186,True
Ta50_10_4,2,510402219,Elite-only,NEH-TBKK2,3186,3186,True
Ta50_10_4,2,510402219,Elite-only,KK2-style-NEH,3204,3204,True
Ta50_10_4,2,510402219,Elite-only,FRB4-p1,3118,3118,True
Ta50_10_4,2,510402219,Elite-only,INEH-inspired,3160,3160,True
Ta50_10_4,2,510402219,Contrast,NEH,3173,3173,True
Ta50_10_4,2,510402219,Contrast,NEH-TBKK2,3139,3139,True
Ta50_10_4,2,510402219,Contrast,KK2-style-NEH,3201,3201,True
Ta50_10_4,2,510402219,Contrast,FRB4-p1,3125,3125,True
Ta50_10_4,2,510402219,Contrast,INEH-inspired,3159,3159,True
Ta50_10_4,3,510403228,Elite-only,NEH,3209,3209,True
Ta50_10_4,3,510403228,Elite-only,NEH-TBKK2,3222,3222,True
Ta50_10_4,3,510403228,Elite-only,KK2-style-NEH,3282,3282,True
Ta50_10_4,3,510403228,Elite-only,FRB4-p1,3136,3136,True
Ta50_10_4,3,510403228,Elite-only,INEH-inspired,3170,3170,True
Ta50_10_4,3,510403228,Contrast,NEH,3173,3173,True
Ta50_10_4,3,510403228,Contrast,NEH-TBKK2,3139,3139,True
Ta50_10_4,3,510403228,Contrast,KK2-style-NEH,3210,3210,True
Ta50_10_4,3,510403228,Contrast,FRB4-p1,3131,3131,True
Ta50_10_4,3,510403228,Contrast,INEH-inspired,3159,3159,True
Ta50_10_4,4,510404237,Elite-only,NEH,3209,3209,True
Ta50_10_4,4,510404237,Elite-only,NEH-TBKK2,3222,3222,True
Ta50_10_4,4,510404237,Elite-only,KK2-style-NEH,3204,3204,True
Ta50_10_4,4,510404237,Elite-only,FRB4-p1,3118,3118,True
Ta50_10_4,4,510404237,Elite-only,INEH-inspired,3146,3146,True
Ta50_10_4,4,510404237,Contrast,NEH,3173,3173,True
Ta50_10_4,4,510404237,Contrast,NEH-TBKK2,3139,3139,True
Ta50_10_4,4,510404237,Contrast,KK2-style-NEH,3210,3210,True
Ta50_10_4,4,510404237,Contrast,FRB4-p1,3125,3125,True
Ta50_10_4,4,510404237,Contrast,INEH-inspired,3152,3152,True
Ta50_10_4,5,510405246,Elite-only,NEH,3188,3188,True
Ta50_10_4,5,510405246,Elite-only,NEH-TBKK2,3185,3185,True
Ta50_10_4,5,510405246,Elite-only,KK2-style-NEH,3204,3204,True
Ta50_10_4,5,510405246,Elite-only,FRB4-p1,3136,3136,True
Ta50_10_4,5,510405246,Elite-only,INEH-inspired,3156,3156,True
Ta50_10_4,5,510405246,Contrast,NEH,3173,3173,True
Ta50_10_4,5,510405246,Contrast,NEH-TBKK2,3135,3135,True
Ta50_10_4,5,510405246,Contrast,KK2-style-NEH,3201,3201,True
Ta50_10_4,5,510405246,Contrast,FRB4-p1,3157,3157,True
Ta50_10_4,5,510405246,Contrast,INEH-inspired,3160,3160,True
Ta50_10_5,1,510501210,Elite-only,NEH,3159,3159,True
Ta50_10_5,1,510501210,Elite-only,NEH-TBKK2,3146,3146,True
Ta50_10_5,1,510501210,Elite-only,KK2-style-NEH,3156,3156,True
Ta50_10_5,1,510501210,Elite-only,FRB4-p1,3130,3130,True
Ta50_10_5,1,510501210,Elite-only,INEH-inspired,3105,3105,True
Ta50_10_5,1,510501210,Contrast,NEH,3160,3160,True
Ta50_10_5,1,510501210,Contrast,NEH-TBKK2,3160,3160,True
Ta50_10_5,1,510501210,Contrast,KK2-style-NEH,3182,3182,True
Ta50_10_5,1,510501210,Contrast,FRB4-p1,3093,3093,True
Ta50_10_5,1,510501210,Contrast,INEH-inspired,3155,3155,True
Ta50_10_5,2,510502219,Elite-only,NEH,3159,3159,True
Ta50_10_5,2,510502219,Elite-only,NEH-TBKK2,3146,3146,True
Ta50_10_5,2,510502219,Elite-only,KK2-style-NEH,3156,3156,True
Ta50_10_5,2,510502219,Elite-only,FRB4-p1,3122,3122,True
Ta50_10_5,2,510502219,Elite-only,INEH-inspired,3083,3083,True
Ta50_10_5,2,510502219,Contrast,NEH,3160,3160,True
Ta50_10_5,2,510502219,Contrast,NEH-TBKK2,3160,3160,True
Ta50_10_5,2,510502219,Contrast,KK2-style-NEH,3156,3156,True
Ta50_10_5,2,510502219,Contrast,FRB4-p1,3067,3067,True
Ta50_10_5,2,510502219,Contrast,INEH-inspired,3081,3081,True
Ta50_10_5,3,510503228,Elite-only,NEH,3159,3159,True
Ta50_10_5,3,510503228,Elite-only,NEH-TBKK2,3146,3146,True
Ta50_10_5,3,510503228,Elite-only,KK2-style-NEH,3156,3156,True
Ta50_10_5,3,510503228,Elite-only,FRB4-p1,3099,3099,True
Ta50_10_5,3,510503228,Elite-only,INEH-inspired,3072,3072,True
Ta50_10_5,3,510503228,Contrast,NEH,3162,3162,True
Ta50_10_5,3,510503228,Contrast,NEH-TBKK2,3146,3146,True
Ta50_10_5,3,510503228,Contrast,KK2-style-NEH,3190,3190,True
Ta50_10_5,3,510503228,Contrast,FRB4-p1,3107,3107,True
Ta50_10_5,3,510503228,Contrast,INEH-inspired,3081,3081,True
Ta50_10_5,4,510504237,Elite-only,NEH,3159,3159,True
Ta50_10_5,4,510504237,Elite-only,NEH-TBKK2,3146,3146,True
Ta50_10_5,4,510504237,Elite-only,KK2-style-NEH,3156,3156,True
Ta50_10_5,4,510504237,Elite-only,FRB4-p1,3112,3112,True
Ta50_10_5,4,510504237,Elite-only,INEH-inspired,3084,3084,True
Ta50_10_5,4,510504237,Contrast,NEH,3160,3160,True
Ta50_10_5,4,510504237,Contrast,NEH-TBKK2,3160,3160,True
Ta50_10_5,4,510504237,Contrast,KK2-style-NEH,3190,3190,True
Ta50_10_5,4,510504237,Contrast,FRB4-p1,3105,3105,True
Ta50_10_5,4,510504237,Contrast,INEH-inspired,3081,3081,True
Ta50_10_5,5,510505246,Elite-only,NEH,3159,3159,True
Ta50_10_5,5,510505246,Elite-only,NEH-TBKK2,3146,3146,True
Ta50_10_5,5,510505246,Elite-only,KK2-style-NEH,3156,3156,True
Ta50_10_5,5,510505246,Elite-only,FRB4-p1,3087,3087,True
Ta50_10_5,5,510505246,Elite-only,INEH-inspired,3085,3085,True
Ta50_10_5,5,510505246,Contrast,NEH,3160,3160,True
Ta50_10_5,5,510505246,Contrast,NEH-TBKK2,3160,3160,True
Ta50_10_5,5,510505246,Contrast,KK2-style-NEH,3182,3182,True
Ta50_10_5,5,510505246,Contrast,FRB4-p1,3060,3060,True
Ta50_10_5,5,510505246,Contrast,INEH-inspired,3071,3071,True
Ta50_10_6,1,510601210,Elite-only,NEH,3176,3176,True
Ta50_10_6,1,510601210,Elite-only,NEH-TBKK2,3176,3176,True
Ta50_10_6,1,510601210,Elite-only,KK2-style-NEH,3190,3190,True
Ta50_10_6,1,510601210,Elite-only,FRB4-p1,3094,3094,True
Ta50_10_6,1,510601210,Elite-only,INEH-inspired,3158,3158,True
Ta50_10_6,1,510601210,Contrast,NEH,3176,3176,True
Ta50_10_6,1,510601210,Contrast,NEH-TBKK2,3178,3178,True
Ta50_10_6,1,510601210,Contrast,KK2-style-NEH,3220,3220,True
Ta50_10_6,1,510601210,Contrast,FRB4-p1,3091,3091,True
Ta50_10_6,1,510601210,Contrast,INEH-inspired,3103,3103,True
Ta50_10_6,2,510602219,Elite-only,NEH,3138,3138,True
Ta50_10_6,2,510602219,Elite-only,NEH-TBKK2,3128,3128,True
Ta50_10_6,2,510602219,Elite-only,KK2-style-NEH,3216,3216,True
Ta50_10_6,2,510602219,Elite-only,FRB4-p1,3112,3112,True
Ta50_10_6,2,510602219,Elite-only,INEH-inspired,3187,3187,True
Ta50_10_6,2,510602219,Contrast,NEH,3178,3178,True
Ta50_10_6,2,510602219,Contrast,NEH-TBKK2,3178,3178,True
Ta50_10_6,2,510602219,Contrast,KK2-style-NEH,3222,3222,True
Ta50_10_6,2,510602219,Contrast,FRB4-p1,3083,3083,True
Ta50_10_6,2,510602219,Contrast,INEH-inspired,3116,3116,True
Ta50_10_6,3,510603228,Elite-only,NEH,3138,3138,True
Ta50_10_6,3,510603228,Elite-only,NEH-TBKK2,3128,3128,True
Ta50_10_6,3,510603228,Elite-only,KK2-style-NEH,3202,3202,True
Ta50_10_6,3,510603228,Elite-only,FRB4-p1,3088,3088,True
Ta50_10_6,3,510603228,Elite-only,INEH-inspired,3121,3121,True
Ta50_10_6,3,510603228,Contrast,NEH,3176,3176,True
Ta50_10_6,3,510603228,Contrast,NEH-TBKK2,3178,3178,True
Ta50_10_6,3,510603228,Contrast,KK2-style-NEH,3222,3222,True
Ta50_10_6,3,510603228,Contrast,FRB4-p1,3091,3091,True
Ta50_10_6,3,510603228,Contrast,INEH-inspired,3103,3103,True
Ta50_10_6,4,510604237,Elite-only,NEH,3138,3138,True
Ta50_10_6,4,510604237,Elite-only,NEH-TBKK2,3128,3128,True
Ta50_10_6,4,510604237,Elite-only,KK2-style-NEH,3183,3183,True
Ta50_10_6,4,510604237,Elite-only,FRB4-p1,3084,3084,True
Ta50_10_6,4,510604237,Elite-only,INEH-inspired,3098,3098,True
Ta50_10_6,4,510604237,Contrast,NEH,3176,3176,True
Ta50_10_6,4,510604237,Contrast,NEH-TBKK2,3178,3178,True
Ta50_10_6,4,510604237,Contrast,KK2-style-NEH,3222,3222,True
Ta50_10_6,4,510604237,Contrast,FRB4-p1,3091,3091,True
Ta50_10_6,4,510604237,Contrast,INEH-inspired,3116,3116,True
Ta50_10_6,5,510605246,Elite-only,NEH,3138,3138,True
Ta50_10_6,5,510605246,Elite-only,NEH-TBKK2,3128,3128,True
Ta50_10_6,5,510605246,Elite-only,KK2-style-NEH,3216,3216,True
Ta50_10_6,5,510605246,Elite-only,FRB4-p1,3102,3102,True
Ta50_10_6,5,510605246,Elite-only,INEH-inspired,3086,3086,True
Ta50_10_6,5,510605246,Contrast,NEH,3176,3176,True
Ta50_10_6,5,510605246,Contrast,NEH-TBKK2,3178,3178,True
Ta50_10_6,5,510605246,Contrast,KK2-style-NEH,3222,3222,True
Ta50_10_6,5,510605246,Contrast,FRB4-p1,3158,3158,True
Ta50_10_6,5,510605246,Contrast,INEH-inspired,3132,3132,True
Ta50_10_7,1,510701210,Elite-only,NEH,3277,3277,True
Ta50_10_7,1,510701210,Elite-only,NEH-TBKK2,3297,3297,True
Ta50_10_7,1,510701210,Elite-only,KK2-style-NEH,3247,3247,True
Ta50_10_7,1,510701210,Elite-only,FRB4-p1,3165,3165,True
Ta50_10_7,1,510701210,Elite-only,INEH-inspired,3259,3259,True
Ta50_10_7,1,510701210,Contrast,NEH,3277,3277,True
Ta50_10_7,1,510701210,Contrast,NEH-TBKK2,3277,3277,True
Ta50_10_7,1,510701210,Contrast,KK2-style-NEH,3235,3235,True
Ta50_10_7,1,510701210,Contrast,FRB4-p1,3271,3271,True
Ta50_10_7,1,510701210,Contrast,INEH-inspired,3259,3259,True
Ta50_10_7,2,510702219,Elite-only,NEH,3277,3277,True
Ta50_10_7,2,510702219,Elite-only,NEH-TBKK2,3277,3277,True
Ta50_10_7,2,510702219,Elite-only,KK2-style-NEH,3251,3251,True
Ta50_10_7,2,510702219,Elite-only,FRB4-p1,3277,3277,True
Ta50_10_7,2,510702219,Elite-only,INEH-inspired,3250,3250,True
Ta50_10_7,2,510702219,Contrast,NEH,3277,3277,True
Ta50_10_7,2,510702219,Contrast,NEH-TBKK2,3277,3277,True
Ta50_10_7,2,510702219,Contrast,KK2-style-NEH,3235,3235,True
Ta50_10_7,2,510702219,Contrast,FRB4-p1,3181,3181,True
Ta50_10_7,2,510702219,Contrast,INEH-inspired,3215,3215,True
Ta50_10_7,3,510703228,Elite-only,NEH,3277,3277,True
Ta50_10_7,3,510703228,Elite-only,NEH-TBKK2,3294,3294,True
Ta50_10_7,3,510703228,Elite-only,KK2-style-NEH,3292,3292,True
Ta50_10_7,3,510703228,Elite-only,FRB4-p1,3170,3170,True
Ta50_10_7,3,510703228,Elite-only,INEH-inspired,3259,3259,True
Ta50_10_7,3,510703228,Contrast,NEH,3277,3277,True
Ta50_10_7,3,510703228,Contrast,NEH-TBKK2,3301,3301,True
Ta50_10_7,3,510703228,Contrast,KK2-style-NEH,3235,3235,True
Ta50_10_7,3,510703228,Contrast,FRB4-p1,3189,3189,True
Ta50_10_7,3,510703228,Contrast,INEH-inspired,3192,3192,True
Ta50_10_7,4,510704237,Elite-only,NEH,3277,3277,True
Ta50_10_7,4,510704237,Elite-only,NEH-TBKK2,3294,3294,True
Ta50_10_7,4,510704237,Elite-only,KK2-style-NEH,3292,3292,True
Ta50_10_7,4,510704237,Elite-only,FRB4-p1,3165,3165,True
Ta50_10_7,4,510704237,Elite-only,INEH-inspired,3166,3166,True
Ta50_10_7,4,510704237,Contrast,NEH,3277,3277,True
Ta50_10_7,4,510704237,Contrast,NEH-TBKK2,3277,3277,True
Ta50_10_7,4,510704237,Contrast,KK2-style-NEH,3235,3235,True
Ta50_10_7,4,510704237,Contrast,FRB4-p1,3182,3182,True
Ta50_10_7,4,510704237,Contrast,INEH-inspired,3250,3250,True
Ta50_10_7,5,510705246,Elite-only,NEH,3277,3277,True
Ta50_10_7,5,510705246,Elite-only,NEH-TBKK2,3297,3297,True
Ta50_10_7,5,510705246,Elite-only,KK2-style-NEH,3292,3292,True
Ta50_10_7,5,510705246,Elite-only,FRB4-p1,3165,3165,True
Ta50_10_7,5,510705246,Elite-only,INEH-inspired,3277,3277,True
Ta50_10_7,5,510705246,Contrast,NEH,3277,3277,True
Ta50_10_7,5,510705246,Contrast,NEH-TBKK2,3277,3277,True
Ta50_10_7,5,510705246,Contrast,KK2-style-NEH,3235,3235,True
Ta50_10_7,5,510705246,Contrast,FRB4-p1,3182,3182,True
Ta50_10_7,5,510705246,Contrast,INEH-inspired,3208,3208,True
Ta50_10_8,1,510801210,Elite-only,NEH,3199,3199,True
Ta50_10_8,1,510801210,Elite-only,NEH-TBKK2,3193,3193,True
Ta50_10_8,1,510801210,Elite-only,KK2-style-NEH,3193,3193,True
Ta50_10_8,1,510801210,Elite-only,FRB4-p1,3114,3114,True
Ta50_10_8,1,510801210,Elite-only,INEH-inspired,3119,3119,True
Ta50_10_8,1,510801210,Contrast,NEH,3157,3157,True
Ta50_10_8,1,510801210,Contrast,NEH-TBKK2,3160,3160,True
Ta50_10_8,1,510801210,Contrast,KK2-style-NEH,3182,3182,True
Ta50_10_8,1,510801210,Contrast,FRB4-p1,3080,3080,True
Ta50_10_8,1,510801210,Contrast,INEH-inspired,3119,3119,True
Ta50_10_8,2,510802219,Elite-only,NEH,3193,3193,True
Ta50_10_8,2,510802219,Elite-only,NEH-TBKK2,3147,3147,True
Ta50_10_8,2,510802219,Elite-only,KK2-style-NEH,3193,3193,True
Ta50_10_8,2,510802219,Elite-only,FRB4-p1,3114,3114,True
Ta50_10_8,2,510802219,Elite-only,INEH-inspired,3131,3131,True
Ta50_10_8,2,510802219,Contrast,NEH,3169,3169,True
Ta50_10_8,2,510802219,Contrast,NEH-TBKK2,3160,3160,True
Ta50_10_8,2,510802219,Contrast,KK2-style-NEH,3182,3182,True
Ta50_10_8,2,510802219,Contrast,FRB4-p1,3104,3104,True
Ta50_10_8,2,510802219,Contrast,INEH-inspired,3128,3128,True
Ta50_10_8,3,510803228,Elite-only,NEH,3168,3168,True
Ta50_10_8,3,510803228,Elite-only,NEH-TBKK2,3183,3183,True
Ta50_10_8,3,510803228,Elite-only,KK2-style-NEH,3201,3201,True
Ta50_10_8,3,510803228,Elite-only,FRB4-p1,3085,3085,True
Ta50_10_8,3,510803228,Elite-only,INEH-inspired,3131,3131,True
Ta50_10_8,3,510803228,Contrast,NEH,3179,3179,True
Ta50_10_8,3,510803228,Contrast,NEH-TBKK2,3200,3200,True
Ta50_10_8,3,510803228,Contrast,KK2-style-NEH,3182,3182,True
Ta50_10_8,3,510803228,Contrast,FRB4-p1,3104,3104,True
Ta50_10_8,3,510803228,Contrast,INEH-inspired,3128,3128,True
Ta50_10_8,4,510804237,Elite-only,NEH,3193,3193,True
Ta50_10_8,4,510804237,Elite-only,NEH-TBKK2,3147,3147,True
Ta50_10_8,4,510804237,Elite-only,KK2-style-NEH,3193,3193,True
Ta50_10_8,4,510804237,Elite-only,FRB4-p1,3114,3114,True
Ta50_10_8,4,510804237,Elite-only,INEH-inspired,3100,3100,True
Ta50_10_8,4,510804237,Contrast,NEH,3171,3171,True
Ta50_10_8,4,510804237,Contrast,NEH-TBKK2,3200,3200,True
Ta50_10_8,4,510804237,Contrast,KK2-style-NEH,3243,3243,True
Ta50_10_8,4,510804237,Contrast,FRB4-p1,3077,3077,True
Ta50_10_8,4,510804237,Contrast,INEH-inspired,3101,3101,True
Ta50_10_8,5,510805246,Elite-only,NEH,3168,3168,True
Ta50_10_8,5,510805246,Elite-only,NEH-TBKK2,3183,3183,True
Ta50_10_8,5,510805246,Elite-only,KK2-style-NEH,3193,3193,True
Ta50_10_8,5,510805246,Elite-only,FRB4-p1,3110,3110,True
Ta50_10_8,5,510805246,Elite-only,INEH-inspired,3144,3144,True
Ta50_10_8,5,510805246,Contrast,NEH,3160,3160,True
Ta50_10_8,5,510805246,Contrast,NEH-TBKK2,3160,3160,True
Ta50_10_8,5,510805246,Contrast,KK2-style-NEH,3243,3243,True
Ta50_10_8,5,510805246,Contrast,FRB4-p1,3104,3104,True
Ta50_10_8,5,510805246,Contrast,INEH-inspired,3128,3128,True
Ta50_10_9,1,510901210,Elite-only,NEH,3039,3039,True
Ta50_10_9,1,510901210,Elite-only,NEH-TBKK2,3065,3065,True
Ta50_10_9,1,510901210,Elite-only,KK2-style-NEH,3146,3146,True
Ta50_10_9,1,510901210,Elite-only,FRB4-p1,2996,2996,True
Ta50_10_9,1,510901210,Elite-only,INEH-inspired,3012,3012,True
Ta50_10_9,1,510901210,Contrast,NEH,3037,3037,True
Ta50_10_9,1,510901210,Contrast,NEH-TBKK2,3038,3038,True
Ta50_10_9,1,510901210,Contrast,KK2-style-NEH,3073,3073,True
Ta50_10_9,1,510901210,Contrast,FRB4-p1,2991,2991,True
Ta50_10_9,1,510901210,Contrast,INEH-inspired,3019,3019,True
Ta50_10_9,2,510902219,Elite-only,NEH,3039,3039,True
Ta50_10_9,2,510902219,Elite-only,NEH-TBKK2,3065,3065,True
Ta50_10_9,2,510902219,Elite-only,KK2-style-NEH,3102,3102,True
Ta50_10_9,2,510902219,Elite-only,FRB4-p1,2979,2979,True
Ta50_10_9,2,510902219,Elite-only,INEH-inspired,2992,2992,True
Ta50_10_9,2,510902219,Contrast,NEH,3037,3037,True
Ta50_10_9,2,510902219,Contrast,NEH-TBKK2,3038,3038,True
Ta50_10_9,2,510902219,Contrast,KK2-style-NEH,3117,3117,True
Ta50_10_9,2,510902219,Contrast,FRB4-p1,2983,2983,True
Ta50_10_9,2,510902219,Contrast,INEH-inspired,2996,2996,True
Ta50_10_9,3,510903228,Elite-only,NEH,3001,3001,True
Ta50_10_9,3,510903228,Elite-only,NEH-TBKK2,3036,3036,True
Ta50_10_9,3,510903228,Elite-only,KK2-style-NEH,3145,3145,True
Ta50_10_9,3,510903228,Elite-only,FRB4-p1,3007,3007,True
Ta50_10_9,3,510903228,Elite-only,INEH-inspired,3032,3032,True
Ta50_10_9,3,510903228,Contrast,NEH,3037,3037,True
Ta50_10_9,3,510903228,Contrast,NEH-TBKK2,3038,3038,True
Ta50_10_9,3,510903228,Contrast,KK2-style-NEH,3117,3117,True
Ta50_10_9,3,510903228,Contrast,FRB4-p1,2987,2987,True
Ta50_10_9,3,510903228,Contrast,INEH-inspired,3018,3018,True
Ta50_10_9,4,510904237,Elite-only,NEH,3039,3039,True
Ta50_10_9,4,510904237,Elite-only,NEH-TBKK2,3065,3065,True
Ta50_10_9,4,510904237,Elite-only,KK2-style-NEH,3145,3145,True
Ta50_10_9,4,510904237,Elite-only,FRB4-p1,3000,3000,True
Ta50_10_9,4,510904237,Elite-only,INEH-inspired,3017,3017,True
Ta50_10_9,4,510904237,Contrast,NEH,3037,3037,True
Ta50_10_9,4,510904237,Contrast,NEH-TBKK2,3038,3038,True
Ta50_10_9,4,510904237,Contrast,KK2-style-NEH,3117,3117,True
Ta50_10_9,4,510904237,Contrast,FRB4-p1,2974,2974,True
Ta50_10_9,4,510904237,Contrast,INEH-inspired,3049,3049,True
Ta50_10_9,5,510905246,Elite-only,NEH,3039,3039,True
Ta50_10_9,5,510905246,Elite-only,NEH-TBKK2,3065,3065,True
Ta50_10_9,5,510905246,Elite-only,KK2-style-NEH,3102,3102,True
Ta50_10_9,5,510905246,Elite-only,FRB4-p1,2991,2991,True
Ta50_10_9,5,510905246,Elite-only,INEH-inspired,3055,3055,True
Ta50_10_9,5,510905246,Contrast,NEH,3037,3037,True
Ta50_10_9,5,510905246,Contrast,NEH-TBKK2,3038,3038,True
Ta50_10_9,5,510905246,Contrast,KK2-style-NEH,3117,3117,True
Ta50_10_9,5,510905246,Contrast,FRB4-p1,2969,2969,True
Ta50_10_9,5,510905246,Contrast,INEH-inspired,3025,3025,True
Ta50_10_10,1,511001210,Elite-only,NEH,3209,3209,True
Ta50_10_10,1,511001210,Elite-only,NEH-TBKK2,3211,3211,True
Ta50_10_10,1,511001210,Elite-only,KK2-style-NEH,3218,3218,True
Ta50_10_10,1,511001210,Elite-only,FRB4-p1,3220,3220,True
Ta50_10_10,1,511001210,Elite-only,INEH-inspired,3195,3195,True
Ta50_10_10,1,511001210,Contrast,NEH,3195,3195,True
Ta50_10_10,1,511001210,Contrast,NEH-TBKK2,3258,3258,True
Ta50_10_10,1,511001210,Contrast,KK2-style-NEH,3218,3218,True
Ta50_10_10,1,511001210,Contrast,FRB4-p1,3208,3208,True
Ta50_10_10,1,511001210,Contrast,INEH-inspired,3195,3195,True
Ta50_10_10,2,511002219,Elite-only,NEH,3209,3209,True
Ta50_10_10,2,511002219,Elite-only,NEH-TBKK2,3211,3211,True
Ta50_10_10,2,511002219,Elite-only,KK2-style-NEH,3218,3218,True
Ta50_10_10,2,511002219,Elite-only,FRB4-p1,3203,3203,True
Ta50_10_10,2,511002219,Elite-only,INEH-inspired,3215,3215,True
Ta50_10_10,2,511002219,Contrast,NEH,3195,3195,True
Ta50_10_10,2,511002219,Contrast,NEH-TBKK2,3258,3258,True
Ta50_10_10,2,511002219,Contrast,KK2-style-NEH,3218,3218,True
Ta50_10_10,2,511002219,Contrast,FRB4-p1,3203,3203,True
Ta50_10_10,2,511002219,Contrast,INEH-inspired,3195,3195,True
Ta50_10_10,3,511003228,Elite-only,NEH,3209,3209,True
Ta50_10_10,3,511003228,Elite-only,NEH-TBKK2,3240,3240,True
Ta50_10_10,3,511003228,Elite-only,KK2-style-NEH,3218,3218,True
Ta50_10_10,3,511003228,Elite-only,FRB4-p1,3210,3210,True
Ta50_10_10,3,511003228,Elite-only,INEH-inspired,3168,3168,True
Ta50_10_10,3,511003228,Contrast,NEH,3195,3195,True
Ta50_10_10,3,511003228,Contrast,NEH-TBKK2,3258,3258,True
Ta50_10_10,3,511003228,Contrast,KK2-style-NEH,3218,3218,True
Ta50_10_10,3,511003228,Contrast,FRB4-p1,3204,3204,True
Ta50_10_10,3,511003228,Contrast,INEH-inspired,3195,3195,True
Ta50_10_10,4,511004237,Elite-only,NEH,3195,3195,True
Ta50_10_10,4,511004237,Elite-only,NEH-TBKK2,3204,3204,True
Ta50_10_10,4,511004237,Elite-only,KK2-style-NEH,3218,3218,True
Ta50_10_10,4,511004237,Elite-only,FRB4-p1,3195,3195,True
Ta50_10_10,4,511004237,Elite-only,INEH-inspired,3202,3202,True
Ta50_10_10,4,511004237,Contrast,NEH,3195,3195,True
Ta50_10_10,4,511004237,Contrast,NEH-TBKK2,3258,3258,True
Ta50_10_10,4,511004237,Contrast,KK2-style-NEH,3218,3218,True
Ta50_10_10,4,511004237,Contrast,FRB4-p1,3189,3189,True
Ta50_10_10,4,511004237,Contrast,INEH-inspired,3195,3195,True
Ta50_10_10,5,511005246,Elite-only,NEH,3195,3195,True
Ta50_10_10,5,511005246,Elite-only,NEH-TBKK2,3205,3205,True
Ta50_10_10,5,511005246,Elite-only,KK2-style-NEH,3241,3241,True
Ta50_10_10,5,511005246,Elite-only,FRB4-p1,3204,3204,True
Ta50_10_10,5,511005246,Elite-only,INEH-inspired,3198,3198,True
Ta50_10_10,5,511005246,Contrast,NEH,3195,3195,True
Ta50_10_10,5,511005246,Contrast,NEH-TBKK2,3258,3258,True
Ta50_10_10,5,511005246,Contrast,KK2-style-NEH,3218,3218,True
Ta50_10_10,5,511005246,Contrast,FRB4-p1,3204,3204,True
Ta50_10_10,5,511005246,Contrast,INEH-inspired,3195,3195,True
Ta50_20_1,1,410201210,Elite-only,NEH,4082,4082,True
Ta50_20_1,1,410201210,Elite-only,NEH-TBKK2,4095,4095,True
Ta50_20_1,1,410201210,Elite-only,KK2-style-NEH,4132,4132,True
Ta50_20_1,1,410201210,Elite-only,FRB4-p1,4011,4011,True
Ta50_20_1,1,410201210,Elite-only,INEH-inspired,4101,4101,True
Ta50_20_1,1,410201210,Contrast,NEH,4082,4082,True
Ta50_20_1,1,410201210,Contrast,NEH-TBKK2,4082,4082,True
Ta50_20_1,1,410201210,Contrast,KK2-style-NEH,4132,4132,True
Ta50_20_1,1,410201210,Contrast,FRB4-p1,4066,4066,True
Ta50_20_1,1,410201210,Contrast,INEH-inspired,4018,4018,True
Ta50_20_1,2,410202219,Elite-only,NEH,4082,4082,True
Ta50_20_1,2,410202219,Elite-only,NEH-TBKK2,4082,4082,True
Ta50_20_1,2,410202219,Elite-only,KK2-style-NEH,4132,4132,True
Ta50_20_1,2,410202219,Elite-only,FRB4-p1,4038,4038,True
Ta50_20_1,2,410202219,Elite-only,INEH-inspired,4078,4078,True
Ta50_20_1,2,410202219,Contrast,NEH,4082,4082,True
Ta50_20_1,2,410202219,Contrast,NEH-TBKK2,4082,4082,True
Ta50_20_1,2,410202219,Contrast,KK2-style-NEH,4132,4132,True
Ta50_20_1,2,410202219,Contrast,FRB4-p1,3991,3991,True
Ta50_20_1,2,410202219,Contrast,INEH-inspired,4002,4002,True
Ta50_20_1,3,410203228,Elite-only,NEH,4082,4082,True
Ta50_20_1,3,410203228,Elite-only,NEH-TBKK2,4082,4082,True
Ta50_20_1,3,410203228,Elite-only,KK2-style-NEH,4132,4132,True
Ta50_20_1,3,410203228,Elite-only,FRB4-p1,4039,4039,True
Ta50_20_1,3,410203228,Elite-only,INEH-inspired,4030,4030,True
Ta50_20_1,3,410203228,Contrast,NEH,4082,4082,True
Ta50_20_1,3,410203228,Contrast,NEH-TBKK2,4082,4082,True
Ta50_20_1,3,410203228,Contrast,KK2-style-NEH,4132,4132,True
Ta50_20_1,3,410203228,Contrast,FRB4-p1,4064,4064,True
Ta50_20_1,3,410203228,Contrast,INEH-inspired,4003,4003,True
Ta50_20_1,4,410204237,Elite-only,NEH,4082,4082,True
Ta50_20_1,4,410204237,Elite-only,NEH-TBKK2,4095,4095,True
Ta50_20_1,4,410204237,Elite-only,KK2-style-NEH,4132,4132,True
Ta50_20_1,4,410204237,Elite-only,FRB4-p1,4034,4034,True
Ta50_20_1,4,410204237,Elite-only,INEH-inspired,4038,4038,True
Ta50_20_1,4,410204237,Contrast,NEH,4082,4082,True
Ta50_20_1,4,410204237,Contrast,NEH-TBKK2,4082,4082,True
Ta50_20_1,4,410204237,Contrast,KK2-style-NEH,4132,4132,True
Ta50_20_1,4,410204237,Contrast,FRB4-p1,4023,4023,True
Ta50_20_1,4,410204237,Contrast,INEH-inspired,4049,4049,True
Ta50_20_1,5,410205246,Elite-only,NEH,4082,4082,True
Ta50_20_1,5,410205246,Elite-only,NEH-TBKK2,4082,4082,True
Ta50_20_1,5,410205246,Elite-only,KK2-style-NEH,4132,4132,True
Ta50_20_1,5,410205246,Elite-only,FRB4-p1,4023,4023,True
Ta50_20_1,5,410205246,Elite-only,INEH-inspired,4023,4023,True
Ta50_20_1,5,410205246,Contrast,NEH,4082,4082,True
Ta50_20_1,5,410205246,Contrast,NEH-TBKK2,4082,4082,True
Ta50_20_1,5,410205246,Contrast,KK2-style-NEH,4132,4132,True
Ta50_20_1,5,410205246,Contrast,FRB4-p1,4015,4015,True
Ta50_20_1,5,410205246,Contrast,INEH-inspired,4048,4048,True
Ta50_20_2,1,410301210,Elite-only,NEH,3910,3910,True
Ta50_20_2,1,410301210,Elite-only,NEH-TBKK2,3920,3920,True
Ta50_20_2,1,410301210,Elite-only,KK2-style-NEH,4006,4006,True
Ta50_20_2,1,410301210,Elite-only,FRB4-p1,3878,3878,True
Ta50_20_2,1,410301210,Elite-only,INEH-inspired,3930,3930,True
Ta50_20_2,1,410301210,Contrast,NEH,3910,3910,True
Ta50_20_2,1,410301210,Contrast,NEH-TBKK2,3920,3920,True
Ta50_20_2,1,410301210,Contrast,KK2-style-NEH,4000,4000,True
Ta50_20_2,1,410301210,Contrast,FRB4-p1,3847,3847,True
Ta50_20_2,1,410301210,Contrast,INEH-inspired,3848,3848,True
Ta50_20_2,2,410302219,Elite-only,NEH,3911,3911,True
Ta50_20_2,2,410302219,Elite-only,NEH-TBKK2,3920,3920,True
Ta50_20_2,2,410302219,Elite-only,KK2-style-NEH,4011,4011,True
Ta50_20_2,2,410302219,Elite-only,FRB4-p1,3871,3871,True
Ta50_20_2,2,410302219,Elite-only,INEH-inspired,3923,3923,True
Ta50_20_2,2,410302219,Contrast,NEH,3910,3910,True
Ta50_20_2,2,410302219,Contrast,NEH-TBKK2,3920,3920,True
Ta50_20_2,2,410302219,Contrast,KK2-style-NEH,4000,4000,True
Ta50_20_2,2,410302219,Contrast,FRB4-p1,3889,3889,True
Ta50_20_2,2,410302219,Contrast,INEH-inspired,3873,3873,True
Ta50_20_2,3,410303228,Elite-only,NEH,3910,3910,True
Ta50_20_2,3,410303228,Elite-only,NEH-TBKK2,3932,3932,True
Ta50_20_2,3,410303228,Elite-only,KK2-style-NEH,4011,4011,True
Ta50_20_2,3,410303228,Elite-only,FRB4-p1,3868,3868,True
Ta50_20_2,3,410303228,Elite-only,INEH-inspired,3912,3912,True
Ta50_20_2,3,410303228,Contrast,NEH,3910,3910,True
Ta50_20_2,3,410303228,Contrast,NEH-TBKK2,3920,3920,True
Ta50_20_2,3,410303228,Contrast,KK2-style-NEH,4019,4019,True
Ta50_20_2,3,410303228,Contrast,FRB4-p1,3871,3871,True
Ta50_20_2,3,410303228,Contrast,INEH-inspired,3863,3863,True
Ta50_20_2,4,410304237,Elite-only,NEH,3910,3910,True
Ta50_20_2,4,410304237,Elite-only,NEH-TBKK2,3932,3932,True
Ta50_20_2,4,410304237,Elite-only,KK2-style-NEH,4011,4011,True
Ta50_20_2,4,410304237,Elite-only,FRB4-p1,3848,3848,True
Ta50_20_2,4,410304237,Elite-only,INEH-inspired,3927,3927,True
Ta50_20_2,4,410304237,Contrast,NEH,3910,3910,True
Ta50_20_2,4,410304237,Contrast,NEH-TBKK2,3920,3920,True
Ta50_20_2,4,410304237,Contrast,KK2-style-NEH,4000,4000,True
Ta50_20_2,4,410304237,Contrast,FRB4-p1,3873,3873,True
Ta50_20_2,4,410304237,Contrast,INEH-inspired,3934,3934,True
Ta50_20_2,5,410305246,Elite-only,NEH,3910,3910,True
Ta50_20_2,5,410305246,Elite-only,NEH-TBKK2,3920,3920,True
Ta50_20_2,5,410305246,Elite-only,KK2-style-NEH,4011,4011,True
Ta50_20_2,5,410305246,Elite-only,FRB4-p1,3874,3874,True
Ta50_20_2,5,410305246,Elite-only,INEH-inspired,3919,3919,True
Ta50_20_2,5,410305246,Contrast,NEH,3910,3910,True
Ta50_20_2,5,410305246,Contrast,NEH-TBKK2,3920,3920,True
Ta50_20_2,5,410305246,Contrast,KK2-style-NEH,4019,4019,True
Ta50_20_2,5,410305246,Contrast,FRB4-p1,3903,3903,True
Ta50_20_2,5,410305246,Contrast,INEH-inspired,3894,3894,True
Ta50_20_3,1,410401210,Elite-only,NEH,3908,3908,True
Ta50_20_3,1,410401210,Elite-only,NEH-TBKK2,3894,3894,True
Ta50_20_3,1,410401210,Elite-only,KK2-style-NEH,3924,3924,True
Ta50_20_3,1,410401210,Elite-only,FRB4-p1,3889,3889,True
Ta50_20_3,1,410401210,Elite-only,INEH-inspired,3856,3856,True
Ta50_20_3,1,410401210,Contrast,NEH,3908,3908,True
Ta50_20_3,1,410401210,Contrast,NEH-TBKK2,3925,3925,True
Ta50_20_3,1,410401210,Contrast,KK2-style-NEH,3924,3924,True
Ta50_20_3,1,410401210,Contrast,FRB4-p1,3820,3820,True
Ta50_20_3,1,410401210,Contrast,INEH-inspired,3850,3850,True
Ta50_20_3,2,410402219,Elite-only,NEH,3908,3908,True
Ta50_20_3,2,410402219,Elite-only,NEH-TBKK2,3894,3894,True
Ta50_20_3,2,410402219,Elite-only,KK2-style-NEH,3924,3924,True
Ta50_20_3,2,410402219,Elite-only,FRB4-p1,3847,3847,True
Ta50_20_3,2,410402219,Elite-only,INEH-inspired,3846,3846,True
Ta50_20_3,2,410402219,Contrast,NEH,3908,3908,True
Ta50_20_3,2,410402219,Contrast,NEH-TBKK2,3925,3925,True
Ta50_20_3,2,410402219,Contrast,KK2-style-NEH,3924,3924,True
Ta50_20_3,2,410402219,Contrast,FRB4-p1,3832,3832,True
Ta50_20_3,2,410402219,Contrast,INEH-inspired,3854,3854,True
Ta50_20_3,3,410403228,Elite-only,NEH,3908,3908,True
Ta50_20_3,3,410403228,Elite-only,NEH-TBKK2,3894,3894,True
Ta50_20_3,3,410403228,Elite-only,KK2-style-NEH,3918,3918,True
Ta50_20_3,3,410403228,Elite-only,FRB4-p1,3841,3841,True
Ta50_20_3,3,410403228,Elite-only,INEH-inspired,3865,3865,True
Ta50_20_3,3,410403228,Contrast,NEH,3908,3908,True
Ta50_20_3,3,410403228,Contrast,NEH-TBKK2,3925,3925,True
Ta50_20_3,3,410403228,Contrast,KK2-style-NEH,3924,3924,True
Ta50_20_3,3,410403228,Contrast,FRB4-p1,3832,3832,True
Ta50_20_3,3,410403228,Contrast,INEH-inspired,3859,3859,True
Ta50_20_3,4,410404237,Elite-only,NEH,3908,3908,True
Ta50_20_3,4,410404237,Elite-only,NEH-TBKK2,3894,3894,True
Ta50_20_3,4,410404237,Elite-only,KK2-style-NEH,3924,3924,True
Ta50_20_3,4,410404237,Elite-only,FRB4-p1,3875,3875,True
Ta50_20_3,4,410404237,Elite-only,INEH-inspired,3846,3846,True
Ta50_20_3,4,410404237,Contrast,NEH,3908,3908,True
Ta50_20_3,4,410404237,Contrast,NEH-TBKK2,3925,3925,True
Ta50_20_3,4,410404237,Contrast,KK2-style-NEH,3924,3924,True
Ta50_20_3,4,410404237,Contrast,FRB4-p1,3832,3832,True
Ta50_20_3,4,410404237,Contrast,INEH-inspired,3867,3867,True
Ta50_20_3,5,410405246,Elite-only,NEH,3908,3908,True
Ta50_20_3,5,410405246,Elite-only,NEH-TBKK2,3894,3894,True
Ta50_20_3,5,410405246,Elite-only,KK2-style-NEH,3918,3918,True
Ta50_20_3,5,410405246,Elite-only,FRB4-p1,3838,3838,True
Ta50_20_3,5,410405246,Elite-only,INEH-inspired,3795,3795,True
Ta50_20_3,5,410405246,Contrast,NEH,3908,3908,True
Ta50_20_3,5,410405246,Contrast,NEH-TBKK2,3925,3925,True
Ta50_20_3,5,410405246,Contrast,KK2-style-NEH,3924,3924,True
Ta50_20_3,5,410405246,Contrast,FRB4-p1,3804,3804,True
Ta50_20_3,5,410405246,Contrast,INEH-inspired,3895,3895,True
Ta50_20_4,1,410501210,Elite-only,NEH,3990,3990,True
Ta50_20_4,1,410501210,Elite-only,NEH-TBKK2,3932,3932,True
Ta50_20_4,1,410501210,Elite-only,KK2-style-NEH,3999,3999,True
Ta50_20_4,1,410501210,Elite-only,FRB4-p1,3882,3882,True
Ta50_20_4,1,410501210,Elite-only,INEH-inspired,3924,3924,True
Ta50_20_4,1,410501210,Contrast,NEH,3990,3990,True
Ta50_20_4,1,410501210,Contrast,NEH-TBKK2,3932,3932,True
Ta50_20_4,1,410501210,Contrast,KK2-style-NEH,3992,3992,True
Ta50_20_4,1,410501210,Contrast,FRB4-p1,3903,3903,True
Ta50_20_4,1,410501210,Contrast,INEH-inspired,3902,3902,True
Ta50_20_4,2,410502219,Elite-only,NEH,3969,3969,True
Ta50_20_4,2,410502219,Elite-only,NEH-TBKK2,3932,3932,True
Ta50_20_4,2,410502219,Elite-only,KK2-style-NEH,3999,3999,True
Ta50_20_4,2,410502219,Elite-only,FRB4-p1,3884,3884,True
Ta50_20_4,2,410502219,Elite-only,INEH-inspired,3889,3889,True
Ta50_20_4,2,410502219,Contrast,NEH,3990,3990,True
Ta50_20_4,2,410502219,Contrast,NEH-TBKK2,3932,3932,True
Ta50_20_4,2,410502219,Contrast,KK2-style-NEH,3992,3992,True
Ta50_20_4,2,410502219,Contrast,FRB4-p1,3879,3879,True
Ta50_20_4,2,410502219,Contrast,INEH-inspired,3904,3904,True
Ta50_20_4,3,410503228,Elite-only,NEH,3990,3990,True
Ta50_20_4,3,410503228,Elite-only,NEH-TBKK2,3932,3932,True
Ta50_20_4,3,410503228,Elite-only,KK2-style-NEH,3999,3999,True
Ta50_20_4,3,410503228,Elite-only,FRB4-p1,3886,3886,True
Ta50_20_4,3,410503228,Elite-only,INEH-inspired,3838,3838,True
Ta50_20_4,3,410503228,Contrast,NEH,3990,3990,True
Ta50_20_4,3,410503228,Contrast,NEH-TBKK2,3932,3932,True
Ta50_20_4,3,410503228,Contrast,KK2-style-NEH,3992,3992,True
Ta50_20_4,3,410503228,Contrast,FRB4-p1,3880,3880,True
Ta50_20_4,3,410503228,Contrast,INEH-inspired,3947,3947,True
Ta50_20_4,4,410504237,Elite-only,NEH,3990,3990,True
Ta50_20_4,4,410504237,Elite-only,NEH-TBKK2,3932,3932,True
Ta50_20_4,4,410504237,Elite-only,KK2-style-NEH,3999,3999,True
Ta50_20_4,4,410504237,Elite-only,FRB4-p1,3899,3899,True
Ta50_20_4,4,410504237,Elite-only,INEH-inspired,3904,3904,True
Ta50_20_4,4,410504237,Contrast,NEH,3993,3993,True
Ta50_20_4,4,410504237,Contrast,NEH-TBKK2,3954,3954,True
Ta50_20_4,4,410504237,Contrast,KK2-style-NEH,3992,3992,True
Ta50_20_4,4,410504237,Contrast,FRB4-p1,3902,3902,True
Ta50_20_4,4,410504237,Contrast,INEH-inspired,3910,3910,True
Ta50_20_4,5,410505246,Elite-only,NEH,3990,3990,True
Ta50_20_4,5,410505246,Elite-only,NEH-TBKK2,3932,3932,True
Ta50_20_4,5,410505246,Elite-only,KK2-style-NEH,3999,3999,True
Ta50_20_4,5,410505246,Elite-only,FRB4-p1,3900,3900,True
Ta50_20_4,5,410505246,Elite-only,INEH-inspired,3941,3941,True
Ta50_20_4,5,410505246,Contrast,NEH,3990,3990,True
Ta50_20_4,5,410505246,Contrast,NEH-TBKK2,3932,3932,True
Ta50_20_4,5,410505246,Contrast,KK2-style-NEH,3992,3992,True
Ta50_20_4,5,410505246,Contrast,FRB4-p1,3852,3852,True
Ta50_20_4,5,410505246,Contrast,INEH-inspired,3942,3942,True
Ta50_20_5,1,410601210,Elite-only,NEH,3848,3848,True
Ta50_20_5,1,410601210,Elite-only,NEH-TBKK2,3890,3890,True
Ta50_20_5,1,410601210,Elite-only,KK2-style-NEH,3971,3971,True
Ta50_20_5,1,410601210,Elite-only,FRB4-p1,3830,3830,True
Ta50_20_5,1,410601210,Elite-only,INEH-inspired,3796,3796,True
Ta50_20_5,1,410601210,Contrast,NEH,3877,3877,True
Ta50_20_5,1,410601210,Contrast,NEH-TBKK2,3890,3890,True
Ta50_20_5,1,410601210,Contrast,KK2-style-NEH,3971,3971,True
Ta50_20_5,1,410601210,Contrast,FRB4-p1,3774,3774,True
Ta50_20_5,1,410601210,Contrast,INEH-inspired,3832,3832,True
Ta50_20_5,2,410602219,Elite-only,NEH,3848,3848,True
Ta50_20_5,2,410602219,Elite-only,NEH-TBKK2,3890,3890,True
Ta50_20_5,2,410602219,Elite-only,KK2-style-NEH,3971,3971,True
Ta50_20_5,2,410602219,Elite-only,FRB4-p1,3799,3799,True
Ta50_20_5,2,410602219,Elite-only,INEH-inspired,3823,3823,True
Ta50_20_5,2,410602219,Contrast,NEH,3855,3855,True
Ta50_20_5,2,410602219,Contrast,NEH-TBKK2,3890,3890,True
Ta50_20_5,2,410602219,Contrast,KK2-style-NEH,3986,3986,True
Ta50_20_5,2,410602219,Contrast,FRB4-p1,3777,3777,True
Ta50_20_5,2,410602219,Contrast,INEH-inspired,3802,3802,True
Ta50_20_5,3,410603228,Elite-only,NEH,3848,3848,True
Ta50_20_5,3,410603228,Elite-only,NEH-TBKK2,3890,3890,True
Ta50_20_5,3,410603228,Elite-only,KK2-style-NEH,3971,3971,True
Ta50_20_5,3,410603228,Elite-only,FRB4-p1,3801,3801,True
Ta50_20_5,3,410603228,Elite-only,INEH-inspired,3839,3839,True
Ta50_20_5,3,410603228,Contrast,NEH,3837,3837,True
Ta50_20_5,3,410603228,Contrast,NEH-TBKK2,3887,3887,True
Ta50_20_5,3,410603228,Contrast,KK2-style-NEH,3971,3971,True
Ta50_20_5,3,410603228,Contrast,FRB4-p1,3774,3774,True
Ta50_20_5,3,410603228,Contrast,INEH-inspired,3832,3832,True
Ta50_20_5,4,410604237,Elite-only,NEH,3886,3886,True
Ta50_20_5,4,410604237,Elite-only,NEH-TBKK2,3890,3890,True
Ta50_20_5,4,410604237,Elite-only,KK2-style-NEH,3971,3971,True
Ta50_20_5,4,410604237,Elite-only,FRB4-p1,3771,3771,True
Ta50_20_5,4,410604237,Elite-only,INEH-inspired,3841,3841,True
Ta50_20_5,4,410604237,Contrast,NEH,3837,3837,True
Ta50_20_5,4,410604237,Contrast,NEH-TBKK2,3890,3890,True
Ta50_20_5,4,410604237,Contrast,KK2-style-NEH,3988,3988,True
Ta50_20_5,4,410604237,Contrast,FRB4-p1,3793,3793,True
Ta50_20_5,4,410604237,Contrast,INEH-inspired,3834,3834,True
Ta50_20_5,5,410605246,Elite-only,NEH,3848,3848,True
Ta50_20_5,5,410605246,Elite-only,NEH-TBKK2,3890,3890,True
Ta50_20_5,5,410605246,Elite-only,KK2-style-NEH,3971,3971,True
Ta50_20_5,5,410605246,Elite-only,FRB4-p1,3811,3811,True
Ta50_20_5,5,410605246,Elite-only,INEH-inspired,3807,3807,True
Ta50_20_5,5,410605246,Contrast,NEH,3877,3877,True
Ta50_20_5,5,410605246,Contrast,NEH-TBKK2,3890,3890,True
Ta50_20_5,5,410605246,Contrast,KK2-style-NEH,3971,3971,True
Ta50_20_5,5,410605246,Contrast,FRB4-p1,3776,3776,True
Ta50_20_5,5,410605246,Contrast,INEH-inspired,3830,3830,True
Ta50_20_6,1,410701210,Elite-only,NEH,3904,3904,True
Ta50_20_6,1,410701210,Elite-only,NEH-TBKK2,3887,3887,True
Ta50_20_6,1,410701210,Elite-only,KK2-style-NEH,3924,3924,True
Ta50_20_6,1,410701210,Elite-only,FRB4-p1,3847,3847,True
Ta50_20_6,1,410701210,Elite-only,INEH-inspired,3828,3828,True
Ta50_20_6,1,410701210,Contrast,NEH,3905,3905,True
Ta50_20_6,1,410701210,Contrast,NEH-TBKK2,3831,3831,True
Ta50_20_6,1,410701210,Contrast,KK2-style-NEH,3924,3924,True
Ta50_20_6,1,410701210,Contrast,FRB4-p1,3809,3809,True
Ta50_20_6,1,410701210,Contrast,INEH-inspired,3867,3867,True
Ta50_20_6,2,410702219,Elite-only,NEH,3899,3899,True
Ta50_20_6,2,410702219,Elite-only,NEH-TBKK2,3879,3879,True
Ta50_20_6,2,410702219,Elite-only,KK2-style-NEH,3924,3924,True
Ta50_20_6,2,410702219,Elite-only,FRB4-p1,3827,3827,True
Ta50_20_6,2,410702219,Elite-only,INEH-inspired,3828,3828,True
Ta50_20_6,2,410702219,Contrast,NEH,3905,3905,True
Ta50_20_6,2,410702219,Contrast,NEH-TBKK2,3831,3831,True
Ta50_20_6,2,410702219,Contrast,KK2-style-NEH,3924,3924,True
Ta50_20_6,2,410702219,Contrast,FRB4-p1,3830,3830,True
Ta50_20_6,2,410702219,Contrast,INEH-inspired,3869,3869,True
Ta50_20_6,3,410703228,Elite-only,NEH,3904,3904,True
Ta50_20_6,3,410703228,Elite-only,NEH-TBKK2,3879,3879,True
Ta50_20_6,3,410703228,Elite-only,KK2-style-NEH,3924,3924,True
Ta50_20_6,3,410703228,Elite-only,FRB4-p1,3821,3821,True
Ta50_20_6,3,410703228,Elite-only,INEH-inspired,3859,3859,True
Ta50_20_6,3,410703228,Contrast,NEH,3905,3905,True
Ta50_20_6,3,410703228,Contrast,NEH-TBKK2,3831,3831,True
Ta50_20_6,3,410703228,Contrast,KK2-style-NEH,3924,3924,True
Ta50_20_6,3,410703228,Contrast,FRB4-p1,3852,3852,True
Ta50_20_6,3,410703228,Contrast,INEH-inspired,3843,3843,True
Ta50_20_6,4,410704237,Elite-only,NEH,3904,3904,True
Ta50_20_6,4,410704237,Elite-only,NEH-TBKK2,3879,3879,True
Ta50_20_6,4,410704237,Elite-only,KK2-style-NEH,3924,3924,True
Ta50_20_6,4,410704237,Elite-only,FRB4-p1,3813,3813,True
Ta50_20_6,4,410704237,Elite-only,INEH-inspired,3861,3861,True
Ta50_20_6,4,410704237,Contrast,NEH,3905,3905,True
Ta50_20_6,4,410704237,Contrast,NEH-TBKK2,3831,3831,True
Ta50_20_6,4,410704237,Contrast,KK2-style-NEH,3924,3924,True
Ta50_20_6,4,410704237,Contrast,FRB4-p1,3886,3886,True
Ta50_20_6,4,410704237,Contrast,INEH-inspired,3861,3861,True
Ta50_20_6,5,410705246,Elite-only,NEH,3904,3904,True
Ta50_20_6,5,410705246,Elite-only,NEH-TBKK2,3879,3879,True
Ta50_20_6,5,410705246,Elite-only,KK2-style-NEH,3924,3924,True
Ta50_20_6,5,410705246,Elite-only,FRB4-p1,3836,3836,True
Ta50_20_6,5,410705246,Elite-only,INEH-inspired,3856,3856,True
Ta50_20_6,5,410705246,Contrast,NEH,3905,3905,True
Ta50_20_6,5,410705246,Contrast,NEH-TBKK2,3831,3831,True
Ta50_20_6,5,410705246,Contrast,KK2-style-NEH,3924,3924,True
Ta50_20_6,5,410705246,Contrast,FRB4-p1,3848,3848,True
Ta50_20_6,5,410705246,Contrast,INEH-inspired,3863,3863,True
Ta50_20_7,1,410801210,Elite-only,NEH,3997,3997,True
Ta50_20_7,1,410801210,Elite-only,NEH-TBKK2,3948,3948,True
Ta50_20_7,1,410801210,Elite-only,KK2-style-NEH,4020,4020,True
Ta50_20_7,1,410801210,Elite-only,FRB4-p1,3897,3897,True
Ta50_20_7,1,410801210,Elite-only,INEH-inspired,3897,3897,True
Ta50_20_7,1,410801210,Contrast,NEH,3997,3997,True
Ta50_20_7,1,410801210,Contrast,NEH-TBKK2,3948,3948,True
Ta50_20_7,1,410801210,Contrast,KK2-style-NEH,4020,4020,True
Ta50_20_7,1,410801210,Contrast,FRB4-p1,3864,3864,True
Ta50_20_7,1,410801210,Contrast,INEH-inspired,3909,3909,True
Ta50_20_7,2,410802219,Elite-only,NEH,3997,3997,True
Ta50_20_7,2,410802219,Elite-only,NEH-TBKK2,3948,3948,True
Ta50_20_7,2,410802219,Elite-only,KK2-style-NEH,4020,4020,True
Ta50_20_7,2,410802219,Elite-only,FRB4-p1,3914,3914,True
Ta50_20_7,2,410802219,Elite-only,INEH-inspired,3894,3894,True
Ta50_20_7,2,410802219,Contrast,NEH,3997,3997,True
Ta50_20_7,2,410802219,Contrast,NEH-TBKK2,3948,3948,True
Ta50_20_7,2,410802219,Contrast,KK2-style-NEH,4020,4020,True
Ta50_20_7,2,410802219,Contrast,FRB4-p1,3861,3861,True
Ta50_20_7,2,410802219,Contrast,INEH-inspired,3916,3916,True
Ta50_20_7,3,410803228,Elite-only,NEH,3997,3997,True
Ta50_20_7,3,410803228,Elite-only,NEH-TBKK2,3948,3948,True
Ta50_20_7,3,410803228,Elite-only,KK2-style-NEH,4020,4020,True
Ta50_20_7,3,410803228,Elite-only,FRB4-p1,3909,3909,True
Ta50_20_7,3,410803228,Elite-only,INEH-inspired,3823,3823,True
Ta50_20_7,3,410803228,Contrast,NEH,3997,3997,True
Ta50_20_7,3,410803228,Contrast,NEH-TBKK2,3948,3948,True
Ta50_20_7,3,410803228,Contrast,KK2-style-NEH,4020,4020,True
Ta50_20_7,3,410803228,Contrast,FRB4-p1,3882,3882,True
Ta50_20_7,3,410803228,Contrast,INEH-inspired,3916,3916,True
Ta50_20_7,4,410804237,Elite-only,NEH,3997,3997,True
Ta50_20_7,4,410804237,Elite-only,NEH-TBKK2,3948,3948,True
Ta50_20_7,4,410804237,Elite-only,KK2-style-NEH,4020,4020,True
Ta50_20_7,4,410804237,Elite-only,FRB4-p1,3886,3886,True
Ta50_20_7,4,410804237,Elite-only,INEH-inspired,3919,3919,True
Ta50_20_7,4,410804237,Contrast,NEH,3997,3997,True
Ta50_20_7,4,410804237,Contrast,NEH-TBKK2,3948,3948,True
Ta50_20_7,4,410804237,Contrast,KK2-style-NEH,4020,4020,True
Ta50_20_7,4,410804237,Contrast,FRB4-p1,3866,3866,True
Ta50_20_7,4,410804237,Contrast,INEH-inspired,3903,3903,True
Ta50_20_7,5,410805246,Elite-only,NEH,3997,3997,True
Ta50_20_7,5,410805246,Elite-only,NEH-TBKK2,3948,3948,True
Ta50_20_7,5,410805246,Elite-only,KK2-style-NEH,4020,4020,True
Ta50_20_7,5,410805246,Elite-only,FRB4-p1,3868,3868,True
Ta50_20_7,5,410805246,Elite-only,INEH-inspired,3893,3893,True
Ta50_20_7,5,410805246,Contrast,NEH,3997,3997,True
Ta50_20_7,5,410805246,Contrast,NEH-TBKK2,3948,3948,True
Ta50_20_7,5,410805246,Contrast,KK2-style-NEH,4020,4020,True
Ta50_20_7,5,410805246,Contrast,FRB4-p1,3864,3864,True
Ta50_20_7,5,410805246,Contrast,INEH-inspired,3909,3909,True
Ta50_20_8,1,410901210,Elite-only,NEH,3938,3938,True
Ta50_20_8,1,410901210,Elite-only,NEH-TBKK2,3943,3943,True
Ta50_20_8,1,410901210,Elite-only,KK2-style-NEH,3860,3860,True
Ta50_20_8,1,410901210,Elite-only,FRB4-p1,3903,3903,True
Ta50_20_8,1,410901210,Elite-only,INEH-inspired,3893,3893,True
Ta50_20_8,1,410901210,Contrast,NEH,3941,3941,True
Ta50_20_8,1,410901210,Contrast,NEH-TBKK2,3967,3967,True
Ta50_20_8,1,410901210,Contrast,KK2-style-NEH,3947,3947,True
Ta50_20_8,1,410901210,Contrast,FRB4-p1,3906,3906,True
Ta50_20_8,1,410901210,Contrast,INEH-inspired,3878,3878,True
Ta50_20_8,2,410902219,Elite-only,NEH,3938,3938,True
Ta50_20_8,2,410902219,Elite-only,NEH-TBKK2,3943,3943,True
Ta50_20_8,2,410902219,Elite-only,KK2-style-NEH,3860,3860,True
Ta50_20_8,2,410902219,Elite-only,FRB4-p1,3873,3873,True
Ta50_20_8,2,410902219,Elite-only,INEH-inspired,3873,3873,True
Ta50_20_8,2,410902219,Contrast,NEH,3945,3945,True
Ta50_20_8,2,410902219,Contrast,NEH-TBKK2,3967,3967,True
Ta50_20_8,2,410902219,Contrast,KK2-style-NEH,3947,3947,True
Ta50_20_8,2,410902219,Contrast,FRB4-p1,3876,3876,True
Ta50_20_8,2,410902219,Contrast,INEH-inspired,3926,3926,True
Ta50_20_8,3,410903228,Elite-only,NEH,3942,3942,True
Ta50_20_8,3,410903228,Elite-only,NEH-TBKK2,3943,3943,True
Ta50_20_8,3,410903228,Elite-only,KK2-style-NEH,3860,3860,True
Ta50_20_8,3,410903228,Elite-only,FRB4-p1,3863,3863,True
Ta50_20_8,3,410903228,Elite-only,INEH-inspired,3895,3895,True
Ta50_20_8,3,410903228,Contrast,NEH,3942,3942,True
Ta50_20_8,3,410903228,Contrast,NEH-TBKK2,3967,3967,True
Ta50_20_8,3,410903228,Contrast,KK2-style-NEH,3896,3896,True
Ta50_20_8,3,410903228,Contrast,FRB4-p1,3909,3909,True
Ta50_20_8,3,410903228,Contrast,INEH-inspired,3900,3900,True
Ta50_20_8,4,410904237,Elite-only,NEH,3938,3938,True
Ta50_20_8,4,410904237,Elite-only,NEH-TBKK2,3943,3943,True
Ta50_20_8,4,410904237,Elite-only,KK2-style-NEH,3939,3939,True
Ta50_20_8,4,410904237,Elite-only,FRB4-p1,3896,3896,True
Ta50_20_8,4,410904237,Elite-only,INEH-inspired,3891,3891,True
Ta50_20_8,4,410904237,Contrast,NEH,3945,3945,True
Ta50_20_8,4,410904237,Contrast,NEH-TBKK2,3967,3967,True
Ta50_20_8,4,410904237,Contrast,KK2-style-NEH,3947,3947,True
Ta50_20_8,4,410904237,Contrast,FRB4-p1,3878,3878,True
Ta50_20_8,4,410904237,Contrast,INEH-inspired,3878,3878,True
Ta50_20_8,5,410905246,Elite-only,NEH,3942,3942,True
Ta50_20_8,5,410905246,Elite-only,NEH-TBKK2,3943,3943,True
Ta50_20_8,5,410905246,Elite-only,KK2-style-NEH,3860,3860,True
Ta50_20_8,5,410905246,Elite-only,FRB4-p1,3900,3900,True
Ta50_20_8,5,410905246,Elite-only,INEH-inspired,3958,3958,True
Ta50_20_8,5,410905246,Contrast,NEH,3945,3945,True
Ta50_20_8,5,410905246,Contrast,NEH-TBKK2,3967,3967,True
Ta50_20_8,5,410905246,Contrast,KK2-style-NEH,3947,3947,True
Ta50_20_8,5,410905246,Contrast,FRB4-p1,3876,3876,True
Ta50_20_8,5,410905246,Contrast,INEH-inspired,3902,3902,True
Ta50_20_9,1,411001210,Elite-only,NEH,3965,3965,True
Ta50_20_9,1,411001210,Elite-only,NEH-TBKK2,3948,3948,True
Ta50_20_9,1,411001210,Elite-only,KK2-style-NEH,3997,3997,True
Ta50_20_9,1,411001210,Elite-only,FRB4-p1,3912,3912,True
Ta50_20_9,1,411001210,Elite-only,INEH-inspired,3929,3929,True
Ta50_20_9,1,411001210,Contrast,NEH,3952,3952,True
Ta50_20_9,1,411001210,Contrast,NEH-TBKK2,3948,3948,True
Ta50_20_9,1,411001210,Contrast,KK2-style-NEH,4011,4011,True
Ta50_20_9,1,411001210,Contrast,FRB4-p1,3899,3899,True
Ta50_20_9,1,411001210,Contrast,INEH-inspired,3952,3952,True
Ta50_20_9,2,411002219,Elite-only,NEH,3965,3965,True
Ta50_20_9,2,411002219,Elite-only,NEH-TBKK2,3948,3948,True
Ta50_20_9,2,411002219,Elite-only,KK2-style-NEH,4035,4035,True
Ta50_20_9,2,411002219,Elite-only,FRB4-p1,3915,3915,True
Ta50_20_9,2,411002219,Elite-only,INEH-inspired,3968,3968,True
Ta50_20_9,2,411002219,Contrast,NEH,3952,3952,True
Ta50_20_9,2,411002219,Contrast,NEH-TBKK2,3948,3948,True
Ta50_20_9,2,411002219,Contrast,KK2-style-NEH,4011,4011,True
Ta50_20_9,2,411002219,Contrast,FRB4-p1,3911,3911,True
Ta50_20_9,2,411002219,Contrast,INEH-inspired,3961,3961,True
Ta50_20_9,3,411003228,Elite-only,NEH,3965,3965,True
Ta50_20_9,3,411003228,Elite-only,NEH-TBKK2,3948,3948,True
Ta50_20_9,3,411003228,Elite-only,KK2-style-NEH,3997,3997,True
Ta50_20_9,3,411003228,Elite-only,FRB4-p1,3901,3901,True
Ta50_20_9,3,411003228,Elite-only,INEH-inspired,3952,3952,True
Ta50_20_9,3,411003228,Contrast,NEH,3952,3952,True
Ta50_20_9,3,411003228,Contrast,NEH-TBKK2,3948,3948,True
Ta50_20_9,3,411003228,Contrast,KK2-style-NEH,4011,4011,True
Ta50_20_9,3,411003228,Contrast,FRB4-p1,3911,3911,True
Ta50_20_9,3,411003228,Contrast,INEH-inspired,3943,3943,True
Ta50_20_9,4,411004237,Elite-only,NEH,3965,3965,True
Ta50_20_9,4,411004237,Elite-only,NEH-TBKK2,3948,3948,True
Ta50_20_9,4,411004237,Elite-only,KK2-style-NEH,3997,3997,True
Ta50_20_9,4,411004237,Elite-only,FRB4-p1,3901,3901,True
Ta50_20_9,4,411004237,Elite-only,INEH-inspired,3949,3949,True
Ta50_20_9,4,411004237,Contrast,NEH,3952,3952,True
Ta50_20_9,4,411004237,Contrast,NEH-TBKK2,3948,3948,True
Ta50_20_9,4,411004237,Contrast,KK2-style-NEH,4011,4011,True
Ta50_20_9,4,411004237,Contrast,FRB4-p1,3908,3908,True
Ta50_20_9,4,411004237,Contrast,INEH-inspired,3896,3896,True
Ta50_20_9,5,411005246,Elite-only,NEH,3970,3970,True
Ta50_20_9,5,411005246,Elite-only,NEH-TBKK2,3948,3948,True
Ta50_20_9,5,411005246,Elite-only,KK2-style-NEH,3997,3997,True
Ta50_20_9,5,411005246,Elite-only,FRB4-p1,3911,3911,True
Ta50_20_9,5,411005246,Elite-only,INEH-inspired,3934,3934,True
Ta50_20_9,5,411005246,Contrast,NEH,3952,3952,True
Ta50_20_9,5,411005246,Contrast,NEH-TBKK2,3948,3948,True
Ta50_20_9,5,411005246,Contrast,KK2-style-NEH,4011,4011,True
Ta50_20_9,5,411005246,Contrast,FRB4-p1,3887,3887,True
Ta50_20_9,5,411005246,Contrast,INEH-inspired,3943,3943,True
Ta50_20_10,1,411101210,Elite-only,NEH,4063,4063,True
Ta50_20_10,1,411101210,Elite-only,NEH-TBKK2,4012,4012,True
Ta50_20_10,1,411101210,Elite-only,KK2-style-NEH,4064,4064,True
Ta50_20_10,1,411101210,Elite-only,FRB4-p1,3943,3943,True
Ta50_20_10,1,411101210,Elite-only,INEH-inspired,3910,3910,True
Ta50_20_10,1,411101210,Contrast,NEH,4063,4063,True
Ta50_20_10,1,411101210,Contrast,NEH-TBKK2,4012,4012,True
Ta50_20_10,1,411101210,Contrast,KK2-style-NEH,4091,4091,True
Ta50_20_10,1,411101210,Contrast,FRB4-p1,3913,3913,True
Ta50_20_10,1,411101210,Contrast,INEH-inspired,3926,3926,True
Ta50_20_10,2,411102219,Elite-only,NEH,4063,4063,True
Ta50_20_10,2,411102219,Elite-only,NEH-TBKK2,4012,4012,True
Ta50_20_10,2,411102219,Elite-only,KK2-style-NEH,4064,4064,True
Ta50_20_10,2,411102219,Elite-only,FRB4-p1,3930,3930,True
Ta50_20_10,2,411102219,Elite-only,INEH-inspired,3950,3950,True
Ta50_20_10,2,411102219,Contrast,NEH,4063,4063,True
Ta50_20_10,2,411102219,Contrast,NEH-TBKK2,4012,4012,True
Ta50_20_10,2,411102219,Contrast,KK2-style-NEH,4091,4091,True
Ta50_20_10,2,411102219,Contrast,FRB4-p1,3914,3914,True
Ta50_20_10,2,411102219,Contrast,INEH-inspired,3919,3919,True
Ta50_20_10,3,411103228,Elite-only,NEH,4063,4063,True
Ta50_20_10,3,411103228,Elite-only,NEH-TBKK2,4012,4012,True
Ta50_20_10,3,411103228,Elite-only,KK2-style-NEH,4064,4064,True
Ta50_20_10,3,411103228,Elite-only,FRB4-p1,3947,3947,True
Ta50_20_10,3,411103228,Elite-only,INEH-inspired,3939,3939,True
Ta50_20_10,3,411103228,Contrast,NEH,4063,4063,True
Ta50_20_10,3,411103228,Contrast,NEH-TBKK2,4012,4012,True
Ta50_20_10,3,411103228,Contrast,KK2-style-NEH,4091,4091,True
Ta50_20_10,3,411103228,Contrast,FRB4-p1,3933,3933,True
Ta50_20_10,3,411103228,Contrast,INEH-inspired,3939,3939,True
Ta50_20_10,4,411104237,Elite-only,NEH,4063,4063,True
Ta50_20_10,4,411104237,Elite-only,NEH-TBKK2,4012,4012,True
Ta50_20_10,4,411104237,Elite-only,KK2-style-NEH,4064,4064,True
Ta50_20_10,4,411104237,Elite-only,FRB4-p1,3943,3943,True
Ta50_20_10,4,411104237,Elite-only,INEH-inspired,3899,3899,True
Ta50_20_10,4,411104237,Contrast,NEH,4063,4063,True
Ta50_20_10,4,411104237,Contrast,NEH-TBKK2,4012,4012,True
Ta50_20_10,4,411104237,Contrast,KK2-style-NEH,4091,4091,True
Ta50_20_10,4,411104237,Contrast,FRB4-p1,3929,3929,True
Ta50_20_10,4,411104237,Contrast,INEH-inspired,3911,3911,True
Ta50_20_10,5,411105246,Elite-only,NEH,4063,4063,True
Ta50_20_10,5,411105246,Elite-only,NEH-TBKK2,4012,4012,True
Ta50_20_10,5,411105246,Elite-only,KK2-style-NEH,4064,4064,True
Ta50_20_10,5,411105246,Elite-only,FRB4-p1,3959,3959,True
Ta50_20_10,5,411105246,Elite-only,INEH-inspired,3934,3934,True
Ta50_20_10,5,411105246,Contrast,NEH,4063,4063,True
Ta50_20_10,5,411105246,Contrast,NEH-TBKK2,4012,4012,True
Ta50_20_10,5,411105246,Contrast,KK2-style-NEH,4091,4091,True
Ta50_20_10,5,411105246,Contrast,FRB4-p1,3927,3927,True
Ta50_20_10,5,411105246,Contrast,INEH-inspired,3943,3943,True
Ta100_5_1,1,170501210,Elite-only,NEH,5516,5516,True
Ta100_5_1,1,170501210,Elite-only,NEH-TBKK2,5516,5516,True
Ta100_5_1,1,170501210,Elite-only,KK2-style-NEH,5565,5565,True
Ta100_5_1,1,170501210,Elite-only,FRB4-p1,5514,5514,True
Ta100_5_1,1,170501210,Elite-only,INEH-inspired,5529,5529,True
Ta100_5_1,1,170501210,Contrast,NEH,5516,5516,True
Ta100_5_1,1,170501210,Contrast,NEH-TBKK2,5535,5535,True
Ta100_5_1,1,170501210,Contrast,KK2-style-NEH,5565,5565,True
Ta100_5_1,1,170501210,Contrast,FRB4-p1,5504,5504,True
Ta100_5_1,1,170501210,Contrast,INEH-inspired,5529,5529,True
Ta100_5_1,2,170502219,Elite-only,NEH,5516,5516,True
Ta100_5_1,2,170502219,Elite-only,NEH-TBKK2,5535,5535,True
Ta100_5_1,2,170502219,Elite-only,KK2-style-NEH,5565,5565,True
Ta100_5_1,2,170502219,Elite-only,FRB4-p1,5495,5495,True
Ta100_5_1,2,170502219,Elite-only,INEH-inspired,5527,5527,True
Ta100_5_1,2,170502219,Contrast,NEH,5516,5516,True
Ta100_5_1,2,170502219,Contrast,NEH-TBKK2,5495,5495,True
Ta100_5_1,2,170502219,Contrast,KK2-style-NEH,5620,5620,True
Ta100_5_1,2,170502219,Contrast,FRB4-p1,5514,5514,True
Ta100_5_1,2,170502219,Contrast,INEH-inspired,5517,5517,True
Ta100_5_1,3,170503228,Elite-only,NEH,5516,5516,True
Ta100_5_1,3,170503228,Elite-only,NEH-TBKK2,5516,5516,True
Ta100_5_1,3,170503228,Elite-only,KK2-style-NEH,5582,5582,True
Ta100_5_1,3,170503228,Elite-only,FRB4-p1,5514,5514,True
Ta100_5_1,3,170503228,Elite-only,INEH-inspired,5527,5527,True
Ta100_5_1,3,170503228,Contrast,NEH,5516,5516,True
Ta100_5_1,3,170503228,Contrast,NEH-TBKK2,5535,5535,True
Ta100_5_1,3,170503228,Contrast,KK2-style-NEH,5575,5575,True
Ta100_5_1,3,170503228,Contrast,FRB4-p1,5504,5504,True
Ta100_5_1,3,170503228,Contrast,INEH-inspired,5514,5514,True
Ta100_5_1,4,170504237,Elite-only,NEH,5516,5516,True
Ta100_5_1,4,170504237,Elite-only,NEH-TBKK2,5514,5514,True
Ta100_5_1,4,170504237,Elite-only,KK2-style-NEH,5527,5527,True
Ta100_5_1,4,170504237,Elite-only,FRB4-p1,5514,5514,True
Ta100_5_1,4,170504237,Elite-only,INEH-inspired,5527,5527,True
Ta100_5_1,4,170504237,Contrast,NEH,5516,5516,True
Ta100_5_1,4,170504237,Contrast,NEH-TBKK2,5535,5535,True
Ta100_5_1,4,170504237,Contrast,KK2-style-NEH,5565,5565,True
Ta100_5_1,4,170504237,Contrast,FRB4-p1,5503,5503,True
Ta100_5_1,4,170504237,Contrast,INEH-inspired,5527,5527,True
Ta100_5_1,5,170505246,Elite-only,NEH,5516,5516,True
Ta100_5_1,5,170505246,Elite-only,NEH-TBKK2,5535,5535,True
Ta100_5_1,5,170505246,Elite-only,KK2-style-NEH,5589,5589,True
Ta100_5_1,5,170505246,Elite-only,FRB4-p1,5495,5495,True
Ta100_5_1,5,170505246,Elite-only,INEH-inspired,5535,5535,True
Ta100_5_1,5,170505246,Contrast,NEH,5516,5516,True
Ta100_5_1,5,170505246,Contrast,NEH-TBKK2,5495,5495,True
Ta100_5_1,5,170505246,Contrast,KK2-style-NEH,5583,5583,True
Ta100_5_1,5,170505246,Contrast,FRB4-p1,5494,5494,True
Ta100_5_1,5,170505246,Contrast,INEH-inspired,5535,5535,True
Ta100_5_2,1,170601210,Elite-only,NEH,5284,5284,True
Ta100_5_2,1,170601210,Elite-only,NEH-TBKK2,5284,5284,True
Ta100_5_2,1,170601210,Elite-only,KK2-style-NEH,5333,5333,True
Ta100_5_2,1,170601210,Elite-only,FRB4-p1,5284,5284,True
Ta100_5_2,1,170601210,Elite-only,INEH-inspired,5284,5284,True
Ta100_5_2,1,170601210,Contrast,NEH,5284,5284,True
Ta100_5_2,1,170601210,Contrast,NEH-TBKK2,5284,5284,True
Ta100_5_2,1,170601210,Contrast,KK2-style-NEH,5331,5331,True
Ta100_5_2,1,170601210,Contrast,FRB4-p1,5284,5284,True
Ta100_5_2,1,170601210,Contrast,INEH-inspired,5302,5302,True
Ta100_5_2,2,170602219,Elite-only,NEH,5303,5303,True
Ta100_5_2,2,170602219,Elite-only,NEH-TBKK2,5284,5284,True
Ta100_5_2,2,170602219,Elite-only,KK2-style-NEH,5340,5340,True
Ta100_5_2,2,170602219,Elite-only,FRB4-p1,5284,5284,True
Ta100_5_2,2,170602219,Elite-only,INEH-inspired,5297,5297,True
Ta100_5_2,2,170602219,Contrast,NEH,5284,5284,True
Ta100_5_2,2,170602219,Contrast,NEH-TBKK2,5284,5284,True
Ta100_5_2,2,170602219,Contrast,KK2-style-NEH,5340,5340,True
Ta100_5_2,2,170602219,Contrast,FRB4-p1,5294,5294,True
Ta100_5_2,2,170602219,Contrast,INEH-inspired,5289,5289,True
Ta100_5_2,3,170603228,Elite-only,NEH,5288,5288,True
Ta100_5_2,3,170603228,Elite-only,NEH-TBKK2,5284,5284,True
Ta100_5_2,3,170603228,Elite-only,KK2-style-NEH,5333,5333,True
Ta100_5_2,3,170603228,Elite-only,FRB4-p1,5284,5284,True
Ta100_5_2,3,170603228,Elite-only,INEH-inspired,5289,5289,True
Ta100_5_2,3,170603228,Contrast,NEH,5284,5284,True
Ta100_5_2,3,170603228,Contrast,NEH-TBKK2,5284,5284,True
Ta100_5_2,3,170603228,Contrast,KK2-style-NEH,5335,5335,True
Ta100_5_2,3,170603228,Contrast,FRB4-p1,5284,5284,True
Ta100_5_2,3,170603228,Contrast,INEH-inspired,5284,5284,True
Ta100_5_2,4,170604237,Elite-only,NEH,5288,5288,True
Ta100_5_2,4,170604237,Elite-only,NEH-TBKK2,5288,5288,True
Ta100_5_2,4,170604237,Elite-only,KK2-style-NEH,5371,5371,True
Ta100_5_2,4,170604237,Elite-only,FRB4-p1,5284,5284,True
Ta100_5_2,4,170604237,Elite-only,INEH-inspired,5302,5302,True
Ta100_5_2,4,170604237,Contrast,NEH,5307,5307,True
Ta100_5_2,4,170604237,Contrast,NEH-TBKK2,5284,5284,True
Ta100_5_2,4,170604237,Contrast,KK2-style-NEH,5331,5331,True
Ta100_5_2,4,170604237,Contrast,FRB4-p1,5284,5284,True
Ta100_5_2,4,170604237,Contrast,INEH-inspired,5297,5297,True
Ta100_5_2,5,170605246,Elite-only,NEH,5284,5284,True
Ta100_5_2,5,170605246,Elite-only,NEH-TBKK2,5285,5285,True
Ta100_5_2,5,170605246,Elite-only,KK2-style-NEH,5330,5330,True
Ta100_5_2,5,170605246,Elite-only,FRB4-p1,5284,5284,True
Ta100_5_2,5,170605246,Elite-only,INEH-inspired,5302,5302,True
Ta100_5_2,5,170605246,Contrast,NEH,5284,5284,True
Ta100_5_2,5,170605246,Contrast,NEH-TBKK2,5288,5288,True
Ta100_5_2,5,170605246,Contrast,KK2-style-NEH,5331,5331,True
Ta100_5_2,5,170605246,Contrast,FRB4-p1,5302,5302,True
Ta100_5_2,5,170605246,Contrast,INEH-inspired,5295,5295,True
Ta100_5_3,1,170701210,Elite-only,NEH,5235,5235,True
Ta100_5_3,1,170701210,Elite-only,NEH-TBKK2,5212,5212,True
Ta100_5_3,1,170701210,Elite-only,KK2-style-NEH,5281,5281,True
Ta100_5_3,1,170701210,Elite-only,FRB4-p1,5196,5196,True
Ta100_5_3,1,170701210,Elite-only,INEH-inspired,5219,5219,True
Ta100_5_3,1,170701210,Contrast,NEH,5235,5235,True
Ta100_5_3,1,170701210,Contrast,NEH-TBKK2,5238,5238,True
Ta100_5_3,1,170701210,Contrast,KK2-style-NEH,5324,5324,True
Ta100_5_3,1,170701210,Contrast,FRB4-p1,5216,5216,True
Ta100_5_3,1,170701210,Contrast,INEH-inspired,5193,5193,True
Ta100_5_3,2,170702219,Elite-only,NEH,5231,5231,True
Ta100_5_3,2,170702219,Elite-only,NEH-TBKK2,5223,5223,True
Ta100_5_3,2,170702219,Elite-only,KK2-style-NEH,5328,5328,True
Ta100_5_3,2,170702219,Elite-only,FRB4-p1,5193,5193,True
Ta100_5_3,2,170702219,Elite-only,INEH-inspired,5188,5188,True
Ta100_5_3,2,170702219,Contrast,NEH,5231,5231,True
Ta100_5_3,2,170702219,Contrast,NEH-TBKK2,5205,5205,True
Ta100_5_3,2,170702219,Contrast,KK2-style-NEH,5331,5331,True
Ta100_5_3,2,170702219,Contrast,FRB4-p1,5203,5203,True
Ta100_5_3,2,170702219,Contrast,INEH-inspired,5199,5199,True
Ta100_5_3,3,170703228,Elite-only,NEH,5235,5235,True
Ta100_5_3,3,170703228,Elite-only,NEH-TBKK2,5196,5196,True
Ta100_5_3,3,170703228,Elite-only,KK2-style-NEH,5288,5288,True
Ta100_5_3,3,170703228,Elite-only,FRB4-p1,5203,5203,True
Ta100_5_3,3,170703228,Elite-only,INEH-inspired,5219,5219,True
Ta100_5_3,3,170703228,Contrast,NEH,5238,5238,True
Ta100_5_3,3,170703228,Contrast,NEH-TBKK2,5209,5209,True
Ta100_5_3,3,170703228,Contrast,KK2-style-NEH,5284,5284,True
Ta100_5_3,3,170703228,Contrast,FRB4-p1,5191,5191,True
Ta100_5_3,3,170703228,Contrast,INEH-inspired,5177,5177,True
Ta100_5_3,4,170704237,Elite-only,NEH,5231,5231,True
Ta100_5_3,4,170704237,Elite-only,NEH-TBKK2,5212,5212,True
Ta100_5_3,4,170704237,Elite-only,KK2-style-NEH,5324,5324,True
Ta100_5_3,4,170704237,Elite-only,FRB4-p1,5195,5195,True
Ta100_5_3,4,170704237,Elite-only,INEH-inspired,5240,5240,True
Ta100_5_3,4,170704237,Contrast,NEH,5235,5235,True
Ta100_5_3,4,170704237,Contrast,NEH-TBKK2,5213,5213,True
Ta100_5_3,4,170704237,Contrast,KK2-style-NEH,5331,5331,True
Ta100_5_3,4,170704237,Contrast,FRB4-p1,5212,5212,True
Ta100_5_3,4,170704237,Contrast,INEH-inspired,5206,5206,True
Ta100_5_3,5,170705246,Elite-only,NEH,5231,5231,True
Ta100_5_3,5,170705246,Elite-only,NEH-TBKK2,5235,5235,True
Ta100_5_3,5,170705246,Elite-only,KK2-style-NEH,5288,5288,True
Ta100_5_3,5,170705246,Elite-only,FRB4-p1,5200,5200,True
Ta100_5_3,5,170705246,Elite-only,INEH-inspired,5207,5207,True
Ta100_5_3,5,170705246,Contrast,NEH,5231,5231,True
Ta100_5_3,5,170705246,Contrast,NEH-TBKK2,5238,5238,True
Ta100_5_3,5,170705246,Contrast,KK2-style-NEH,5324,5324,True
Ta100_5_3,5,170705246,Contrast,FRB4-p1,5195,5195,True
Ta100_5_3,5,170705246,Contrast,INEH-inspired,5179,5179,True
Ta100_5_4,1,170801210,Elite-only,NEH,5023,5023,True
Ta100_5_4,1,170801210,Elite-only,NEH-TBKK2,5023,5023,True
Ta100_5_4,1,170801210,Elite-only,KK2-style-NEH,5044,5044,True
Ta100_5_4,1,170801210,Elite-only,FRB4-p1,5023,5023,True
Ta100_5_4,1,170801210,Elite-only,INEH-inspired,5044,5044,True
Ta100_5_4,1,170801210,Contrast,NEH,5023,5023,True
Ta100_5_4,1,170801210,Contrast,NEH-TBKK2,5023,5023,True
Ta100_5_4,1,170801210,Contrast,KK2-style-NEH,5044,5044,True
Ta100_5_4,1,170801210,Contrast,FRB4-p1,5023,5023,True
Ta100_5_4,1,170801210,Contrast,INEH-inspired,5044,5044,True
Ta100_5_4,2,170802219,Elite-only,NEH,5023,5023,True
Ta100_5_4,2,170802219,Elite-only,NEH-TBKK2,5023,5023,True
Ta100_5_4,2,170802219,Elite-only,KK2-style-NEH,5047,5047,True
Ta100_5_4,2,170802219,Elite-only,FRB4-p1,5023,5023,True
Ta100_5_4,2,170802219,Elite-only,INEH-inspired,5044,5044,True
Ta100_5_4,2,170802219,Contrast,NEH,5023,5023,True
Ta100_5_4,2,170802219,Contrast,NEH-TBKK2,5023,5023,True
Ta100_5_4,2,170802219,Contrast,KK2-style-NEH,5029,5029,True
Ta100_5_4,2,170802219,Contrast,FRB4-p1,5023,5023,True
Ta100_5_4,2,170802219,Contrast,INEH-inspired,5023,5023,True
Ta100_5_4,3,170803228,Elite-only,NEH,5023,5023,True
Ta100_5_4,3,170803228,Elite-only,NEH-TBKK2,5023,5023,True
Ta100_5_4,3,170803228,Elite-only,KK2-style-NEH,5029,5029,True
Ta100_5_4,3,170803228,Elite-only,FRB4-p1,5023,5023,True
Ta100_5_4,3,170803228,Elite-only,INEH-inspired,5023,5023,True
Ta100_5_4,3,170803228,Contrast,NEH,5023,5023,True
Ta100_5_4,3,170803228,Contrast,NEH-TBKK2,5023,5023,True
Ta100_5_4,3,170803228,Contrast,KK2-style-NEH,5044,5044,True
Ta100_5_4,3,170803228,Contrast,FRB4-p1,5023,5023,True
Ta100_5_4,3,170803228,Contrast,INEH-inspired,5044,5044,True
Ta100_5_4,4,170804237,Elite-only,NEH,5023,5023,True
Ta100_5_4,4,170804237,Elite-only,NEH-TBKK2,5023,5023,True
Ta100_5_4,4,170804237,Elite-only,KK2-style-NEH,5044,5044,True
Ta100_5_4,4,170804237,Elite-only,FRB4-p1,5023,5023,True
Ta100_5_4,4,170804237,Elite-only,INEH-inspired,5044,5044,True
Ta100_5_4,4,170804237,Contrast,NEH,5023,5023,True
Ta100_5_4,4,170804237,Contrast,NEH-TBKK2,5023,5023,True
Ta100_5_4,4,170804237,Contrast,KK2-style-NEH,5044,5044,True
Ta100_5_4,4,170804237,Contrast,FRB4-p1,5023,5023,True
Ta100_5_4,4,170804237,Contrast,INEH-inspired,5044,5044,True
Ta100_5_4,5,170805246,Elite-only,NEH,5023,5023,True
Ta100_5_4,5,170805246,Elite-only,NEH-TBKK2,5023,5023,True
Ta100_5_4,5,170805246,Elite-only,KK2-style-NEH,5044,5044,True
Ta100_5_4,5,170805246,Elite-only,FRB4-p1,5023,5023,True
Ta100_5_4,5,170805246,Elite-only,INEH-inspired,5044,5044,True
Ta100_5_4,5,170805246,Contrast,NEH,5023,5023,True
Ta100_5_4,5,170805246,Contrast,NEH-TBKK2,5023,5023,True
Ta100_5_4,5,170805246,Contrast,KK2-style-NEH,5023,5023,True
Ta100_5_4,5,170805246,Contrast,FRB4-p1,5023,5023,True
Ta100_5_4,5,170805246,Contrast,INEH-inspired,5029,5029,True
Ta100_5_5,1,170901210,Elite-only,NEH,5266,5266,True
Ta100_5_5,1,170901210,Elite-only,NEH-TBKK2,5261,5261,True
Ta100_5_5,1,170901210,Elite-only,KK2-style-NEH,5328,5328,True
Ta100_5_5,1,170901210,Elite-only,FRB4-p1,5261,5261,True
Ta100_5_5,1,170901210,Elite-only,INEH-inspired,5280,5280,True
Ta100_5_5,1,170901210,Contrast,NEH,5266,5266,True
Ta100_5_5,1,170901210,Contrast,NEH-TBKK2,5261,5261,True
Ta100_5_5,1,170901210,Contrast,KK2-style-NEH,5330,5330,True
Ta100_5_5,1,170901210,Contrast,FRB4-p1,5255,5255,True
Ta100_5_5,1,170901210,Contrast,INEH-inspired,5281,5281,True
Ta100_5_5,2,170902219,Elite-only,NEH,5266,5266,True
Ta100_5_5,2,170902219,Elite-only,NEH-TBKK2,5266,5266,True
Ta100_5_5,2,170902219,Elite-only,KK2-style-NEH,5325,5325,True
Ta100_5_5,2,170902219,Elite-only,FRB4-p1,5261,5261,True
Ta100_5_5,2,170902219,Elite-only,INEH-inspired,5284,5284,True
Ta100_5_5,2,170902219,Contrast,NEH,5266,5266,True
Ta100_5_5,2,170902219,Contrast,NEH-TBKK2,5266,5266,True
Ta100_5_5,2,170902219,Contrast,KK2-style-NEH,5335,5335,True
Ta100_5_5,2,170902219,Contrast,FRB4-p1,5255,5255,True
Ta100_5_5,2,170902219,Contrast,INEH-inspired,5296,5296,True
Ta100_5_5,3,170903228,Elite-only,NEH,5266,5266,True
Ta100_5_5,3,170903228,Elite-only,NEH-TBKK2,5266,5266,True
Ta100_5_5,3,170903228,Elite-only,KK2-style-NEH,5335,5335,True
Ta100_5_5,3,170903228,Elite-only,FRB4-p1,5266,5266,True
Ta100_5_5,3,170903228,Elite-only,INEH-inspired,5302,5302,True
Ta100_5_5,3,170903228,Contrast,NEH,5266,5266,True
Ta100_5_5,3,170903228,Contrast,NEH-TBKK2,5266,5266,True
Ta100_5_5,3,170903228,Contrast,KK2-style-NEH,5337,5337,True
Ta100_5_5,3,170903228,Contrast,FRB4-p1,5255,5255,True
Ta100_5_5,3,170903228,Contrast,INEH-inspired,5273,5273,True
Ta100_5_5,4,170904237,Elite-only,NEH,5266,5266,True
Ta100_5_5,4,170904237,Elite-only,NEH-TBKK2,5266,5266,True
Ta100_5_5,4,170904237,Elite-only,KK2-style-NEH,5326,5326,True
Ta100_5_5,4,170904237,Elite-only,FRB4-p1,5261,5261,True
Ta100_5_5,4,170904237,Elite-only,INEH-inspired,5288,5288,True
Ta100_5_5,4,170904237,Contrast,NEH,5266,5266,True
Ta100_5_5,4,170904237,Contrast,NEH-TBKK2,5266,5266,True
Ta100_5_5,4,170904237,Contrast,KK2-style-NEH,5337,5337,True
Ta100_5_5,4,170904237,Contrast,FRB4-p1,5261,5261,True
Ta100_5_5,4,170904237,Contrast,INEH-inspired,5266,5266,True
Ta100_5_5,5,170905246,Elite-only,NEH,5266,5266,True
Ta100_5_5,5,170905246,Elite-only,NEH-TBKK2,5266,5266,True
Ta100_5_5,5,170905246,Elite-only,KK2-style-NEH,5357,5357,True
Ta100_5_5,5,170905246,Elite-only,FRB4-p1,5261,5261,True
Ta100_5_5,5,170905246,Elite-only,INEH-inspired,5273,5273,True
Ta100_5_5,5,170905246,Contrast,NEH,5266,5266,True
Ta100_5_5,5,170905246,Contrast,NEH-TBKK2,5266,5266,True
Ta100_5_5,5,170905246,Contrast,KK2-style-NEH,5337,5337,True
Ta100_5_5,5,170905246,Contrast,FRB4-p1,5255,5255,True
Ta100_5_5,5,170905246,Contrast,INEH-inspired,5302,5302,True
Ta100_5_6,1,171001210,Elite-only,NEH,5139,5139,True
Ta100_5_6,1,171001210,Elite-only,NEH-TBKK2,5139,5139,True
Ta100_5_6,1,171001210,Elite-only,KK2-style-NEH,5176,5176,True
Ta100_5_6,1,171001210,Elite-only,FRB4-p1,5139,5139,True
Ta100_5_6,1,171001210,Elite-only,INEH-inspired,5145,5145,True
Ta100_5_6,1,171001210,Contrast,NEH,5139,5139,True
Ta100_5_6,1,171001210,Contrast,NEH-TBKK2,5139,5139,True
Ta100_5_6,1,171001210,Contrast,KK2-style-NEH,5237,5237,True
Ta100_5_6,1,171001210,Contrast,FRB4-p1,5139,5139,True
Ta100_5_6,1,171001210,Contrast,INEH-inspired,5139,5139,True
Ta100_5_6,2,171002219,Elite-only,NEH,5139,5139,True
Ta100_5_6,2,171002219,Elite-only,NEH-TBKK2,5139,5139,True
Ta100_5_6,2,171002219,Elite-only,KK2-style-NEH,5219,5219,True
Ta100_5_6,2,171002219,Elite-only,FRB4-p1,5139,5139,True
Ta100_5_6,2,171002219,Elite-only,INEH-inspired,5148,5148,True
Ta100_5_6,2,171002219,Contrast,NEH,5139,5139,True
Ta100_5_6,2,171002219,Contrast,NEH-TBKK2,5139,5139,True
Ta100_5_6,2,171002219,Contrast,KK2-style-NEH,5232,5232,True
Ta100_5_6,2,171002219,Contrast,FRB4-p1,5139,5139,True
Ta100_5_6,2,171002219,Contrast,INEH-inspired,5171,5171,True
Ta100_5_6,3,171003228,Elite-only,NEH,5139,5139,True
Ta100_5_6,3,171003228,Elite-only,NEH-TBKK2,5139,5139,True
Ta100_5_6,3,171003228,Elite-only,KK2-style-NEH,5204,5204,True
Ta100_5_6,3,171003228,Elite-only,FRB4-p1,5139,5139,True
Ta100_5_6,3,171003228,Elite-only,INEH-inspired,5145,5145,True
Ta100_5_6,3,171003228,Contrast,NEH,5139,5139,True
Ta100_5_6,3,171003228,Contrast,NEH-TBKK2,5139,5139,True
Ta100_5_6,3,171003228,Contrast,KK2-style-NEH,5199,5199,True
Ta100_5_6,3,171003228,Contrast,FRB4-p1,5139,5139,True
Ta100_5_6,3,171003228,Contrast,INEH-inspired,5149,5149,True
Ta100_5_6,4,171004237,Elite-only,NEH,5139,5139,True
Ta100_5_6,4,171004237,Elite-only,NEH-TBKK2,5139,5139,True
Ta100_5_6,4,171004237,Elite-only,KK2-style-NEH,5234,5234,True
Ta100_5_6,4,171004237,Elite-only,FRB4-p1,5139,5139,True
Ta100_5_6,4,171004237,Elite-only,INEH-inspired,5149,5149,True
Ta100_5_6,4,171004237,Contrast,NEH,5139,5139,True
Ta100_5_6,4,171004237,Contrast,NEH-TBKK2,5139,5139,True
Ta100_5_6,4,171004237,Contrast,KK2-style-NEH,5201,5201,True
Ta100_5_6,4,171004237,Contrast,FRB4-p1,5139,5139,True
Ta100_5_6,4,171004237,Contrast,INEH-inspired,5159,5159,True
Ta100_5_6,5,171005246,Elite-only,NEH,5139,5139,True
Ta100_5_6,5,171005246,Elite-only,NEH-TBKK2,5139,5139,True
Ta100_5_6,5,171005246,Elite-only,KK2-style-NEH,5223,5223,True
Ta100_5_6,5,171005246,Elite-only,FRB4-p1,5139,5139,True
Ta100_5_6,5,171005246,Elite-only,INEH-inspired,5151,5151,True
Ta100_5_6,5,171005246,Contrast,NEH,5139,5139,True
Ta100_5_6,5,171005246,Contrast,NEH-TBKK2,5139,5139,True
Ta100_5_6,5,171005246,Contrast,KK2-style-NEH,5194,5194,True
Ta100_5_6,5,171005246,Contrast,FRB4-p1,5139,5139,True
Ta100_5_6,5,171005246,Contrast,INEH-inspired,5159,5159,True
Ta100_5_7,1,171101210,Elite-only,NEH,5268,5268,True
Ta100_5_7,1,171101210,Elite-only,NEH-TBKK2,5268,5268,True
Ta100_5_7,1,171101210,Elite-only,KK2-style-NEH,5312,5312,True
Ta100_5_7,1,171101210,Elite-only,FRB4-p1,5262,5262,True
Ta100_5_7,1,171101210,Elite-only,INEH-inspired,5261,5261,True
Ta100_5_7,1,171101210,Contrast,NEH,5265,5265,True
Ta100_5_7,1,171101210,Contrast,NEH-TBKK2,5277,5277,True
Ta100_5_7,1,171101210,Contrast,KK2-style-NEH,5312,5312,True
Ta100_5_7,1,171101210,Contrast,FRB4-p1,5281,5281,True
Ta100_5_7,1,171101210,Contrast,INEH-inspired,5275,5275,True
Ta100_5_7,2,171102219,Elite-only,NEH,5265,5265,True
Ta100_5_7,2,171102219,Elite-only,NEH-TBKK2,5265,5265,True
Ta100_5_7,2,171102219,Elite-only,KK2-style-NEH,5324,5324,True
Ta100_5_7,2,171102219,Elite-only,FRB4-p1,5281,5281,True
Ta100_5_7,2,171102219,Elite-only,INEH-inspired,5263,5263,True
Ta100_5_7,2,171102219,Contrast,NEH,5265,5265,True
Ta100_5_7,2,171102219,Contrast,NEH-TBKK2,5265,5265,True
Ta100_5_7,2,171102219,Contrast,KK2-style-NEH,5312,5312,True
Ta100_5_7,2,171102219,Contrast,FRB4-p1,5262,5262,True
Ta100_5_7,2,171102219,Contrast,INEH-inspired,5262,5262,True
Ta100_5_7,3,171103228,Elite-only,NEH,5265,5265,True
Ta100_5_7,3,171103228,Elite-only,NEH-TBKK2,5277,5277,True
Ta100_5_7,3,171103228,Elite-only,KK2-style-NEH,5316,5316,True
Ta100_5_7,3,171103228,Elite-only,FRB4-p1,5255,5255,True
Ta100_5_7,3,171103228,Elite-only,INEH-inspired,5262,5262,True
Ta100_5_7,3,171103228,Contrast,NEH,5265,5265,True
Ta100_5_7,3,171103228,Contrast,NEH-TBKK2,5277,5277,True
Ta100_5_7,3,171103228,Contrast,KK2-style-NEH,5312,5312,True
Ta100_5_7,3,171103228,Contrast,FRB4-p1,5262,5262,True
Ta100_5_7,3,171103228,Contrast,INEH-inspired,5276,5276,True
Ta100_5_7,4,171104237,Elite-only,NEH,5265,5265,True
Ta100_5_7,4,171104237,Elite-only,NEH-TBKK2,5265,5265,True
Ta100_5_7,4,171104237,Elite-only,KK2-style-NEH,5322,5322,True
Ta100_5_7,4,171104237,Elite-only,FRB4-p1,5256,5256,True
Ta100_5_7,4,171104237,Elite-only,INEH-inspired,5261,5261,True
Ta100_5_7,4,171104237,Contrast,NEH,5265,5265,True
Ta100_5_7,4,171104237,Contrast,NEH-TBKK2,5277,5277,True
Ta100_5_7,4,171104237,Contrast,KK2-style-NEH,5312,5312,True
Ta100_5_7,4,171104237,Contrast,FRB4-p1,5281,5281,True
Ta100_5_7,4,171104237,Contrast,INEH-inspired,5267,5267,True
Ta100_5_7,5,171105246,Elite-only,NEH,5265,5265,True
Ta100_5_7,5,171105246,Elite-only,NEH-TBKK2,5265,5265,True
Ta100_5_7,5,171105246,Elite-only,KK2-style-NEH,5312,5312,True
Ta100_5_7,5,171105246,Elite-only,FRB4-p1,5261,5261,True
Ta100_5_7,5,171105246,Elite-only,INEH-inspired,5293,5293,True
Ta100_5_7,5,171105246,Contrast,NEH,5265,5265,True
Ta100_5_7,5,171105246,Contrast,NEH-TBKK2,5277,5277,True
Ta100_5_7,5,171105246,Contrast,KK2-style-NEH,5312,5312,True
Ta100_5_7,5,171105246,Contrast,FRB4-p1,5281,5281,True
Ta100_5_7,5,171105246,Contrast,INEH-inspired,5293,5293,True
Ta100_5_8,1,171201210,Elite-only,NEH,5157,5157,True
Ta100_5_8,1,171201210,Elite-only,NEH-TBKK2,5150,5150,True
Ta100_5_8,1,171201210,Elite-only,KK2-style-NEH,5221,5221,True
Ta100_5_8,1,171201210,Elite-only,FRB4-p1,5112,5112,True
Ta100_5_8,1,171201210,Elite-only,INEH-inspired,5137,5137,True
Ta100_5_8,1,171201210,Contrast,NEH,5114,5114,True
Ta100_5_8,1,171201210,Contrast,NEH-TBKK2,5180,5180,True
Ta100_5_8,1,171201210,Contrast,KK2-style-NEH,5220,5220,True
Ta100_5_8,1,171201210,Contrast,FRB4-p1,5110,5110,True
Ta100_5_8,1,171201210,Contrast,INEH-inspired,5110,5110,True
Ta100_5_8,2,171202219,Elite-only,NEH,5133,5133,True
Ta100_5_8,2,171202219,Elite-only,NEH-TBKK2,5133,5133,True
Ta100_5_8,2,171202219,Elite-only,KK2-style-NEH,5244,5244,True
Ta100_5_8,2,171202219,Elite-only,FRB4-p1,5109,5109,True
Ta100_5_8,2,171202219,Elite-only,INEH-inspired,5135,5135,True
Ta100_5_8,2,171202219,Contrast,NEH,5132,5132,True
Ta100_5_8,2,171202219,Contrast,NEH-TBKK2,5133,5133,True
Ta100_5_8,2,171202219,Contrast,KK2-style-NEH,5215,5215,True
Ta100_5_8,2,171202219,Contrast,FRB4-p1,5100,5100,True
Ta100_5_8,2,171202219,Contrast,INEH-inspired,5126,5126,True
Ta100_5_8,3,171203228,Elite-only,NEH,5107,5107,True
Ta100_5_8,3,171203228,Elite-only,NEH-TBKK2,5114,5114,True
Ta100_5_8,3,171203228,Elite-only,KK2-style-NEH,5195,5195,True
Ta100_5_8,3,171203228,Elite-only,FRB4-p1,5130,5130,True
Ta100_5_8,3,171203228,Elite-only,INEH-inspired,5141,5141,True
Ta100_5_8,3,171203228,Contrast,NEH,5125,5125,True
Ta100_5_8,3,171203228,Contrast,NEH-TBKK2,5163,5163,True
Ta100_5_8,3,171203228,Contrast,KK2-style-NEH,5278,5278,True
Ta100_5_8,3,171203228,Contrast,FRB4-p1,5110,5110,True
Ta100_5_8,3,171203228,Contrast,INEH-inspired,5109,5109,True
Ta100_5_8,4,171204237,Elite-only,NEH,5124,5124,True
Ta100_5_8,4,171204237,Elite-only,NEH-TBKK2,5113,5113,True
Ta100_5_8,4,171204237,Elite-only,KK2-style-NEH,5224,5224,True
Ta100_5_8,4,171204237,Elite-only,FRB4-p1,5115,5115,True
Ta100_5_8,4,171204237,Elite-only,INEH-inspired,5160,5160,True
Ta100_5_8,4,171204237,Contrast,NEH,5107,5107,True
Ta100_5_8,4,171204237,Contrast,NEH-TBKK2,5157,5157,True
Ta100_5_8,4,171204237,Contrast,KK2-style-NEH,5256,5256,True
Ta100_5_8,4,171204237,Contrast,FRB4-p1,5101,5101,True
Ta100_5_8,4,171204237,Contrast,INEH-inspired,5113,5113,True
Ta100_5_8,5,171205246,Elite-only,NEH,5130,5130,True
Ta100_5_8,5,171205246,Elite-only,NEH-TBKK2,5135,5135,True
Ta100_5_8,5,171205246,Elite-only,KK2-style-NEH,5192,5192,True
Ta100_5_8,5,171205246,Elite-only,FRB4-p1,5110,5110,True
Ta100_5_8,5,171205246,Elite-only,INEH-inspired,5137,5137,True
Ta100_5_8,5,171205246,Contrast,NEH,5125,5125,True
Ta100_5_8,5,171205246,Contrast,NEH-TBKK2,5133,5133,True
Ta100_5_8,5,171205246,Contrast,KK2-style-NEH,5216,5216,True
Ta100_5_8,5,171205246,Contrast,FRB4-p1,5114,5114,True
Ta100_5_8,5,171205246,Contrast,INEH-inspired,5117,5117,True
Ta100_5_9,1,171301210,Elite-only,NEH,5489,5489,True
Ta100_5_9,1,171301210,Elite-only,NEH-TBKK2,5489,5489,True
Ta100_5_9,1,171301210,Elite-only,KK2-style-NEH,5608,5608,True
Ta100_5_9,1,171301210,Elite-only,FRB4-p1,5500,5500,True
Ta100_5_9,1,171301210,Elite-only,INEH-inspired,5492,5492,True
Ta100_5_9,1,171301210,Contrast,NEH,5489,5489,True
Ta100_5_9,1,171301210,Contrast,NEH-TBKK2,5489,5489,True
Ta100_5_9,1,171301210,Contrast,KK2-style-NEH,5588,5588,True
Ta100_5_9,1,171301210,Contrast,FRB4-p1,5465,5465,True
Ta100_5_9,1,171301210,Contrast,INEH-inspired,5467,5467,True
Ta100_5_9,2,171302219,Elite-only,NEH,5489,5489,True
Ta100_5_9,2,171302219,Elite-only,NEH-TBKK2,5489,5489,True
Ta100_5_9,2,171302219,Elite-only,KK2-style-NEH,5572,5572,True
Ta100_5_9,2,171302219,Elite-only,FRB4-p1,5454,5454,True
Ta100_5_9,2,171302219,Elite-only,INEH-inspired,5470,5470,True
Ta100_5_9,2,171302219,Contrast,NEH,5489,5489,True
Ta100_5_9,2,171302219,Contrast,NEH-TBKK2,5489,5489,True
Ta100_5_9,2,171302219,Contrast,KK2-style-NEH,5604,5604,True
Ta100_5_9,2,171302219,Contrast,FRB4-p1,5465,5465,True
Ta100_5_9,2,171302219,Contrast,INEH-inspired,5467,5467,True
Ta100_5_9,3,171303228,Elite-only,NEH,5489,5489,True
Ta100_5_9,3,171303228,Elite-only,NEH-TBKK2,5489,5489,True
Ta100_5_9,3,171303228,Elite-only,KK2-style-NEH,5578,5578,True
Ta100_5_9,3,171303228,Elite-only,FRB4-p1,5454,5454,True
Ta100_5_9,3,171303228,Elite-only,INEH-inspired,5471,5471,True
Ta100_5_9,3,171303228,Contrast,NEH,5489,5489,True
Ta100_5_9,3,171303228,Contrast,NEH-TBKK2,5489,5489,True
Ta100_5_9,3,171303228,Contrast,KK2-style-NEH,5588,5588,True
Ta100_5_9,3,171303228,Contrast,FRB4-p1,5485,5485,True
Ta100_5_9,3,171303228,Contrast,INEH-inspired,5467,5467,True
Ta100_5_9,4,171304237,Elite-only,NEH,5489,5489,True
Ta100_5_9,4,171304237,Elite-only,NEH-TBKK2,5489,5489,True
Ta100_5_9,4,171304237,Elite-only,KK2-style-NEH,5627,5627,True
Ta100_5_9,4,171304237,Elite-only,FRB4-p1,5454,5454,True
Ta100_5_9,4,171304237,Elite-only,INEH-inspired,5465,5465,True
Ta100_5_9,4,171304237,Contrast,NEH,5489,5489,True
Ta100_5_9,4,171304237,Contrast,NEH-TBKK2,5489,5489,True
Ta100_5_9,4,171304237,Contrast,KK2-style-NEH,5566,5566,True
Ta100_5_9,4,171304237,Contrast,FRB4-p1,5465,5465,True
Ta100_5_9,4,171304237,Contrast,INEH-inspired,5480,5480,True
Ta100_5_9,5,171305246,Elite-only,NEH,5489,5489,True
Ta100_5_9,5,171305246,Elite-only,NEH-TBKK2,5489,5489,True
Ta100_5_9,5,171305246,Elite-only,KK2-style-NEH,5619,5619,True
Ta100_5_9,5,171305246,Elite-only,FRB4-p1,5454,5454,True
Ta100_5_9,5,171305246,Elite-only,INEH-inspired,5485,5485,True
Ta100_5_9,5,171305246,Contrast,NEH,5489,5489,True
Ta100_5_9,5,171305246,Contrast,NEH-TBKK2,5489,5489,True
Ta100_5_9,5,171305246,Contrast,KK2-style-NEH,5588,5588,True
Ta100_5_9,5,171305246,Contrast,FRB4-p1,5454,5454,True
Ta100_5_9,5,171305246,Contrast,INEH-inspired,5467,5467,True
Ta100_5_10,1,171401210,Elite-only,NEH,5345,5345,True
Ta100_5_10,1,171401210,Elite-only,NEH-TBKK2,5346,5346,True
Ta100_5_10,1,171401210,Elite-only,KK2-style-NEH,5346,5346,True
Ta100_5_10,1,171401210,Elite-only,FRB4-p1,5322,5322,True
Ta100_5_10,1,171401210,Elite-only,INEH-inspired,5346,5346,True
Ta100_5_10,1,171401210,Contrast,NEH,5353,5353,True
Ta100_5_10,1,171401210,Contrast,NEH-TBKK2,5342,5342,True
Ta100_5_10,1,171401210,Contrast,KK2-style-NEH,5346,5346,True
Ta100_5_10,1,171401210,Contrast,FRB4-p1,5346,5346,True
Ta100_5_10,1,171401210,Contrast,INEH-inspired,5340,5340,True
Ta100_5_10,2,171402219,Elite-only,NEH,5349,5349,True
Ta100_5_10,2,171402219,Elite-only,NEH-TBKK2,5342,5342,True
Ta100_5_10,2,171402219,Elite-only,KK2-style-NEH,5346,5346,True
Ta100_5_10,2,171402219,Elite-only,FRB4-p1,5346,5346,True
Ta100_5_10,2,171402219,Elite-only,INEH-inspired,5346,5346,True
Ta100_5_10,2,171402219,Contrast,NEH,5354,5354,True
Ta100_5_10,2,171402219,Contrast,NEH-TBKK2,5330,5330,True
Ta100_5_10,2,171402219,Contrast,KK2-style-NEH,5363,5363,True
Ta100_5_10,2,171402219,Contrast,FRB4-p1,5341,5341,True
Ta100_5_10,2,171402219,Contrast,INEH-inspired,5328,5328,True
Ta100_5_10,3,171403228,Elite-only,NEH,5349,5349,True
Ta100_5_10,3,171403228,Elite-only,NEH-TBKK2,5354,5354,True
Ta100_5_10,3,171403228,Elite-only,KK2-style-NEH,5368,5368,True
Ta100_5_10,3,171403228,Elite-only,FRB4-p1,5337,5337,True
Ta100_5_10,3,171403228,Elite-only,INEH-inspired,5340,5340,True
Ta100_5_10,3,171403228,Contrast,NEH,5354,5354,True
Ta100_5_10,3,171403228,Contrast,NEH-TBKK2,5345,5345,True
Ta100_5_10,3,171403228,Contrast,KK2-style-NEH,5346,5346,True
Ta100_5_10,3,171403228,Contrast,FRB4-p1,5346,5346,True
Ta100_5_10,3,171403228,Contrast,INEH-inspired,5346,5346,True
Ta100_5_10,4,171404237,Elite-only,NEH,5354,5354,True
Ta100_5_10,4,171404237,Elite-only,NEH-TBKK2,5354,5354,True
Ta100_5_10,4,171404237,Elite-only,KK2-style-NEH,5360,5360,True
Ta100_5_10,4,171404237,Elite-only,FRB4-p1,5337,5337,True
Ta100_5_10,4,171404237,Elite-only,INEH-inspired,5346,5346,True
Ta100_5_10,4,171404237,Contrast,NEH,5354,5354,True
Ta100_5_10,4,171404237,Contrast,NEH-TBKK2,5354,5354,True
Ta100_5_10,4,171404237,Contrast,KK2-style-NEH,5346,5346,True
Ta100_5_10,4,171404237,Contrast,FRB4-p1,5346,5346,True
Ta100_5_10,4,171404237,Contrast,INEH-inspired,5328,5328,True
Ta100_5_10,5,171405246,Elite-only,NEH,5354,5354,True
Ta100_5_10,5,171405246,Elite-only,NEH-TBKK2,5354,5354,True
Ta100_5_10,5,171405246,Elite-only,KK2-style-NEH,5359,5359,True
Ta100_5_10,5,171405246,Elite-only,FRB4-p1,5341,5341,True
Ta100_5_10,5,171405246,Elite-only,INEH-inspired,5340,5340,True
Ta100_5_10,5,171405246,Contrast,NEH,5349,5349,True
Ta100_5_10,5,171405246,Contrast,NEH-TBKK2,5354,5354,True
Ta100_5_10,5,171405246,Contrast,KK2-style-NEH,5359,5359,True
Ta100_5_10,5,171405246,Contrast,FRB4-p1,5346,5346,True
Ta100_5_10,5,171405246,Contrast,INEH-inspired,5328,5328,True
Ta100_10_1,1,180501210,Elite-only,NEH,5830,5830,True
Ta100_10_1,1,180501210,Elite-only,NEH-TBKK2,5907,5907,True
Ta100_10_1,1,180501210,Elite-only,KK2-style-NEH,5954,5954,True
Ta100_10_1,1,180501210,Elite-only,FRB4-p1,5788,5788,True
Ta100_10_1,1,180501210,Elite-only,INEH-inspired,5855,5855,True
Ta100_10_1,1,180501210,Contrast,NEH,5882,5882,True
Ta100_10_1,1,180501210,Contrast,NEH-TBKK2,5892,5892,True
Ta100_10_1,1,180501210,Contrast,KK2-style-NEH,5950,5950,True
Ta100_10_1,1,180501210,Contrast,FRB4-p1,5832,5832,True
Ta100_10_1,1,180501210,Contrast,INEH-inspired,5880,5880,True
Ta100_10_1,2,180502219,Elite-only,NEH,5878,5878,True
Ta100_10_1,2,180502219,Elite-only,NEH-TBKK2,5907,5907,True
Ta100_10_1,2,180502219,Elite-only,KK2-style-NEH,5979,5979,True
Ta100_10_1,2,180502219,Elite-only,FRB4-p1,5804,5804,True
Ta100_10_1,2,180502219,Elite-only,INEH-inspired,5852,5852,True
Ta100_10_1,2,180502219,Contrast,NEH,5851,5851,True
Ta100_10_1,2,180502219,Contrast,NEH-TBKK2,5907,5907,True
Ta100_10_1,2,180502219,Contrast,KK2-style-NEH,5950,5950,True
Ta100_10_1,2,180502219,Contrast,FRB4-p1,5829,5829,True
Ta100_10_1,2,180502219,Contrast,INEH-inspired,5893,5893,True
Ta100_10_1,3,180503228,Elite-only,NEH,5882,5882,True
Ta100_10_1,3,180503228,Elite-only,NEH-TBKK2,5907,5907,True
Ta100_10_1,3,180503228,Elite-only,KK2-style-NEH,5954,5954,True
Ta100_10_1,3,180503228,Elite-only,FRB4-p1,5829,5829,True
Ta100_10_1,3,180503228,Elite-only,INEH-inspired,5879,5879,True
Ta100_10_1,3,180503228,Contrast,NEH,5883,5883,True
Ta100_10_1,3,180503228,Contrast,NEH-TBKK2,5872,5872,True
Ta100_10_1,3,180503228,Contrast,KK2-style-NEH,5995,5995,True
Ta100_10_1,3,180503228,Contrast,FRB4-p1,5851,5851,True
Ta100_10_1,3,180503228,Contrast,INEH-inspired,5841,5841,True
Ta100_10_1,4,180504237,Elite-only,NEH,5858,5858,True
Ta100_10_1,4,180504237,Elite-only,NEH-TBKK2,5872,5872,True
Ta100_10_1,4,180504237,Elite-only,KK2-style-NEH,5954,5954,True
Ta100_10_1,4,180504237,Elite-only,FRB4-p1,5829,5829,True
Ta100_10_1,4,180504237,Elite-only,INEH-inspired,5873,5873,True
Ta100_10_1,4,180504237,Contrast,NEH,5882,5882,True
Ta100_10_1,4,180504237,Contrast,NEH-TBKK2,5890,5890,True
Ta100_10_1,4,180504237,Contrast,KK2-style-NEH,5995,5995,True
Ta100_10_1,4,180504237,Contrast,FRB4-p1,5849,5849,True
Ta100_10_1,4,180504237,Contrast,INEH-inspired,5874,5874,True
Ta100_10_1,5,180505246,Elite-only,NEH,5861,5861,True
Ta100_10_1,5,180505246,Elite-only,NEH-TBKK2,5890,5890,True
Ta100_10_1,5,180505246,Elite-only,KK2-style-NEH,5954,5954,True
Ta100_10_1,5,180505246,Elite-only,FRB4-p1,5800,5800,True
Ta100_10_1,5,180505246,Elite-only,INEH-inspired,5834,5834,True
Ta100_10_1,5,180505246,Contrast,NEH,5890,5890,True
Ta100_10_1,5,180505246,Contrast,NEH-TBKK2,5876,5876,True
Ta100_10_1,5,180505246,Contrast,KK2-style-NEH,5995,5995,True
Ta100_10_1,5,180505246,Contrast,FRB4-p1,5820,5820,True
Ta100_10_1,5,180505246,Contrast,INEH-inspired,5902,5902,True
Ta100_10_2,1,180601210,Elite-only,NEH,5410,5410,True
Ta100_10_2,1,180601210,Elite-only,NEH-TBKK2,5442,5442,True
Ta100_10_2,1,180601210,Elite-only,KK2-style-NEH,5654,5654,True
Ta100_10_2,1,180601210,Elite-only,FRB4-p1,5416,5416,True
Ta100_10_2,1,180601210,Elite-only,INEH-inspired,5458,5458,True
Ta100_10_2,1,180601210,Contrast,NEH,5424,5424,True
Ta100_10_2,1,180601210,Contrast,NEH-TBKK2,5460,5460,True
Ta100_10_2,1,180601210,Contrast,KK2-style-NEH,5611,5611,True
Ta100_10_2,1,180601210,Contrast,FRB4-p1,5420,5420,True
Ta100_10_2,1,180601210,Contrast,INEH-inspired,5448,5448,True
Ta100_10_2,2,180602219,Elite-only,NEH,5486,5486,True
Ta100_10_2,2,180602219,Elite-only,NEH-TBKK2,5442,5442,True
Ta100_10_2,2,180602219,Elite-only,KK2-style-NEH,5585,5585,True
Ta100_10_2,2,180602219,Elite-only,FRB4-p1,5386,5386,True
Ta100_10_2,2,180602219,Elite-only,INEH-inspired,5426,5426,True
Ta100_10_2,2,180602219,Contrast,NEH,5424,5424,True
Ta100_10_2,2,180602219,Contrast,NEH-TBKK2,5460,5460,True
Ta100_10_2,2,180602219,Contrast,KK2-style-NEH,5652,5652,True
Ta100_10_2,2,180602219,Contrast,FRB4-p1,5415,5415,True
Ta100_10_2,2,180602219,Contrast,INEH-inspired,5462,5462,True
Ta100_10_2,3,180603228,Elite-only,NEH,5470,5470,True
Ta100_10_2,3,180603228,Elite-only,NEH-TBKK2,5435,5435,True
Ta100_10_2,3,180603228,Elite-only,KK2-style-NEH,5541,5541,True
Ta100_10_2,3,180603228,Elite-only,FRB4-p1,5392,5392,True
Ta100_10_2,3,180603228,Elite-only,INEH-inspired,5450,5450,True
Ta100_10_2,3,180603228,Contrast,NEH,5424,5424,True
Ta100_10_2,3,180603228,Contrast,NEH-TBKK2,5414,5414,True
Ta100_10_2,3,180603228,Contrast,KK2-style-NEH,5684,5684,True
Ta100_10_2,3,180603228,Contrast,FRB4-p1,5420,5420,True
Ta100_10_2,3,180603228,Contrast,INEH-inspired,5493,5493,True
Ta100_10_2,4,180604237,Elite-only,NEH,5417,5417,True
Ta100_10_2,4,180604237,Elite-only,NEH-TBKK2,5446,5446,True
Ta100_10_2,4,180604237,Elite-only,KK2-style-NEH,5617,5617,True
Ta100_10_2,4,180604237,Elite-only,FRB4-p1,5462,5462,True
Ta100_10_2,4,180604237,Elite-only,INEH-inspired,5471,5471,True
Ta100_10_2,4,180604237,Contrast,NEH,5417,5417,True
Ta100_10_2,4,180604237,Contrast,NEH-TBKK2,5442,5442,True
Ta100_10_2,4,180604237,Contrast,KK2-style-NEH,5591,5591,True
Ta100_10_2,4,180604237,Contrast,FRB4-p1,5424,5424,True
Ta100_10_2,4,180604237,Contrast,INEH-inspired,5460,5460,True
Ta100_10_2,5,180605246,Elite-only,NEH,5410,5410,True
Ta100_10_2,5,180605246,Elite-only,NEH-TBKK2,5405,5405,True
Ta100_10_2,5,180605246,Elite-only,KK2-style-NEH,5645,5645,True
Ta100_10_2,5,180605246,Elite-only,FRB4-p1,5424,5424,True
Ta100_10_2,5,180605246,Elite-only,INEH-inspired,5406,5406,True
Ta100_10_2,5,180605246,Contrast,NEH,5424,5424,True
Ta100_10_2,5,180605246,Contrast,NEH-TBKK2,5426,5426,True
Ta100_10_2,5,180605246,Contrast,KK2-style-NEH,5619,5619,True
Ta100_10_2,5,180605246,Contrast,FRB4-p1,5413,5413,True
Ta100_10_2,5,180605246,Contrast,INEH-inspired,5450,5450,True
Ta100_10_3,1,180701210,Elite-only,NEH,5730,5730,True
Ta100_10_3,1,180701210,Elite-only,NEH-TBKK2,5754,5754,True
Ta100_10_3,1,180701210,Elite-only,KK2-style-NEH,5843,5843,True
Ta100_10_3,1,180701210,Elite-only,FRB4-p1,5745,5745,True
Ta100_10_3,1,180701210,Elite-only,INEH-inspired,5746,5746,True
Ta100_10_3,1,180701210,Contrast,NEH,5740,5740,True
Ta100_10_3,1,180701210,Contrast,NEH-TBKK2,5775,5775,True
Ta100_10_3,1,180701210,Contrast,KK2-style-NEH,5842,5842,True
Ta100_10_3,1,180701210,Contrast,FRB4-p1,5766,5766,True
Ta100_10_3,1,180701210,Contrast,INEH-inspired,5746,5746,True
Ta100_10_3,2,180702219,Elite-only,NEH,5750,5750,True
Ta100_10_3,2,180702219,Elite-only,NEH-TBKK2,5754,5754,True
Ta100_10_3,2,180702219,Elite-only,KK2-style-NEH,5849,5849,True
Ta100_10_3,2,180702219,Elite-only,FRB4-p1,5682,5682,True
Ta100_10_3,2,180702219,Elite-only,INEH-inspired,5732,5732,True
Ta100_10_3,2,180702219,Contrast,NEH,5745,5745,True
Ta100_10_3,2,180702219,Contrast,NEH-TBKK2,5748,5748,True
Ta100_10_3,2,180702219,Contrast,KK2-style-NEH,5889,5889,True
Ta100_10_3,2,180702219,Contrast,FRB4-p1,5769,5769,True
Ta100_10_3,2,180702219,Contrast,INEH-inspired,5746,5746,True
Ta100_10_3,3,180703228,Elite-only,NEH,5733,5733,True
Ta100_10_3,3,180703228,Elite-only,NEH-TBKK2,5754,5754,True
Ta100_10_3,3,180703228,Elite-only,KK2-style-NEH,5849,5849,True
Ta100_10_3,3,180703228,Elite-only,FRB4-p1,5692,5692,True
Ta100_10_3,3,180703228,Elite-only,INEH-inspired,5703,5703,True
Ta100_10_3,3,180703228,Contrast,NEH,5747,5747,True
Ta100_10_3,3,180703228,Contrast,NEH-TBKK2,5754,5754,True
Ta100_10_3,3,180703228,Contrast,KK2-style-NEH,5839,5839,True
Ta100_10_3,3,180703228,Contrast,FRB4-p1,5691,5691,True
Ta100_10_3,3,180703228,Contrast,INEH-inspired,5691,5691,True
Ta100_10_3,4,180704237,Elite-only,NEH,5730,5730,True
Ta100_10_3,4,180704237,Elite-only,NEH-TBKK2,5775,5775,True
Ta100_10_3,4,180704237,Elite-only,KK2-style-NEH,5848,5848,True
Ta100_10_3,4,180704237,Elite-only,FRB4-p1,5766,5766,True
Ta100_10_3,4,180704237,Elite-only,INEH-inspired,5760,5760,True
Ta100_10_3,4,180704237,Contrast,NEH,5746,5746,True
Ta100_10_3,4,180704237,Contrast,NEH-TBKK2,5754,5754,True
Ta100_10_3,4,180704237,Contrast,KK2-style-NEH,5813,5813,True
Ta100_10_3,4,180704237,Contrast,FRB4-p1,5737,5737,True
Ta100_10_3,4,180704237,Contrast,INEH-inspired,5724,5724,True
Ta100_10_3,5,180705246,Elite-only,NEH,5753,5753,True
Ta100_10_3,5,180705246,Elite-only,NEH-TBKK2,5752,5752,True
Ta100_10_3,5,180705246,Elite-only,KK2-style-NEH,5831,5831,True
Ta100_10_3,5,180705246,Elite-only,FRB4-p1,5692,5692,True
Ta100_10_3,5,180705246,Elite-only,INEH-inspired,5715,5715,True
Ta100_10_3,5,180705246,Contrast,NEH,5716,5716,True
Ta100_10_3,5,180705246,Contrast,NEH-TBKK2,5754,5754,True
Ta100_10_3,5,180705246,Contrast,KK2-style-NEH,5851,5851,True
Ta100_10_3,5,180705246,Contrast,FRB4-p1,5704,5704,True
Ta100_10_3,5,180705246,Contrast,INEH-inspired,5756,5756,True
Ta100_10_4,1,180801210,Elite-only,NEH,6058,6058,True
Ta100_10_4,1,180801210,Elite-only,NEH-TBKK2,5981,5981,True
Ta100_10_4,1,180801210,Elite-only,KK2-style-NEH,6088,6088,True
Ta100_10_4,1,180801210,Elite-only,FRB4-p1,5907,5907,True
Ta100_10_4,1,180801210,Elite-only,INEH-inspired,6010,6010,True
Ta100_10_4,1,180801210,Contrast,NEH,6010,6010,True
Ta100_10_4,1,180801210,Contrast,NEH-TBKK2,5909,5909,True
Ta100_10_4,1,180801210,Contrast,KK2-style-NEH,6161,6161,True
Ta100_10_4,1,180801210,Contrast,FRB4-p1,5945,5945,True
Ta100_10_4,1,180801210,Contrast,INEH-inspired,5993,5993,True
Ta100_10_4,2,180802219,Elite-only,NEH,5943,5943,True
Ta100_10_4,2,180802219,Elite-only,NEH-TBKK2,5930,5930,True
Ta100_10_4,2,180802219,Elite-only,KK2-style-NEH,6118,6118,True
Ta100_10_4,2,180802219,Elite-only,FRB4-p1,5954,5954,True
Ta100_10_4,2,180802219,Elite-only,INEH-inspired,5992,5992,True
Ta100_10_4,2,180802219,Contrast,NEH,6010,6010,True
Ta100_10_4,2,180802219,Contrast,NEH-TBKK2,5945,5945,True
Ta100_10_4,2,180802219,Contrast,KK2-style-NEH,6157,6157,True
Ta100_10_4,2,180802219,Contrast,FRB4-p1,5933,5933,True
Ta100_10_4,2,180802219,Contrast,INEH-inspired,5973,5973,True
Ta100_10_4,3,180803228,Elite-only,NEH,5972,5972,True
Ta100_10_4,3,180803228,Elite-only,NEH-TBKK2,5973,5973,True
Ta100_10_4,3,180803228,Elite-only,KK2-style-NEH,6131,6131,True
Ta100_10_4,3,180803228,Elite-only,FRB4-p1,5897,5897,True
Ta100_10_4,3,180803228,Elite-only,INEH-inspired,5916,5916,True
Ta100_10_4,3,180803228,Contrast,NEH,5975,5975,True
Ta100_10_4,3,180803228,Contrast,NEH-TBKK2,6025,6025,True
Ta100_10_4,3,180803228,Contrast,KK2-style-NEH,6137,6137,True
Ta100_10_4,3,180803228,Contrast,FRB4-p1,5950,5950,True
Ta100_10_4,3,180803228,Contrast,INEH-inspired,6052,6052,True
Ta100_10_4,4,180804237,Elite-only,NEH,5970,5970,True
Ta100_10_4,4,180804237,Elite-only,NEH-TBKK2,5983,5983,True
Ta100_10_4,4,180804237,Elite-only,KK2-style-NEH,6112,6112,True
Ta100_10_4,4,180804237,Elite-only,FRB4-p1,5869,5869,True
Ta100_10_4,4,180804237,Elite-only,INEH-inspired,5956,5956,True
Ta100_10_4,4,180804237,Contrast,NEH,6010,6010,True
Ta100_10_4,4,180804237,Contrast,NEH-TBKK2,5900,5900,True
Ta100_10_4,4,180804237,Contrast,KK2-style-NEH,6158,6158,True
Ta100_10_4,4,180804237,Contrast,FRB4-p1,5974,5974,True
Ta100_10_4,4,180804237,Contrast,INEH-inspired,6017,6017,True
Ta100_10_4,5,180805246,Elite-only,NEH,5947,5947,True
Ta100_10_4,5,180805246,Elite-only,NEH-TBKK2,5984,5984,True
Ta100_10_4,5,180805246,Elite-only,KK2-style-NEH,6090,6090,True
Ta100_10_4,5,180805246,Elite-only,FRB4-p1,5907,5907,True
Ta100_10_4,5,180805246,Elite-only,INEH-inspired,5953,5953,True
Ta100_10_4,5,180805246,Contrast,NEH,6043,6043,True
Ta100_10_4,5,180805246,Contrast,NEH-TBKK2,5907,5907,True
Ta100_10_4,5,180805246,Contrast,KK2-style-NEH,6151,6151,True
Ta100_10_4,5,180805246,Contrast,FRB4-p1,5908,5908,True
Ta100_10_4,5,180805246,Contrast,INEH-inspired,5972,5972,True
Ta100_10_5,1,180901210,Elite-only,NEH,5693,5693,True
Ta100_10_5,1,180901210,Elite-only,NEH-TBKK2,5661,5661,True
Ta100_10_5,1,180901210,Elite-only,KK2-style-NEH,5808,5808,True
Ta100_10_5,1,180901210,Elite-only,FRB4-p1,5621,5621,True
Ta100_10_5,1,180901210,Elite-only,INEH-inspired,5657,5657,True
Ta100_10_5,1,180901210,Contrast,NEH,5693,5693,True
Ta100_10_5,1,180901210,Contrast,NEH-TBKK2,5661,5661,True
Ta100_10_5,1,180901210,Contrast,KK2-style-NEH,5815,5815,True
Ta100_10_5,1,180901210,Contrast,FRB4-p1,5609,5609,True
Ta100_10_5,1,180901210,Contrast,INEH-inspired,5630,5630,True
Ta100_10_5,2,180902219,Elite-only,NEH,5693,5693,True
Ta100_10_5,2,180902219,Elite-only,NEH-TBKK2,5661,5661,True
Ta100_10_5,2,180902219,Elite-only,KK2-style-NEH,5755,5755,True
Ta100_10_5,2,180902219,Elite-only,FRB4-p1,5580,5580,True
Ta100_10_5,2,180902219,Elite-only,INEH-inspired,5657,5657,True
Ta100_10_5,2,180902219,Contrast,NEH,5641,5641,True
Ta100_10_5,2,180902219,Contrast,NEH-TBKK2,5661,5661,True
Ta100_10_5,2,180902219,Contrast,KK2-style-NEH,5815,5815,True
Ta100_10_5,2,180902219,Contrast,FRB4-p1,5593,5593,True
Ta100_10_5,2,180902219,Contrast,INEH-inspired,5620,5620,True
Ta100_10_5,3,180903228,Elite-only,NEH,5691,5691,True
Ta100_10_5,3,180903228,Elite-only,NEH-TBKK2,5686,5686,True
Ta100_10_5,3,180903228,Elite-only,KK2-style-NEH,5842,5842,True
Ta100_10_5,3,180903228,Elite-only,FRB4-p1,5574,5574,True
Ta100_10_5,3,180903228,Elite-only,INEH-inspired,5607,5607,True
Ta100_10_5,3,180903228,Contrast,NEH,5641,5641,True
Ta100_10_5,3,180903228,Contrast,NEH-TBKK2,5661,5661,True
Ta100_10_5,3,180903228,Contrast,KK2-style-NEH,5815,5815,True
Ta100_10_5,3,180903228,Contrast,FRB4-p1,5559,5559,True
Ta100_10_5,3,180903228,Contrast,INEH-inspired,5657,5657,True
Ta100_10_5,4,180904237,Elite-only,NEH,5632,5632,True
Ta100_10_5,4,180904237,Elite-only,NEH-TBKK2,5661,5661,True
Ta100_10_5,4,180904237,Elite-only,KK2-style-NEH,5808,5808,True
Ta100_10_5,4,180904237,Elite-only,FRB4-p1,5569,5569,True
Ta100_10_5,4,180904237,Elite-only,INEH-inspired,5625,5625,True
Ta100_10_5,4,180904237,Contrast,NEH,5632,5632,True
Ta100_10_5,4,180904237,Contrast,NEH-TBKK2,5673,5673,True
Ta100_10_5,4,180904237,Contrast,KK2-style-NEH,5773,5773,True
Ta100_10_5,4,180904237,Contrast,FRB4-p1,5568,5568,True
Ta100_10_5,4,180904237,Contrast,INEH-inspired,5619,5619,True
Ta100_10_5,5,180905246,Elite-only,NEH,5632,5632,True
Ta100_10_5,5,180905246,Elite-only,NEH-TBKK2,5686,5686,True
Ta100_10_5,5,180905246,Elite-only,KK2-style-NEH,5842,5842,True
Ta100_10_5,5,180905246,Elite-only,FRB4-p1,5561,5561,True
Ta100_10_5,5,180905246,Elite-only,INEH-inspired,5677,5677,True
Ta100_10_5,5,180905246,Contrast,NEH,5632,5632,True
Ta100_10_5,5,180905246,Contrast,NEH-TBKK2,5686,5686,True
Ta100_10_5,5,180905246,Contrast,KK2-style-NEH,5809,5809,True
Ta100_10_5,5,180905246,Contrast,FRB4-p1,5579,5579,True
Ta100_10_5,5,180905246,Contrast,INEH-inspired,5631,5631,True
Ta100_10_6,1,181001210,Elite-only,NEH,5352,5352,True
Ta100_10_6,1,181001210,Elite-only,NEH-TBKK2,5398,5398,True
Ta100_10_6,1,181001210,Elite-only,KK2-style-NEH,5686,5686,True
Ta100_10_6,1,181001210,Elite-only,FRB4-p1,5348,5348,True
Ta100_10_6,1,181001210,Elite-only,INEH-inspired,5394,5394,True
Ta100_10_6,1,181001210,Contrast,NEH,5395,5395,True
Ta100_10_6,1,181001210,Contrast,NEH-TBKK2,5418,5418,True
Ta100_10_6,1,181001210,Contrast,KK2-style-NEH,5626,5626,True
Ta100_10_6,1,181001210,Contrast,FRB4-p1,5331,5331,True
Ta100_10_6,1,181001210,Contrast,INEH-inspired,5362,5362,True
Ta100_10_6,2,181002219,Elite-only,NEH,5352,5352,True
Ta100_10_6,2,181002219,Elite-only,NEH-TBKK2,5409,5409,True
Ta100_10_6,2,181002219,Elite-only,KK2-style-NEH,5573,5573,True
Ta100_10_6,2,181002219,Elite-only,FRB4-p1,5358,5358,True
Ta100_10_6,2,181002219,Elite-only,INEH-inspired,5427,5427,True
Ta100_10_6,2,181002219,Contrast,NEH,5347,5347,True
Ta100_10_6,2,181002219,Contrast,NEH-TBKK2,5418,5418,True
Ta100_10_6,2,181002219,Contrast,KK2-style-NEH,5626,5626,True
Ta100_10_6,2,181002219,Contrast,FRB4-p1,5360,5360,True
Ta100_10_6,2,181002219,Contrast,INEH-inspired,5342,5342,True
Ta100_10_6,3,181003228,Elite-only,NEH,5398,5398,True
Ta100_10_6,3,181003228,Elite-only,NEH-TBKK2,5412,5412,True
Ta100_10_6,3,181003228,Elite-only,KK2-style-NEH,5609,5609,True
Ta100_10_6,3,181003228,Elite-only,FRB4-p1,5354,5354,True
Ta100_10_6,3,181003228,Elite-only,INEH-inspired,5422,5422,True
Ta100_10_6,3,181003228,Contrast,NEH,5396,5396,True
Ta100_10_6,3,181003228,Contrast,NEH-TBKK2,5418,5418,True
Ta100_10_6,3,181003228,Contrast,KK2-style-NEH,5551,5551,True
Ta100_10_6,3,181003228,Contrast,FRB4-p1,5357,5357,True
Ta100_10_6,3,181003228,Contrast,INEH-inspired,5396,5396,True
Ta100_10_6,4,181004237,Elite-only,NEH,5420,5420,True
Ta100_10_6,4,181004237,Elite-only,NEH-TBKK2,5412,5412,True
Ta100_10_6,4,181004237,Elite-only,KK2-style-NEH,5666,5666,True
Ta100_10_6,4,181004237,Elite-only,FRB4-p1,5347,5347,True
Ta100_10_6,4,181004237,Elite-only,INEH-inspired,5333,5333,True
Ta100_10_6,4,181004237,Contrast,NEH,5347,5347,True
Ta100_10_6,4,181004237,Contrast,NEH-TBKK2,5418,5418,True
Ta100_10_6,4,181004237,Contrast,KK2-style-NEH,5570,5570,True
Ta100_10_6,4,181004237,Contrast,FRB4-p1,5365,5365,True
Ta100_10_6,4,181004237,Contrast,INEH-inspired,5415,5415,True
Ta100_10_6,5,181005246,Elite-only,NEH,5436,5436,True
Ta100_10_6,5,181005246,Elite-only,NEH-TBKK2,5409,5409,True
Ta100_10_6,5,181005246,Elite-only,KK2-style-NEH,5594,5594,True
Ta100_10_6,5,181005246,Elite-only,FRB4-p1,5337,5337,True
Ta100_10_6,5,181005246,Elite-only,INEH-inspired,5433,5433,True
Ta100_10_6,5,181005246,Contrast,NEH,5352,5352,True
Ta100_10_6,5,181005246,Contrast,NEH-TBKK2,5418,5418,True
Ta100_10_6,5,181005246,Contrast,KK2-style-NEH,5546,5546,True
Ta100_10_6,5,181005246,Contrast,FRB4-p1,5351,5351,True
Ta100_10_6,5,181005246,Contrast,INEH-inspired,5435,5435,True
Ta100_10_7,1,181101210,Elite-only,NEH,5687,5687,True
Ta100_10_7,1,181101210,Elite-only,NEH-TBKK2,5689,5689,True
Ta100_10_7,1,181101210,Elite-only,KK2-style-NEH,5746,5746,True
Ta100_10_7,1,181101210,Elite-only,FRB4-p1,5693,5693,True
Ta100_10_7,1,181101210,Elite-only,INEH-inspired,5680,5680,True
Ta100_10_7,1,181101210,Contrast,NEH,5727,5727,True
Ta100_10_7,1,181101210,Contrast,NEH-TBKK2,5697,5697,True
Ta100_10_7,1,181101210,Contrast,KK2-style-NEH,5719,5719,True
Ta100_10_7,1,181101210,Contrast,FRB4-p1,5690,5690,True
Ta100_10_7,1,181101210,Contrast,INEH-inspired,5764,5764,True
Ta100_10_7,2,181102219,Elite-only,NEH,5752,5752,True
Ta100_10_7,2,181102219,Elite-only,NEH-TBKK2,5681,5681,True
Ta100_10_7,2,181102219,Elite-only,KK2-style-NEH,5693,5693,True
Ta100_10_7,2,181102219,Elite-only,FRB4-p1,5696,5696,True
Ta100_10_7,2,181102219,Elite-only,INEH-inspired,5717,5717,True
Ta100_10_7,2,181102219,Contrast,NEH,5751,5751,True
Ta100_10_7,2,181102219,Contrast,NEH-TBKK2,5689,5689,True
Ta100_10_7,2,181102219,Contrast,KK2-style-NEH,5723,5723,True
Ta100_10_7,2,181102219,Contrast,FRB4-p1,5644,5644,True
Ta100_10_7,2,181102219,Contrast,INEH-inspired,5675,5675,True
Ta100_10_7,3,181103228,Elite-only,NEH,5752,5752,True
Ta100_10_7,3,181103228,Elite-only,NEH-TBKK2,5746,5746,True
Ta100_10_7,3,181103228,Elite-only,KK2-style-NEH,5689,5689,True
Ta100_10_7,3,181103228,Elite-only,FRB4-p1,5696,5696,True
Ta100_10_7,3,181103228,Elite-only,INEH-inspired,5727,5727,True
Ta100_10_7,3,181103228,Contrast,NEH,5740,5740,True
Ta100_10_7,3,181103228,Contrast,NEH-TBKK2,5725,5725,True
Ta100_10_7,3,181103228,Contrast,KK2-style-NEH,5719,5719,True
Ta100_10_7,3,181103228,Contrast,FRB4-p1,5703,5703,True
Ta100_10_7,3,181103228,Contrast,INEH-inspired,5694,5694,True
Ta100_10_7,4,181104237,Elite-only,NEH,5707,5707,True
Ta100_10_7,4,181104237,Elite-only,NEH-TBKK2,5709,5709,True
Ta100_10_7,4,181104237,Elite-only,KK2-style-NEH,5723,5723,True
Ta100_10_7,4,181104237,Elite-only,FRB4-p1,5677,5677,True
Ta100_10_7,4,181104237,Elite-only,INEH-inspired,5707,5707,True
Ta100_10_7,4,181104237,Contrast,NEH,5751,5751,True
Ta100_10_7,4,181104237,Contrast,NEH-TBKK2,5694,5694,True
Ta100_10_7,4,181104237,Contrast,KK2-style-NEH,5723,5723,True
Ta100_10_7,4,181104237,Contrast,FRB4-p1,5688,5688,True
Ta100_10_7,4,181104237,Contrast,INEH-inspired,5715,5715,True
Ta100_10_7,5,181105246,Elite-only,NEH,5751,5751,True
Ta100_10_7,5,181105246,Elite-only,NEH-TBKK2,5725,5725,True
Ta100_10_7,5,181105246,Elite-only,KK2-style-NEH,5733,5733,True
Ta100_10_7,5,181105246,Elite-only,FRB4-p1,5721,5721,True
Ta100_10_7,5,181105246,Elite-only,INEH-inspired,5679,5679,True
Ta100_10_7,5,181105246,Contrast,NEH,5705,5705,True
Ta100_10_7,5,181105246,Contrast,NEH-TBKK2,5709,5709,True
Ta100_10_7,5,181105246,Contrast,KK2-style-NEH,5704,5704,True
Ta100_10_7,5,181105246,Contrast,FRB4-p1,5707,5707,True
Ta100_10_7,5,181105246,Contrast,INEH-inspired,5715,5715,True
Ta100_10_8,1,181201210,Elite-only,NEH,5680,5680,True
Ta100_10_8,1,181201210,Elite-only,NEH-TBKK2,5744,5744,True
Ta100_10_8,1,181201210,Elite-only,KK2-style-NEH,5820,5820,True
Ta100_10_8,1,181201210,Elite-only,FRB4-p1,5774,5774,True
Ta100_10_8,1,181201210,Elite-only,INEH-inspired,5730,5730,True
Ta100_10_8,1,181201210,Contrast,NEH,5680,5680,True
Ta100_10_8,1,181201210,Contrast,NEH-TBKK2,5764,5764,True
Ta100_10_8,1,181201210,Contrast,KK2-style-NEH,5846,5846,True
Ta100_10_8,1,181201210,Contrast,FRB4-p1,5688,5688,True
Ta100_10_8,1,181201210,Contrast,INEH-inspired,5711,5711,True
Ta100_10_8,2,181202219,Elite-only,NEH,5710,5710,True
Ta100_10_8,2,181202219,Elite-only,NEH-TBKK2,5744,5744,True
Ta100_10_8,2,181202219,Elite-only,KK2-style-NEH,5807,5807,True
Ta100_10_8,2,181202219,Elite-only,FRB4-p1,5717,5717,True
Ta100_10_8,2,181202219,Elite-only,INEH-inspired,5740,5740,True
Ta100_10_8,2,181202219,Contrast,NEH,5761,5761,True
Ta100_10_8,2,181202219,Contrast,NEH-TBKK2,5772,5772,True
Ta100_10_8,2,181202219,Contrast,KK2-style-NEH,5824,5824,True
Ta100_10_8,2,181202219,Contrast,FRB4-p1,5709,5709,True
Ta100_10_8,2,181202219,Contrast,INEH-inspired,5731,5731,True
Ta100_10_8,3,181203228,Elite-only,NEH,5743,5743,True
Ta100_10_8,3,181203228,Elite-only,NEH-TBKK2,5744,5744,True
Ta100_10_8,3,181203228,Elite-only,KK2-style-NEH,5865,5865,True
Ta100_10_8,3,181203228,Elite-only,FRB4-p1,5707,5707,True
Ta100_10_8,3,181203228,Elite-only,INEH-inspired,5708,5708,True
Ta100_10_8,3,181203228,Contrast,NEH,5744,5744,True
Ta100_10_8,3,181203228,Contrast,NEH-TBKK2,5764,5764,True
Ta100_10_8,3,181203228,Contrast,KK2-style-NEH,5824,5824,True
Ta100_10_8,3,181203228,Contrast,FRB4-p1,5741,5741,True
Ta100_10_8,3,181203228,Contrast,INEH-inspired,5718,5718,True
Ta100_10_8,4,181204237,Elite-only,NEH,5710,5710,True
Ta100_10_8,4,181204237,Elite-only,NEH-TBKK2,5744,5744,True
Ta100_10_8,4,181204237,Elite-only,KK2-style-NEH,5853,5853,True
Ta100_10_8,4,181204237,Elite-only,FRB4-p1,5709,5709,True
Ta100_10_8,4,181204237,Elite-only,INEH-inspired,5724,5724,True
Ta100_10_8,4,181204237,Contrast,NEH,5680,5680,True
Ta100_10_8,4,181204237,Contrast,NEH-TBKK2,5764,5764,True
Ta100_10_8,4,181204237,Contrast,KK2-style-NEH,5873,5873,True
Ta100_10_8,4,181204237,Contrast,FRB4-p1,5716,5716,True
Ta100_10_8,4,181204237,Contrast,INEH-inspired,5715,5715,True
Ta100_10_8,5,181205246,Elite-only,NEH,5710,5710,True
Ta100_10_8,5,181205246,Elite-only,NEH-TBKK2,5744,5744,True
Ta100_10_8,5,181205246,Elite-only,KK2-style-NEH,5847,5847,True
Ta100_10_8,5,181205246,Elite-only,FRB4-p1,5722,5722,True
Ta100_10_8,5,181205246,Elite-only,INEH-inspired,5754,5754,True
Ta100_10_8,5,181205246,Contrast,NEH,5680,5680,True
Ta100_10_8,5,181205246,Contrast,NEH-TBKK2,5766,5766,True
Ta100_10_8,5,181205246,Contrast,KK2-style-NEH,5824,5824,True
Ta100_10_8,5,181205246,Contrast,FRB4-p1,5717,5717,True
Ta100_10_8,5,181205246,Contrast,INEH-inspired,5740,5740,True
Ta100_10_9,1,181301210,Elite-only,NEH,5991,5991,True
Ta100_10_9,1,181301210,Elite-only,NEH-TBKK2,6009,6009,True
Ta100_10_9,1,181301210,Elite-only,KK2-style-NEH,6042,6042,True
Ta100_10_9,1,181301210,Elite-only,FRB4-p1,5979,5979,True
Ta100_10_9,1,181301210,Elite-only,INEH-inspired,5990,5990,True
Ta100_10_9,1,181301210,Contrast,NEH,6009,6009,True
Ta100_10_9,1,181301210,Contrast,NEH-TBKK2,5973,5973,True
Ta100_10_9,1,181301210,Contrast,KK2-style-NEH,6081,6081,True
Ta100_10_9,1,181301210,Contrast,FRB4-p1,5979,5979,True
Ta100_10_9,1,181301210,Contrast,INEH-inspired,5990,5990,True
Ta100_10_9,2,181302219,Elite-only,NEH,6045,6045,True
Ta100_10_9,2,181302219,Elite-only,NEH-TBKK2,6004,6004,True
Ta100_10_9,2,181302219,Elite-only,KK2-style-NEH,6109,6109,True
Ta100_10_9,2,181302219,Elite-only,FRB4-p1,5979,5979,True
Ta100_10_9,2,181302219,Elite-only,INEH-inspired,5996,5996,True
Ta100_10_9,2,181302219,Contrast,NEH,5989,5989,True
Ta100_10_9,2,181302219,Contrast,NEH-TBKK2,6023,6023,True
Ta100_10_9,2,181302219,Contrast,KK2-style-NEH,6081,6081,True
Ta100_10_9,2,181302219,Contrast,FRB4-p1,5979,5979,True
Ta100_10_9,2,181302219,Contrast,INEH-inspired,5979,5979,True
Ta100_10_9,3,181303228,Elite-only,NEH,5979,5979,True
Ta100_10_9,3,181303228,Elite-only,NEH-TBKK2,6004,6004,True
Ta100_10_9,3,181303228,Elite-only,KK2-style-NEH,6119,6119,True
Ta100_10_9,3,181303228,Elite-only,FRB4-p1,5965,5965,True
Ta100_10_9,3,181303228,Elite-only,INEH-inspired,5979,5979,True
Ta100_10_9,3,181303228,Contrast,NEH,6005,6005,True
Ta100_10_9,3,181303228,Contrast,NEH-TBKK2,6023,6023,True
Ta100_10_9,3,181303228,Contrast,KK2-style-NEH,6081,6081,True
Ta100_10_9,3,181303228,Contrast,FRB4-p1,5940,5940,True
Ta100_10_9,3,181303228,Contrast,INEH-inspired,5990,5990,True
Ta100_10_9,4,181304237,Elite-only,NEH,6007,6007,True
Ta100_10_9,4,181304237,Elite-only,NEH-TBKK2,5998,5998,True
Ta100_10_9,4,181304237,Elite-only,KK2-style-NEH,6034,6034,True
Ta100_10_9,4,181304237,Elite-only,FRB4-p1,5987,5987,True
Ta100_10_9,4,181304237,Elite-only,INEH-inspired,6026,6026,True
Ta100_10_9,4,181304237,Contrast,NEH,5992,5992,True
Ta100_10_9,4,181304237,Contrast,NEH-TBKK2,6023,6023,True
Ta100_10_9,4,181304237,Contrast,KK2-style-NEH,6055,6055,True
Ta100_10_9,4,181304237,Contrast,FRB4-p1,5963,5963,True
Ta100_10_9,4,181304237,Contrast,INEH-inspired,5990,5990,True
Ta100_10_9,5,181305246,Elite-only,NEH,5979,5979,True
Ta100_10_9,5,181305246,Elite-only,NEH-TBKK2,6017,6017,True
Ta100_10_9,5,181305246,Elite-only,KK2-style-NEH,6045,6045,True
Ta100_10_9,5,181305246,Elite-only,FRB4-p1,5979,5979,True
Ta100_10_9,5,181305246,Elite-only,INEH-inspired,5979,5979,True
Ta100_10_9,5,181305246,Contrast,NEH,5979,5979,True
Ta100_10_9,5,181305246,Contrast,NEH-TBKK2,6028,6028,True
Ta100_10_9,5,181305246,Contrast,KK2-style-NEH,6083,6083,True
Ta100_10_9,5,181305246,Contrast,FRB4-p1,5979,5979,True
Ta100_10_9,5,181305246,Contrast,INEH-inspired,5979,5979,True
Ta100_10_10,1,181401210,Elite-only,NEH,5903,5903,True
Ta100_10_10,1,181401210,Elite-only,NEH-TBKK2,5917,5917,True
Ta100_10_10,1,181401210,Elite-only,KK2-style-NEH,5932,5932,True
Ta100_10_10,1,181401210,Elite-only,FRB4-p1,5903,5903,True
Ta100_10_10,1,181401210,Elite-only,INEH-inspired,5903,5903,True
Ta100_10_10,1,181401210,Contrast,NEH,5914,5914,True
Ta100_10_10,1,181401210,Contrast,NEH-TBKK2,5903,5903,True
Ta100_10_10,1,181401210,Contrast,KK2-style-NEH,5903,5903,True
Ta100_10_10,1,181401210,Contrast,FRB4-p1,5903,5903,True
Ta100_10_10,1,181401210,Contrast,INEH-inspired,5923,5923,True
Ta100_10_10,2,181402219,Elite-only,NEH,5907,5907,True
Ta100_10_10,2,181402219,Elite-only,NEH-TBKK2,5903,5903,True
Ta100_10_10,2,181402219,Elite-only,KK2-style-NEH,5974,5974,True
Ta100_10_10,2,181402219,Elite-only,FRB4-p1,5903,5903,True
Ta100_10_10,2,181402219,Elite-only,INEH-inspired,5917,5917,True
Ta100_10_10,2,181402219,Contrast,NEH,5907,5907,True
Ta100_10_10,2,181402219,Contrast,NEH-TBKK2,5932,5932,True
Ta100_10_10,2,181402219,Contrast,KK2-style-NEH,5978,5978,True
Ta100_10_10,2,181402219,Contrast,FRB4-p1,5903,5903,True
Ta100_10_10,2,181402219,Contrast,INEH-inspired,5903,5903,True
Ta100_10_10,3,181403228,Elite-only,NEH,5943,5943,True
Ta100_10_10,3,181403228,Elite-only,NEH-TBKK2,5932,5932,True
Ta100_10_10,3,181403228,Elite-only,KK2-style-NEH,5974,5974,True
Ta100_10_10,3,181403228,Elite-only,FRB4-p1,5903,5903,True
Ta100_10_10,3,181403228,Elite-only,INEH-inspired,5903,5903,True
Ta100_10_10,3,181403228,Contrast,NEH,5903,5903,True
Ta100_10_10,3,181403228,Contrast,NEH-TBKK2,5932,5932,True
Ta100_10_10,3,181403228,Contrast,KK2-style-NEH,5959,5959,True
Ta100_10_10,3,181403228,Contrast,FRB4-p1,5903,5903,True
Ta100_10_10,3,181403228,Contrast,INEH-inspired,5903,5903,True
Ta100_10_10,4,181404237,Elite-only,NEH,5943,5943,True
Ta100_10_10,4,181404237,Elite-only,NEH-TBKK2,5903,5903,True
Ta100_10_10,4,181404237,Elite-only,KK2-style-NEH,5928,5928,True
Ta100_10_10,4,181404237,Elite-only,FRB4-p1,5903,5903,True
Ta100_10_10,4,181404237,Elite-only,INEH-inspired,5903,5903,True
Ta100_10_10,4,181404237,Contrast,NEH,5903,5903,True
Ta100_10_10,4,181404237,Contrast,NEH-TBKK2,5903,5903,True
Ta100_10_10,4,181404237,Contrast,KK2-style-NEH,5929,5929,True
Ta100_10_10,4,181404237,Contrast,FRB4-p1,5903,5903,True
Ta100_10_10,4,181404237,Contrast,INEH-inspired,5903,5903,True
Ta100_10_10,5,181405246,Elite-only,NEH,5920,5920,True
Ta100_10_10,5,181405246,Elite-only,NEH-TBKK2,5913,5913,True
Ta100_10_10,5,181405246,Elite-only,KK2-style-NEH,5929,5929,True
Ta100_10_10,5,181405246,Elite-only,FRB4-p1,5903,5903,True
Ta100_10_10,5,181405246,Elite-only,INEH-inspired,5903,5903,True
Ta100_10_10,5,181405246,Contrast,NEH,5919,5919,True
Ta100_10_10,5,181405246,Contrast,NEH-TBKK2,5932,5932,True
Ta100_10_10,5,181405246,Contrast,KK2-style-NEH,5903,5903,True
Ta100_10_10,5,181405246,Contrast,FRB4-p1,5903,5903,True
Ta100_10_10,5,181405246,Contrast,INEH-inspired,5915,5915,True
Ta100_20_1,1,190501210,Elite-only,NEH,6573,6573,True
Ta100_20_1,1,190501210,Elite-only,NEH-TBKK2,6546,6546,True
Ta100_20_1,1,190501210,Elite-only,KK2-style-NEH,6677,6677,True
Ta100_20_1,1,190501210,Elite-only,FRB4-p1,6463,6463,True
Ta100_20_1,1,190501210,Elite-only,INEH-inspired,6444,6444,True
Ta100_20_1,1,190501210,Contrast,NEH,6573,6573,True
Ta100_20_1,1,190501210,Contrast,NEH-TBKK2,6546,6546,True
Ta100_20_1,1,190501210,Contrast,KK2-style-NEH,6657,6657,True
Ta100_20_1,1,190501210,Contrast,FRB4-p1,6503,6503,True
Ta100_20_1,1,190501210,Contrast,INEH-inspired,6572,6572,True
Ta100_20_1,2,190502219,Elite-only,NEH,6573,6573,True
Ta100_20_1,2,190502219,Elite-only,NEH-TBKK2,6546,6546,True
Ta100_20_1,2,190502219,Elite-only,KK2-style-NEH,6661,6661,True
Ta100_20_1,2,190502219,Elite-only,FRB4-p1,6473,6473,True
Ta100_20_1,2,190502219,Elite-only,INEH-inspired,6574,6574,True
Ta100_20_1,2,190502219,Contrast,NEH,6573,6573,True
Ta100_20_1,2,190502219,Contrast,NEH-TBKK2,6546,6546,True
Ta100_20_1,2,190502219,Contrast,KK2-style-NEH,6663,6663,True
Ta100_20_1,2,190502219,Contrast,FRB4-p1,6522,6522,True
Ta100_20_1,2,190502219,Contrast,INEH-inspired,6494,6494,True
Ta100_20_1,3,190503228,Elite-only,NEH,6573,6573,True
Ta100_20_1,3,190503228,Elite-only,NEH-TBKK2,6527,6527,True
Ta100_20_1,3,190503228,Elite-only,KK2-style-NEH,6661,6661,True
Ta100_20_1,3,190503228,Elite-only,FRB4-p1,6486,6486,True
Ta100_20_1,3,190503228,Elite-only,INEH-inspired,6537,6537,True
Ta100_20_1,3,190503228,Contrast,NEH,6573,6573,True
Ta100_20_1,3,190503228,Contrast,NEH-TBKK2,6527,6527,True
Ta100_20_1,3,190503228,Contrast,KK2-style-NEH,6657,6657,True
Ta100_20_1,3,190503228,Contrast,FRB4-p1,6530,6530,True
Ta100_20_1,3,190503228,Contrast,INEH-inspired,6496,6496,True
Ta100_20_1,4,190504237,Elite-only,NEH,6573,6573,True
Ta100_20_1,4,190504237,Elite-only,NEH-TBKK2,6546,6546,True
Ta100_20_1,4,190504237,Elite-only,KK2-style-NEH,6661,6661,True
Ta100_20_1,4,190504237,Elite-only,FRB4-p1,6476,6476,True
Ta100_20_1,4,190504237,Elite-only,INEH-inspired,6605,6605,True
Ta100_20_1,4,190504237,Contrast,NEH,6573,6573,True
Ta100_20_1,4,190504237,Contrast,NEH-TBKK2,6546,6546,True
Ta100_20_1,4,190504237,Contrast,KK2-style-NEH,6663,6663,True
Ta100_20_1,4,190504237,Contrast,FRB4-p1,6477,6477,True
Ta100_20_1,4,190504237,Contrast,INEH-inspired,6463,6463,True
Ta100_20_1,5,190505246,Elite-only,NEH,6573,6573,True
Ta100_20_1,5,190505246,Elite-only,NEH-TBKK2,6527,6527,True
Ta100_20_1,5,190505246,Elite-only,KK2-style-NEH,6657,6657,True
Ta100_20_1,5,190505246,Elite-only,FRB4-p1,6492,6492,True
Ta100_20_1,5,190505246,Elite-only,INEH-inspired,6538,6538,True
Ta100_20_1,5,190505246,Contrast,NEH,6573,6573,True
Ta100_20_1,5,190505246,Contrast,NEH-TBKK2,6530,6530,True
Ta100_20_1,5,190505246,Contrast,KK2-style-NEH,6657,6657,True
Ta100_20_1,5,190505246,Contrast,FRB4-p1,6503,6503,True
Ta100_20_1,5,190505246,Contrast,INEH-inspired,6541,6541,True
Ta100_20_2,1,190601210,Elite-only,NEH,6473,6473,True
Ta100_20_2,1,190601210,Elite-only,NEH-TBKK2,6512,6512,True
Ta100_20_2,1,190601210,Elite-only,KK2-style-NEH,6653,6653,True
Ta100_20_2,1,190601210,Elite-only,FRB4-p1,6488,6488,True
Ta100_20_2,1,190601210,Elite-only,INEH-inspired,6429,6429,True
Ta100_20_2,1,190601210,Contrast,NEH,6453,6453,True
Ta100_20_2,1,190601210,Contrast,NEH-TBKK2,6530,6530,True
Ta100_20_2,1,190601210,Contrast,KK2-style-NEH,6627,6627,True
Ta100_20_2,1,190601210,Contrast,FRB4-p1,6464,6464,True
Ta100_20_2,1,190601210,Contrast,INEH-inspired,6537,6537,True
Ta100_20_2,2,190602219,Elite-only,NEH,6473,6473,True
Ta100_20_2,2,190602219,Elite-only,NEH-TBKK2,6512,6512,True
Ta100_20_2,2,190602219,Elite-only,KK2-style-NEH,6647,6647,True
Ta100_20_2,2,190602219,Elite-only,FRB4-p1,6474,6474,True
Ta100_20_2,2,190602219,Elite-only,INEH-inspired,6506,6506,True
Ta100_20_2,2,190602219,Contrast,NEH,6471,6471,True
Ta100_20_2,2,190602219,Contrast,NEH-TBKK2,6530,6530,True
Ta100_20_2,2,190602219,Contrast,KK2-style-NEH,6672,6672,True
Ta100_20_2,2,190602219,Contrast,FRB4-p1,6445,6445,True
Ta100_20_2,2,190602219,Contrast,INEH-inspired,6515,6515,True
Ta100_20_2,3,190603228,Elite-only,NEH,6471,6471,True
Ta100_20_2,3,190603228,Elite-only,NEH-TBKK2,6542,6542,True
Ta100_20_2,3,190603228,Elite-only,KK2-style-NEH,6647,6647,True
Ta100_20_2,3,190603228,Elite-only,FRB4-p1,6470,6470,True
Ta100_20_2,3,190603228,Elite-only,INEH-inspired,6437,6437,True
Ta100_20_2,3,190603228,Contrast,NEH,6453,6453,True
Ta100_20_2,3,190603228,Contrast,NEH-TBKK2,6542,6542,True
Ta100_20_2,3,190603228,Contrast,KK2-style-NEH,6538,6538,True
Ta100_20_2,3,190603228,Contrast,FRB4-p1,6458,6458,True
Ta100_20_2,3,190603228,Contrast,INEH-inspired,6512,6512,True
Ta100_20_2,4,190604237,Elite-only,NEH,6503,6503,True
Ta100_20_2,4,190604237,Elite-only,NEH-TBKK2,6512,6512,True
Ta100_20_2,4,190604237,Elite-only,KK2-style-NEH,6538,6538,True
Ta100_20_2,4,190604237,Elite-only,FRB4-p1,6430,6430,True
Ta100_20_2,4,190604237,Elite-only,INEH-inspired,6568,6568,True
Ta100_20_2,4,190604237,Contrast,NEH,6453,6453,True
Ta100_20_2,4,190604237,Contrast,NEH-TBKK2,6542,6542,True
Ta100_20_2,4,190604237,Contrast,KK2-style-NEH,6599,6599,True
Ta100_20_2,4,190604237,Contrast,FRB4-p1,6434,6434,True
Ta100_20_2,4,190604237,Contrast,INEH-inspired,6498,6498,True
Ta100_20_2,5,190605246,Elite-only,NEH,6453,6453,True
Ta100_20_2,5,190605246,Elite-only,NEH-TBKK2,6513,6513,True
Ta100_20_2,5,190605246,Elite-only,KK2-style-NEH,6538,6538,True
Ta100_20_2,5,190605246,Elite-only,FRB4-p1,6470,6470,True
Ta100_20_2,5,190605246,Elite-only,INEH-inspired,6543,6543,True
Ta100_20_2,5,190605246,Contrast,NEH,6453,6453,True
Ta100_20_2,5,190605246,Contrast,NEH-TBKK2,6513,6513,True
Ta100_20_2,5,190605246,Contrast,KK2-style-NEH,6583,6583,True
Ta100_20_2,5,190605246,Contrast,FRB4-p1,6490,6490,True
Ta100_20_2,5,190605246,Contrast,INEH-inspired,6477,6477,True
Ta100_20_3,1,190701210,Elite-only,NEH,6600,6600,True
Ta100_20_3,1,190701210,Elite-only,NEH-TBKK2,6645,6645,True
Ta100_20_3,1,190701210,Elite-only,KK2-style-NEH,6745,6745,True
Ta100_20_3,1,190701210,Elite-only,FRB4-p1,6526,6526,True
Ta100_20_3,1,190701210,Elite-only,INEH-inspired,6627,6627,True
Ta100_20_3,1,190701210,Contrast,NEH,6584,6584,True
Ta100_20_3,1,190701210,Contrast,NEH-TBKK2,6592,6592,True
Ta100_20_3,1,190701210,Contrast,KK2-style-NEH,6745,6745,True
Ta100_20_3,1,190701210,Contrast,FRB4-p1,6488,6488,True
Ta100_20_3,1,190701210,Contrast,INEH-inspired,6690,6690,True
Ta100_20_3,2,190702219,Elite-only,NEH,6586,6586,True
Ta100_20_3,2,190702219,Elite-only,NEH-TBKK2,6621,6621,True
Ta100_20_3,2,190702219,Elite-only,KK2-style-NEH,6756,6756,True
Ta100_20_3,2,190702219,Elite-only,FRB4-p1,6550,6550,True
Ta100_20_3,2,190702219,Elite-only,INEH-inspired,6568,6568,True
Ta100_20_3,2,190702219,Contrast,NEH,6576,6576,True
Ta100_20_3,2,190702219,Contrast,NEH-TBKK2,6611,6611,True
Ta100_20_3,2,190702219,Contrast,KK2-style-NEH,6745,6745,True
Ta100_20_3,2,190702219,Contrast,FRB4-p1,6528,6528,True
Ta100_20_3,2,190702219,Contrast,INEH-inspired,6507,6507,True
Ta100_20_3,3,190703228,Elite-only,NEH,6610,6610,True
Ta100_20_3,3,190703228,Elite-only,NEH-TBKK2,6647,6647,True
Ta100_20_3,3,190703228,Elite-only,KK2-style-NEH,6745,6745,True
Ta100_20_3,3,190703228,Elite-only,FRB4-p1,6551,6551,True
Ta100_20_3,3,190703228,Elite-only,INEH-inspired,6586,6586,True
Ta100_20_3,3,190703228,Contrast,NEH,6583,6583,True
Ta100_20_3,3,190703228,Contrast,NEH-TBKK2,6577,6577,True
Ta100_20_3,3,190703228,Contrast,KK2-style-NEH,6745,6745,True
Ta100_20_3,3,190703228,Contrast,FRB4-p1,6512,6512,True
Ta100_20_3,3,190703228,Contrast,INEH-inspired,6595,6595,True
Ta100_20_3,4,190704237,Elite-only,NEH,6636,6636,True
Ta100_20_3,4,190704237,Elite-only,NEH-TBKK2,6655,6655,True
Ta100_20_3,4,190704237,Elite-only,KK2-style-NEH,6779,6779,True
Ta100_20_3,4,190704237,Elite-only,FRB4-p1,6486,6486,True
Ta100_20_3,4,190704237,Elite-only,INEH-inspired,6585,6585,True
Ta100_20_3,4,190704237,Contrast,NEH,6586,6586,True
Ta100_20_3,4,190704237,Contrast,NEH-TBKK2,6621,6621,True
Ta100_20_3,4,190704237,Contrast,KK2-style-NEH,6745,6745,True
Ta100_20_3,4,190704237,Contrast,FRB4-p1,6549,6549,True
Ta100_20_3,4,190704237,Contrast,INEH-inspired,6581,6581,True
Ta100_20_3,5,190705246,Elite-only,NEH,6586,6586,True
Ta100_20_3,5,190705246,Elite-only,NEH-TBKK2,6621,6621,True
Ta100_20_3,5,190705246,Elite-only,KK2-style-NEH,6754,6754,True
Ta100_20_3,5,190705246,Elite-only,FRB4-p1,6523,6523,True
Ta100_20_3,5,190705246,Elite-only,INEH-inspired,6550,6550,True
Ta100_20_3,5,190705246,Contrast,NEH,6584,6584,True
Ta100_20_3,5,190705246,Contrast,NEH-TBKK2,6592,6592,True
Ta100_20_3,5,190705246,Contrast,KK2-style-NEH,6745,6745,True
Ta100_20_3,5,190705246,Contrast,FRB4-p1,6566,6566,True
Ta100_20_3,5,190705246,Contrast,INEH-inspired,6563,6563,True
Ta100_20_4,1,190801210,Elite-only,NEH,6569,6569,True
Ta100_20_4,1,190801210,Elite-only,NEH-TBKK2,6582,6582,True
Ta100_20_4,1,190801210,Elite-only,KK2-style-NEH,6805,6805,True
Ta100_20_4,1,190801210,Elite-only,FRB4-p1,6578,6578,True
Ta100_20_4,1,190801210,Elite-only,INEH-inspired,6601,6601,True
Ta100_20_4,1,190801210,Contrast,NEH,6570,6570,True
Ta100_20_4,1,190801210,Contrast,NEH-TBKK2,6584,6584,True
Ta100_20_4,1,190801210,Contrast,KK2-style-NEH,6754,6754,True
Ta100_20_4,1,190801210,Contrast,FRB4-p1,6553,6553,True
Ta100_20_4,1,190801210,Contrast,INEH-inspired,6575,6575,True
Ta100_20_4,2,190802219,Elite-only,NEH,6570,6570,True
Ta100_20_4,2,190802219,Elite-only,NEH-TBKK2,6561,6561,True
Ta100_20_4,2,190802219,Elite-only,KK2-style-NEH,6795,6795,True
Ta100_20_4,2,190802219,Elite-only,FRB4-p1,6575,6575,True
Ta100_20_4,2,190802219,Elite-only,INEH-inspired,6610,6610,True
Ta100_20_4,2,190802219,Contrast,NEH,6570,6570,True
Ta100_20_4,2,190802219,Contrast,NEH-TBKK2,6582,6582,True
Ta100_20_4,2,190802219,Contrast,KK2-style-NEH,6795,6795,True
Ta100_20_4,2,190802219,Contrast,FRB4-p1,6458,6458,True
Ta100_20_4,2,190802219,Contrast,INEH-inspired,6549,6549,True
Ta100_20_4,3,190803228,Elite-only,NEH,6586,6586,True
Ta100_20_4,3,190803228,Elite-only,NEH-TBKK2,6582,6582,True
Ta100_20_4,3,190803228,Elite-only,KK2-style-NEH,6795,6795,True
Ta100_20_4,3,190803228,Elite-only,FRB4-p1,6497,6497,True
Ta100_20_4,3,190803228,Elite-only,INEH-inspired,6575,6575,True
Ta100_20_4,3,190803228,Contrast,NEH,6586,6586,True
Ta100_20_4,3,190803228,Contrast,NEH-TBKK2,6582,6582,True
Ta100_20_4,3,190803228,Contrast,KK2-style-NEH,6694,6694,True
Ta100_20_4,3,190803228,Contrast,FRB4-p1,6462,6462,True
Ta100_20_4,3,190803228,Contrast,INEH-inspired,6602,6602,True
Ta100_20_4,4,190804237,Elite-only,NEH,6586,6586,True
Ta100_20_4,4,190804237,Elite-only,NEH-TBKK2,6571,6571,True
Ta100_20_4,4,190804237,Elite-only,KK2-style-NEH,6690,6690,True
Ta100_20_4,4,190804237,Elite-only,FRB4-p1,6493,6493,True
Ta100_20_4,4,190804237,Elite-only,INEH-inspired,6586,6586,True
Ta100_20_4,4,190804237,Contrast,NEH,6570,6570,True
Ta100_20_4,4,190804237,Contrast,NEH-TBKK2,6582,6582,True
Ta100_20_4,4,190804237,Contrast,KK2-style-NEH,6683,6683,True
Ta100_20_4,4,190804237,Contrast,FRB4-p1,6491,6491,True
Ta100_20_4,4,190804237,Contrast,INEH-inspired,6567,6567,True
Ta100_20_4,5,190805246,Elite-only,NEH,6569,6569,True
Ta100_20_4,5,190805246,Elite-only,NEH-TBKK2,6571,6571,True
Ta100_20_4,5,190805246,Elite-only,KK2-style-NEH,6788,6788,True
Ta100_20_4,5,190805246,Elite-only,FRB4-p1,6512,6512,True
Ta100_20_4,5,190805246,Elite-only,INEH-inspired,6604,6604,True
Ta100_20_4,5,190805246,Contrast,NEH,6570,6570,True
Ta100_20_4,5,190805246,Contrast,NEH-TBKK2,6582,6582,True
Ta100_20_4,5,190805246,Contrast,KK2-style-NEH,6683,6683,True
Ta100_20_4,5,190805246,Contrast,FRB4-p1,6539,6539,True
Ta100_20_4,5,190805246,Contrast,INEH-inspired,6567,6567,True
Ta100_20_5,1,190901210,Elite-only,NEH,6647,6647,True
Ta100_20_5,1,190901210,Elite-only,NEH-TBKK2,6665,6665,True
Ta100_20_5,1,190901210,Elite-only,KK2-style-NEH,6644,6644,True
Ta100_20_5,1,190901210,Elite-only,FRB4-p1,6572,6572,True
Ta100_20_5,1,190901210,Elite-only,INEH-inspired,6615,6615,True
Ta100_20_5,1,190901210,Contrast,NEH,6610,6610,True
Ta100_20_5,1,190901210,Contrast,NEH-TBKK2,6665,6665,True
Ta100_20_5,1,190901210,Contrast,KK2-style-NEH,6644,6644,True
Ta100_20_5,1,190901210,Contrast,FRB4-p1,6587,6587,True
Ta100_20_5,1,190901210,Contrast,INEH-inspired,6570,6570,True
Ta100_20_5,2,190902219,Elite-only,NEH,6647,6647,True
Ta100_20_5,2,190902219,Elite-only,NEH-TBKK2,6665,6665,True
Ta100_20_5,2,190902219,Elite-only,KK2-style-NEH,6644,6644,True
Ta100_20_5,2,190902219,Elite-only,FRB4-p1,6566,6566,True
Ta100_20_5,2,190902219,Elite-only,INEH-inspired,6681,6681,True
Ta100_20_5,2,190902219,Contrast,NEH,6664,6664,True
Ta100_20_5,2,190902219,Contrast,NEH-TBKK2,6665,6665,True
Ta100_20_5,2,190902219,Contrast,KK2-style-NEH,6644,6644,True
Ta100_20_5,2,190902219,Contrast,FRB4-p1,6581,6581,True
Ta100_20_5,2,190902219,Contrast,INEH-inspired,6570,6570,True
Ta100_20_5,3,190903228,Elite-only,NEH,6647,6647,True
Ta100_20_5,3,190903228,Elite-only,NEH-TBKK2,6673,6673,True
Ta100_20_5,3,190903228,Elite-only,KK2-style-NEH,6644,6644,True
Ta100_20_5,3,190903228,Elite-only,FRB4-p1,6590,6590,True
Ta100_20_5,3,190903228,Elite-only,INEH-inspired,6619,6619,True
Ta100_20_5,3,190903228,Contrast,NEH,6616,6616,True
Ta100_20_5,3,190903228,Contrast,NEH-TBKK2,6627,6627,True
Ta100_20_5,3,190903228,Contrast,KK2-style-NEH,6630,6630,True
Ta100_20_5,3,190903228,Contrast,FRB4-p1,6537,6537,True
Ta100_20_5,3,190903228,Contrast,INEH-inspired,6618,6618,True
Ta100_20_5,4,190904237,Elite-only,NEH,6586,6586,True
Ta100_20_5,4,190904237,Elite-only,NEH-TBKK2,6663,6663,True
Ta100_20_5,4,190904237,Elite-only,KK2-style-NEH,6644,6644,True
Ta100_20_5,4,190904237,Elite-only,FRB4-p1,6600,6600,True
Ta100_20_5,4,190904237,Elite-only,INEH-inspired,6616,6616,True
Ta100_20_5,4,190904237,Contrast,NEH,6610,6610,True
Ta100_20_5,4,190904237,Contrast,NEH-TBKK2,6674,6674,True
Ta100_20_5,4,190904237,Contrast,KK2-style-NEH,6630,6630,True
Ta100_20_5,4,190904237,Contrast,FRB4-p1,6589,6589,True
Ta100_20_5,4,190904237,Contrast,INEH-inspired,6696,6696,True
Ta100_20_5,5,190905246,Elite-only,NEH,6610,6610,True
Ta100_20_5,5,190905246,Elite-only,NEH-TBKK2,6627,6627,True
Ta100_20_5,5,190905246,Elite-only,KK2-style-NEH,6673,6673,True
Ta100_20_5,5,190905246,Elite-only,FRB4-p1,6554,6554,True
Ta100_20_5,5,190905246,Elite-only,INEH-inspired,6595,6595,True
Ta100_20_5,5,190905246,Contrast,NEH,6610,6610,True
Ta100_20_5,5,190905246,Contrast,NEH-TBKK2,6663,6663,True
Ta100_20_5,5,190905246,Contrast,KK2-style-NEH,6630,6630,True
Ta100_20_5,5,190905246,Contrast,FRB4-p1,6585,6585,True
Ta100_20_5,5,190905246,Contrast,INEH-inspired,6610,6610,True
Ta100_20_6,1,191001210,Elite-only,NEH,6687,6687,True
Ta100_20_6,1,191001210,Elite-only,NEH-TBKK2,6756,6756,True
Ta100_20_6,1,191001210,Elite-only,KK2-style-NEH,6737,6737,True
Ta100_20_6,1,191001210,Elite-only,FRB4-p1,6616,6616,True
Ta100_20_6,1,191001210,Elite-only,INEH-inspired,6621,6621,True
Ta100_20_6,1,191001210,Contrast,NEH,6687,6687,True
Ta100_20_6,1,191001210,Contrast,NEH-TBKK2,6756,6756,True
Ta100_20_6,1,191001210,Contrast,KK2-style-NEH,6686,6686,True
Ta100_20_6,1,191001210,Contrast,FRB4-p1,6574,6574,True
Ta100_20_6,1,191001210,Contrast,INEH-inspired,6616,6616,True
Ta100_20_6,2,191002219,Elite-only,NEH,6760,6760,True
Ta100_20_6,2,191002219,Elite-only,NEH-TBKK2,6772,6772,True
Ta100_20_6,2,191002219,Elite-only,KK2-style-NEH,6737,6737,True
Ta100_20_6,2,191002219,Elite-only,FRB4-p1,6639,6639,True
Ta100_20_6,2,191002219,Elite-only,INEH-inspired,6585,6585,True
Ta100_20_6,2,191002219,Contrast,NEH,6760,6760,True
Ta100_20_6,2,191002219,Contrast,NEH-TBKK2,6756,6756,True
Ta100_20_6,2,191002219,Contrast,KK2-style-NEH,6737,6737,True
Ta100_20_6,2,191002219,Contrast,FRB4-p1,6638,6638,True
Ta100_20_6,2,191002219,Contrast,INEH-inspired,6672,6672,True
Ta100_20_6,3,191003228,Elite-only,NEH,6759,6759,True
Ta100_20_6,3,191003228,Elite-only,NEH-TBKK2,6642,6642,True
Ta100_20_6,3,191003228,Elite-only,KK2-style-NEH,6686,6686,True
Ta100_20_6,3,191003228,Elite-only,FRB4-p1,6560,6560,True
Ta100_20_6,3,191003228,Elite-only,INEH-inspired,6601,6601,True
Ta100_20_6,3,191003228,Contrast,NEH,6746,6746,True
Ta100_20_6,3,191003228,Contrast,NEH-TBKK2,6642,6642,True
Ta100_20_6,3,191003228,Contrast,KK2-style-NEH,6686,6686,True
Ta100_20_6,3,191003228,Contrast,FRB4-p1,6642,6642,True
Ta100_20_6,3,191003228,Contrast,INEH-inspired,6669,6669,True
Ta100_20_6,4,191004237,Elite-only,NEH,6687,6687,True
Ta100_20_6,4,191004237,Elite-only,NEH-TBKK2,6756,6756,True
Ta100_20_6,4,191004237,Elite-only,KK2-style-NEH,6686,6686,True
Ta100_20_6,4,191004237,Elite-only,FRB4-p1,6600,6600,True
Ta100_20_6,4,191004237,Elite-only,INEH-inspired,6641,6641,True
Ta100_20_6,4,191004237,Contrast,NEH,6720,6720,True
Ta100_20_6,4,191004237,Contrast,NEH-TBKK2,6756,6756,True
Ta100_20_6,4,191004237,Contrast,KK2-style-NEH,6678,6678,True
Ta100_20_6,4,191004237,Contrast,FRB4-p1,6570,6570,True
Ta100_20_6,4,191004237,Contrast,INEH-inspired,6661,6661,True
Ta100_20_6,5,191005246,Elite-only,NEH,6763,6763,True
Ta100_20_6,5,191005246,Elite-only,NEH-TBKK2,6642,6642,True
Ta100_20_6,5,191005246,Elite-only,KK2-style-NEH,6686,6686,True
Ta100_20_6,5,191005246,Elite-only,FRB4-p1,6611,6611,True
Ta100_20_6,5,191005246,Elite-only,INEH-inspired,6623,6623,True
Ta100_20_6,5,191005246,Contrast,NEH,6760,6760,True
Ta100_20_6,5,191005246,Contrast,NEH-TBKK2,6756,6756,True
Ta100_20_6,5,191005246,Contrast,KK2-style-NEH,6737,6737,True
Ta100_20_6,5,191005246,Contrast,FRB4-p1,6619,6619,True
Ta100_20_6,5,191005246,Contrast,INEH-inspired,6612,6612,True
Ta100_20_7,1,191101210,Elite-only,NEH,6660,6660,True
Ta100_20_7,1,191101210,Elite-only,NEH-TBKK2,6629,6629,True
Ta100_20_7,1,191101210,Elite-only,KK2-style-NEH,6791,6791,True
Ta100_20_7,1,191101210,Elite-only,FRB4-p1,6563,6563,True
Ta100_20_7,1,191101210,Elite-only,INEH-inspired,6570,6570,True
Ta100_20_7,1,191101210,Contrast,NEH,6660,6660,True
Ta100_20_7,1,191101210,Contrast,NEH-TBKK2,6616,6616,True
Ta100_20_7,1,191101210,Contrast,KK2-style-NEH,6791,6791,True
Ta100_20_7,1,191101210,Contrast,FRB4-p1,6549,6549,True
Ta100_20_7,1,191101210,Contrast,INEH-inspired,6633,6633,True
Ta100_20_7,2,191102219,Elite-only,NEH,6605,6605,True
Ta100_20_7,2,191102219,Elite-only,NEH-TBKK2,6621,6621,True
Ta100_20_7,2,191102219,Elite-only,KK2-style-NEH,6782,6782,True
Ta100_20_7,2,191102219,Elite-only,FRB4-p1,6545,6545,True
Ta100_20_7,2,191102219,Elite-only,INEH-inspired,6587,6587,True
Ta100_20_7,2,191102219,Contrast,NEH,6605,6605,True
Ta100_20_7,2,191102219,Contrast,NEH-TBKK2,6616,6616,True
Ta100_20_7,2,191102219,Contrast,KK2-style-NEH,6782,6782,True
Ta100_20_7,2,191102219,Contrast,FRB4-p1,6533,6533,True
Ta100_20_7,2,191102219,Contrast,INEH-inspired,6637,6637,True
Ta100_20_7,3,191103228,Elite-only,NEH,6605,6605,True
Ta100_20_7,3,191103228,Elite-only,NEH-TBKK2,6629,6629,True
Ta100_20_7,3,191103228,Elite-only,KK2-style-NEH,6782,6782,True
Ta100_20_7,3,191103228,Elite-only,FRB4-p1,6492,6492,True
Ta100_20_7,3,191103228,Elite-only,INEH-inspired,6617,6617,True
Ta100_20_7,3,191103228,Contrast,NEH,6605,6605,True
Ta100_20_7,3,191103228,Contrast,NEH-TBKK2,6616,6616,True
Ta100_20_7,3,191103228,Contrast,KK2-style-NEH,6782,6782,True
Ta100_20_7,3,191103228,Contrast,FRB4-p1,6529,6529,True
Ta100_20_7,3,191103228,Contrast,INEH-inspired,6654,6654,True
Ta100_20_7,4,191104237,Elite-only,NEH,6605,6605,True
Ta100_20_7,4,191104237,Elite-only,NEH-TBKK2,6629,6629,True
Ta100_20_7,4,191104237,Elite-only,KK2-style-NEH,6733,6733,True
Ta100_20_7,4,191104237,Elite-only,FRB4-p1,6481,6481,True
Ta100_20_7,4,191104237,Elite-only,INEH-inspired,6520,6520,True
Ta100_20_7,4,191104237,Contrast,NEH,6660,6660,True
Ta100_20_7,4,191104237,Contrast,NEH-TBKK2,6616,6616,True
Ta100_20_7,4,191104237,Contrast,KK2-style-NEH,6782,6782,True
Ta100_20_7,4,191104237,Contrast,FRB4-p1,6550,6550,True
Ta100_20_7,4,191104237,Contrast,INEH-inspired,6553,6553,True
Ta100_20_7,5,191105246,Elite-only,NEH,6660,6660,True
Ta100_20_7,5,191105246,Elite-only,NEH-TBKK2,6616,6616,True
Ta100_20_7,5,191105246,Elite-only,KK2-style-NEH,6720,6720,True
Ta100_20_7,5,191105246,Elite-only,FRB4-p1,6478,6478,True
Ta100_20_7,5,191105246,Elite-only,INEH-inspired,6585,6585,True
Ta100_20_7,5,191105246,Contrast,NEH,6615,6615,True
Ta100_20_7,5,191105246,Contrast,NEH-TBKK2,6616,6616,True
Ta100_20_7,5,191105246,Contrast,KK2-style-NEH,6754,6754,True
Ta100_20_7,5,191105246,Contrast,FRB4-p1,6590,6590,True
Ta100_20_7,5,191105246,Contrast,INEH-inspired,6589,6589,True
Ta100_20_8,1,191201210,Elite-only,NEH,6797,6797,True
Ta100_20_8,1,191201210,Elite-only,NEH-TBKK2,6781,6781,True
Ta100_20_8,1,191201210,Elite-only,KK2-style-NEH,6891,6891,True
Ta100_20_8,1,191201210,Elite-only,FRB4-p1,6717,6717,True
Ta100_20_8,1,191201210,Elite-only,INEH-inspired,6720,6720,True
Ta100_20_8,1,191201210,Contrast,NEH,6782,6782,True
Ta100_20_8,1,191201210,Contrast,NEH-TBKK2,6781,6781,True
Ta100_20_8,1,191201210,Contrast,KK2-style-NEH,6891,6891,True
Ta100_20_8,1,191201210,Contrast,FRB4-p1,6740,6740,True
Ta100_20_8,1,191201210,Contrast,INEH-inspired,6734,6734,True
Ta100_20_8,2,191202219,Elite-only,NEH,6820,6820,True
Ta100_20_8,2,191202219,Elite-only,NEH-TBKK2,6786,6786,True
Ta100_20_8,2,191202219,Elite-only,KK2-style-NEH,6891,6891,True
Ta100_20_8,2,191202219,Elite-only,FRB4-p1,6674,6674,True
Ta100_20_8,2,191202219,Elite-only,INEH-inspired,6799,6799,True
Ta100_20_8,2,191202219,Contrast,NEH,6820,6820,True
Ta100_20_8,2,191202219,Contrast,NEH-TBKK2,6783,6783,True
Ta100_20_8,2,191202219,Contrast,KK2-style-NEH,6891,6891,True
Ta100_20_8,2,191202219,Contrast,FRB4-p1,6736,6736,True
Ta100_20_8,2,191202219,Contrast,INEH-inspired,6805,6805,True
Ta100_20_8,3,191203228,Elite-only,NEH,6801,6801,True
Ta100_20_8,3,191203228,Elite-only,NEH-TBKK2,6796,6796,True
Ta100_20_8,3,191203228,Elite-only,KK2-style-NEH,6891,6891,True
Ta100_20_8,3,191203228,Elite-only,FRB4-p1,6723,6723,True
Ta100_20_8,3,191203228,Elite-only,INEH-inspired,6704,6704,True
Ta100_20_8,3,191203228,Contrast,NEH,6782,6782,True
Ta100_20_8,3,191203228,Contrast,NEH-TBKK2,6765,6765,True
Ta100_20_8,3,191203228,Contrast,KK2-style-NEH,6891,6891,True
Ta100_20_8,3,191203228,Contrast,FRB4-p1,6688,6688,True
Ta100_20_8,3,191203228,Contrast,INEH-inspired,6723,6723,True
Ta100_20_8,4,191204237,Elite-only,NEH,6797,6797,True
Ta100_20_8,4,191204237,Elite-only,NEH-TBKK2,6765,6765,True
Ta100_20_8,4,191204237,Elite-only,KK2-style-NEH,6891,6891,True
Ta100_20_8,4,191204237,Elite-only,FRB4-p1,6684,6684,True
Ta100_20_8,4,191204237,Elite-only,INEH-inspired,6709,6709,True
Ta100_20_8,4,191204237,Contrast,NEH,6820,6820,True
Ta100_20_8,4,191204237,Contrast,NEH-TBKK2,6786,6786,True
Ta100_20_8,4,191204237,Contrast,KK2-style-NEH,6891,6891,True
Ta100_20_8,4,191204237,Contrast,FRB4-p1,6686,6686,True
Ta100_20_8,4,191204237,Contrast,INEH-inspired,6758,6758,True
Ta100_20_8,5,191205246,Elite-only,NEH,6820,6820,True
Ta100_20_8,5,191205246,Elite-only,NEH-TBKK2,6786,6786,True
Ta100_20_8,5,191205246,Elite-only,KK2-style-NEH,6895,6895,True
Ta100_20_8,5,191205246,Elite-only,FRB4-p1,6712,6712,True
Ta100_20_8,5,191205246,Elite-only,INEH-inspired,6766,6766,True
Ta100_20_8,5,191205246,Contrast,NEH,6853,6853,True
Ta100_20_8,5,191205246,Contrast,NEH-TBKK2,6783,6783,True
Ta100_20_8,5,191205246,Contrast,KK2-style-NEH,6891,6891,True
Ta100_20_8,5,191205246,Contrast,FRB4-p1,6687,6687,True
Ta100_20_8,5,191205246,Contrast,INEH-inspired,6721,6721,True
Ta100_20_9,1,191301210,Elite-only,NEH,6655,6655,True
Ta100_20_9,1,191301210,Elite-only,NEH-TBKK2,6626,6626,True
Ta100_20_9,1,191301210,Elite-only,KK2-style-NEH,6673,6673,True
Ta100_20_9,1,191301210,Elite-only,FRB4-p1,6501,6501,True
Ta100_20_9,1,191301210,Elite-only,INEH-inspired,6553,6553,True
Ta100_20_9,1,191301210,Contrast,NEH,6655,6655,True
Ta100_20_9,1,191301210,Contrast,NEH-TBKK2,6626,6626,True
Ta100_20_9,1,191301210,Contrast,KK2-style-NEH,6673,6673,True
Ta100_20_9,1,191301210,Contrast,FRB4-p1,6545,6545,True
Ta100_20_9,1,191301210,Contrast,INEH-inspired,6569,6569,True
Ta100_20_9,2,191302219,Elite-only,NEH,6655,6655,True
Ta100_20_9,2,191302219,Elite-only,NEH-TBKK2,6626,6626,True
Ta100_20_9,2,191302219,Elite-only,KK2-style-NEH,6673,6673,True
Ta100_20_9,2,191302219,Elite-only,FRB4-p1,6530,6530,True
Ta100_20_9,2,191302219,Elite-only,INEH-inspired,6538,6538,True
Ta100_20_9,2,191302219,Contrast,NEH,6655,6655,True
Ta100_20_9,2,191302219,Contrast,NEH-TBKK2,6626,6626,True
Ta100_20_9,2,191302219,Contrast,KK2-style-NEH,6668,6668,True
Ta100_20_9,2,191302219,Contrast,FRB4-p1,6537,6537,True
Ta100_20_9,2,191302219,Contrast,INEH-inspired,6534,6534,True
Ta100_20_9,3,191303228,Elite-only,NEH,6655,6655,True
Ta100_20_9,3,191303228,Elite-only,NEH-TBKK2,6626,6626,True
Ta100_20_9,3,191303228,Elite-only,KK2-style-NEH,6699,6699,True
Ta100_20_9,3,191303228,Elite-only,FRB4-p1,6551,6551,True
Ta100_20_9,3,191303228,Elite-only,INEH-inspired,6559,6559,True
Ta100_20_9,3,191303228,Contrast,NEH,6657,6657,True
Ta100_20_9,3,191303228,Contrast,NEH-TBKK2,6626,6626,True
Ta100_20_9,3,191303228,Contrast,KK2-style-NEH,6673,6673,True
Ta100_20_9,3,191303228,Contrast,FRB4-p1,6542,6542,True
Ta100_20_9,3,191303228,Contrast,INEH-inspired,6557,6557,True
Ta100_20_9,4,191304237,Elite-only,NEH,6655,6655,True
Ta100_20_9,4,191304237,Elite-only,NEH-TBKK2,6626,6626,True
Ta100_20_9,4,191304237,Elite-only,KK2-style-NEH,6667,6667,True
Ta100_20_9,4,191304237,Elite-only,FRB4-p1,6550,6550,True
Ta100_20_9,4,191304237,Elite-only,INEH-inspired,6573,6573,True
Ta100_20_9,4,191304237,Contrast,NEH,6629,6629,True
Ta100_20_9,4,191304237,Contrast,NEH-TBKK2,6626,6626,True
Ta100_20_9,4,191304237,Contrast,KK2-style-NEH,6673,6673,True
Ta100_20_9,4,191304237,Contrast,FRB4-p1,6552,6552,True
Ta100_20_9,4,191304237,Contrast,INEH-inspired,6543,6543,True
Ta100_20_9,5,191305246,Elite-only,NEH,6655,6655,True
Ta100_20_9,5,191305246,Elite-only,NEH-TBKK2,6626,6626,True
Ta100_20_9,5,191305246,Elite-only,KK2-style-NEH,6699,6699,True
Ta100_20_9,5,191305246,Elite-only,FRB4-p1,6536,6536,True
Ta100_20_9,5,191305246,Elite-only,INEH-inspired,6551,6551,True
Ta100_20_9,5,191305246,Contrast,NEH,6655,6655,True
Ta100_20_9,5,191305246,Contrast,NEH-TBKK2,6626,6626,True
Ta100_20_9,5,191305246,Contrast,KK2-style-NEH,6717,6717,True
Ta100_20_9,5,191305246,Contrast,FRB4-p1,6548,6548,True
Ta100_20_9,5,191305246,Contrast,INEH-inspired,6559,6559,True
Ta100_20_10,1,191401210,Elite-only,NEH,6674,6674,True
Ta100_20_10,1,191401210,Elite-only,NEH-TBKK2,6681,6681,True
Ta100_20_10,1,191401210,Elite-only,KK2-style-NEH,6815,6815,True
Ta100_20_10,1,191401210,Elite-only,FRB4-p1,6660,6660,True
Ta100_20_10,1,191401210,Elite-only,INEH-inspired,6641,6641,True
Ta100_20_10,1,191401210,Contrast,NEH,6691,6691,True
Ta100_20_10,1,191401210,Contrast,NEH-TBKK2,6681,6681,True
Ta100_20_10,1,191401210,Contrast,KK2-style-NEH,6815,6815,True
Ta100_20_10,1,191401210,Contrast,FRB4-p1,6658,6658,True
Ta100_20_10,1,191401210,Contrast,INEH-inspired,6679,6679,True
Ta100_20_10,2,191402219,Elite-only,NEH,6691,6691,True
Ta100_20_10,2,191402219,Elite-only,NEH-TBKK2,6681,6681,True
Ta100_20_10,2,191402219,Elite-only,KK2-style-NEH,6843,6843,True
Ta100_20_10,2,191402219,Elite-only,FRB4-p1,6636,6636,True
Ta100_20_10,2,191402219,Elite-only,INEH-inspired,6616,6616,True
Ta100_20_10,2,191402219,Contrast,NEH,6688,6688,True
Ta100_20_10,2,191402219,Contrast,NEH-TBKK2,6681,6681,True
Ta100_20_10,2,191402219,Contrast,KK2-style-NEH,6815,6815,True
Ta100_20_10,2,191402219,Contrast,FRB4-p1,6628,6628,True
Ta100_20_10,2,191402219,Contrast,INEH-inspired,6731,6731,True
Ta100_20_10,3,191403228,Elite-only,NEH,6688,6688,True
Ta100_20_10,3,191403228,Elite-only,NEH-TBKK2,6681,6681,True
Ta100_20_10,3,191403228,Elite-only,KK2-style-NEH,6815,6815,True
Ta100_20_10,3,191403228,Elite-only,FRB4-p1,6685,6685,True
Ta100_20_10,3,191403228,Elite-only,INEH-inspired,6750,6750,True
Ta100_20_10,3,191403228,Contrast,NEH,6688,6688,True
Ta100_20_10,3,191403228,Contrast,NEH-TBKK2,6686,6686,True
Ta100_20_10,3,191403228,Contrast,KK2-style-NEH,6815,6815,True
Ta100_20_10,3,191403228,Contrast,FRB4-p1,6643,6643,True
Ta100_20_10,3,191403228,Contrast,INEH-inspired,6698,6698,True
Ta100_20_10,4,191404237,Elite-only,NEH,6669,6669,True
Ta100_20_10,4,191404237,Elite-only,NEH-TBKK2,6681,6681,True
Ta100_20_10,4,191404237,Elite-only,KK2-style-NEH,6815,6815,True
Ta100_20_10,4,191404237,Elite-only,FRB4-p1,6653,6653,True
Ta100_20_10,4,191404237,Elite-only,INEH-inspired,6679,6679,True
Ta100_20_10,4,191404237,Contrast,NEH,6688,6688,True
Ta100_20_10,4,191404237,Contrast,NEH-TBKK2,6681,6681,True
Ta100_20_10,4,191404237,Contrast,KK2-style-NEH,6815,6815,True
Ta100_20_10,4,191404237,Contrast,FRB4-p1,6604,6604,True
Ta100_20_10,4,191404237,Contrast,INEH-inspired,6798,6798,True
Ta100_20_10,5,191405246,Elite-only,NEH,6691,6691,True
Ta100_20_10,5,191405246,Elite-only,NEH-TBKK2,6681,6681,True
Ta100_20_10,5,191405246,Elite-only,KK2-style-NEH,6815,6815,True
Ta100_20_10,5,191405246,Elite-only,FRB4-p1,6655,6655,True
Ta100_20_10,5,191405246,Elite-only,INEH-inspired,6673,6673,True
Ta100_20_10,5,191405246,Contrast,NEH,6692,6692,True
Ta100_20_10,5,191405246,Contrast,NEH-TBKK2,6681,6681,True
Ta100_20_10,5,191405246,Contrast,KK2-style-NEH,6815,6815,True
Ta100_20_10,5,191405246,Contrast,FRB4-p1,6615,6615,True
Ta100_20_10,5,191405246,Contrast,INEH-inspired,6692,6692,True
Ta200_10_1,1,2010001210,Elite-only,NEH,10919,10919,True
Ta200_10_1,1,2010001210,Elite-only,NEH-TBKK2,10957,10957,True
Ta200_10_1,1,2010001210,Elite-only,KK2-style-NEH,11040,11040,True
Ta200_10_1,1,2010001210,Elite-only,FRB4-p1,10941,10941,True
Ta200_10_1,1,2010001210,Elite-only,INEH-inspired,10921,10921,True
Ta200_10_1,1,2010001210,Contrast,NEH,10959,10959,True
Ta200_10_1,1,2010001210,Contrast,NEH-TBKK2,10969,10969,True
Ta200_10_1,1,2010001210,Contrast,KK2-style-NEH,11079,11079,True
Ta200_10_1,1,2010001210,Contrast,FRB4-p1,10921,10921,True
Ta200_10_1,1,2010001210,Contrast,INEH-inspired,10942,10942,True
Ta200_10_1,2,2010002219,Elite-only,NEH,10942,10942,True
Ta200_10_1,2,2010002219,Elite-only,NEH-TBKK2,10986,10986,True
Ta200_10_1,2,2010002219,Elite-only,KK2-style-NEH,10967,10967,True
Ta200_10_1,2,2010002219,Elite-only,FRB4-p1,10950,10950,True
Ta200_10_1,2,2010002219,Elite-only,INEH-inspired,10947,10947,True
Ta200_10_1,2,2010002219,Contrast,NEH,10949,10949,True
Ta200_10_1,2,2010002219,Contrast,NEH-TBKK2,10959,10959,True
Ta200_10_1,2,2010002219,Contrast,KK2-style-NEH,10992,10992,True
Ta200_10_1,2,2010002219,Contrast,FRB4-p1,10943,10943,True
Ta200_10_1,2,2010002219,Contrast,INEH-inspired,10921,10921,True
Ta200_10_1,3,2010003228,Elite-only,NEH,10942,10942,True
Ta200_10_1,3,2010003228,Elite-only,NEH-TBKK2,10992,10992,True
Ta200_10_1,3,2010003228,Elite-only,KK2-style-NEH,10983,10983,True
Ta200_10_1,3,2010003228,Elite-only,FRB4-p1,10986,10986,True
Ta200_10_1,3,2010003228,Elite-only,INEH-inspired,10967,10967,True
Ta200_10_1,3,2010003228,Contrast,NEH,10992,10992,True
Ta200_10_1,3,2010003228,Contrast,NEH-TBKK2,10968,10968,True
Ta200_10_1,3,2010003228,Contrast,KK2-style-NEH,10992,10992,True
Ta200_10_1,3,2010003228,Contrast,FRB4-p1,10941,10941,True
Ta200_10_1,3,2010003228,Contrast,INEH-inspired,10952,10952,True
Ta200_10_1,4,2010004237,Elite-only,NEH,10950,10950,True
Ta200_10_1,4,2010004237,Elite-only,NEH-TBKK2,10970,10970,True
Ta200_10_1,4,2010004237,Elite-only,KK2-style-NEH,11013,11013,True
Ta200_10_1,4,2010004237,Elite-only,FRB4-p1,10919,10919,True
Ta200_10_1,4,2010004237,Elite-only,INEH-inspired,10942,10942,True
Ta200_10_1,4,2010004237,Contrast,NEH,10957,10957,True
Ta200_10_1,4,2010004237,Contrast,NEH-TBKK2,10967,10967,True
Ta200_10_1,4,2010004237,Contrast,KK2-style-NEH,11026,11026,True
Ta200_10_1,4,2010004237,Contrast,FRB4-p1,10893,10893,True
Ta200_10_1,4,2010004237,Contrast,INEH-inspired,10952,10952,True
Ta200_10_1,5,2010005246,Elite-only,NEH,10942,10942,True
Ta200_10_1,5,2010005246,Elite-only,NEH-TBKK2,10942,10942,True
Ta200_10_1,5,2010005246,Elite-only,KK2-style-NEH,11020,11020,True
Ta200_10_1,5,2010005246,Elite-only,FRB4-p1,10919,10919,True
Ta200_10_1,5,2010005246,Elite-only,INEH-inspired,10942,10942,True
Ta200_10_1,5,2010005246,Contrast,NEH,10942,10942,True
Ta200_10_1,5,2010005246,Contrast,NEH-TBKK2,10959,10959,True
Ta200_10_1,5,2010005246,Contrast,KK2-style-NEH,11086,11086,True
Ta200_10_1,5,2010005246,Contrast,FRB4-p1,10893,10893,True
Ta200_10_1,5,2010005246,Contrast,INEH-inspired,10942,10942,True
Ta200_10_2,1,2010101210,Elite-only,NEH,10671,10671,True
Ta200_10_2,1,2010101210,Elite-only,NEH-TBKK2,10706,10706,True
Ta200_10_2,1,2010101210,Elite-only,KK2-style-NEH,10945,10945,True
Ta200_10_2,1,2010101210,Elite-only,FRB4-p1,10634,10634,True
Ta200_10_2,1,2010101210,Elite-only,INEH-inspired,10640,10640,True
Ta200_10_2,1,2010101210,Contrast,NEH,10680,10680,True
Ta200_10_2,1,2010101210,Contrast,NEH-TBKK2,10696,10696,True
Ta200_10_2,1,2010101210,Contrast,KK2-style-NEH,10790,10790,True
Ta200_10_2,1,2010101210,Contrast,FRB4-p1,10650,10650,True
Ta200_10_2,1,2010101210,Contrast,INEH-inspired,10680,10680,True
Ta200_10_2,2,2010102219,Elite-only,NEH,10720,10720,True
Ta200_10_2,2,2010102219,Elite-only,NEH-TBKK2,10698,10698,True
Ta200_10_2,2,2010102219,Elite-only,KK2-style-NEH,10849,10849,True
Ta200_10_2,2,2010102219,Elite-only,FRB4-p1,10595,10595,True
Ta200_10_2,2,2010102219,Elite-only,INEH-inspired,10696,10696,True
Ta200_10_2,2,2010102219,Contrast,NEH,10699,10699,True
Ta200_10_2,2,2010102219,Contrast,NEH-TBKK2,10698,10698,True
Ta200_10_2,2,2010102219,Contrast,KK2-style-NEH,10904,10904,True
Ta200_10_2,2,2010102219,Contrast,FRB4-p1,10590,10590,True
Ta200_10_2,2,2010102219,Contrast,INEH-inspired,10631,10631,True
Ta200_10_2,3,2010103228,Elite-only,NEH,10695,10695,True
Ta200_10_2,3,2010103228,Elite-only,NEH-TBKK2,10634,10634,True
Ta200_10_2,3,2010103228,Elite-only,KK2-style-NEH,10819,10819,True
Ta200_10_2,3,2010103228,Elite-only,FRB4-p1,10622,10622,True
Ta200_10_2,3,2010103228,Elite-only,INEH-inspired,10707,10707,True
Ta200_10_2,3,2010103228,Contrast,NEH,10674,10674,True
Ta200_10_2,3,2010103228,Contrast,NEH-TBKK2,10670,10670,True
Ta200_10_2,3,2010103228,Contrast,KK2-style-NEH,10869,10869,True
Ta200_10_2,3,2010103228,Contrast,FRB4-p1,10593,10593,True
Ta200_10_2,3,2010103228,Contrast,INEH-inspired,10630,10630,True
Ta200_10_2,4,2010104237,Elite-only,NEH,10698,10698,True
Ta200_10_2,4,2010104237,Elite-only,NEH-TBKK2,10661,10661,True
Ta200_10_2,4,2010104237,Elite-only,KK2-style-NEH,10851,10851,True
Ta200_10_2,4,2010104237,Elite-only,FRB4-p1,10594,10594,True
Ta200_10_2,4,2010104237,Elite-only,INEH-inspired,10645,10645,True
Ta200_10_2,4,2010104237,Contrast,NEH,10678,10678,True
Ta200_10_2,4,2010104237,Contrast,NEH-TBKK2,10693,10693,True
Ta200_10_2,4,2010104237,Contrast,KK2-style-NEH,10814,10814,True
Ta200_10_2,4,2010104237,Contrast,FRB4-p1,10580,10580,True
Ta200_10_2,4,2010104237,Contrast,INEH-inspired,10682,10682,True
Ta200_10_2,5,2010105246,Elite-only,NEH,10636,10636,True
Ta200_10_2,5,2010105246,Elite-only,NEH-TBKK2,10699,10699,True
Ta200_10_2,5,2010105246,Elite-only,KK2-style-NEH,10849,10849,True
Ta200_10_2,5,2010105246,Elite-only,FRB4-p1,10620,10620,True
Ta200_10_2,5,2010105246,Elite-only,INEH-inspired,10692,10692,True
Ta200_10_2,5,2010105246,Contrast,NEH,10706,10706,True
Ta200_10_2,5,2010105246,Contrast,NEH-TBKK2,10673,10673,True
Ta200_10_2,5,2010105246,Contrast,KK2-style-NEH,10841,10841,True
Ta200_10_2,5,2010105246,Contrast,FRB4-p1,10607,10607,True
Ta200_10_2,5,2010105246,Contrast,INEH-inspired,10691,10691,True
Ta200_10_3,1,2010201210,Elite-only,NEH,11045,11045,True
Ta200_10_3,1,2010201210,Elite-only,NEH-TBKK2,11027,11027,True
Ta200_10_3,1,2010201210,Elite-only,KK2-style-NEH,11179,11179,True
Ta200_10_3,1,2010201210,Elite-only,FRB4-p1,11017,11017,True
Ta200_10_3,1,2010201210,Elite-only,INEH-inspired,11045,11045,True
Ta200_10_3,1,2010201210,Contrast,NEH,11066,11066,True
Ta200_10_3,1,2010201210,Contrast,NEH-TBKK2,11045,11045,True
Ta200_10_3,1,2010201210,Contrast,KK2-style-NEH,11172,11172,True
Ta200_10_3,1,2010201210,Contrast,FRB4-p1,11027,11027,True
Ta200_10_3,1,2010201210,Contrast,INEH-inspired,11120,11120,True
Ta200_10_3,2,2010202219,Elite-only,NEH,11027,11027,True
Ta200_10_3,2,2010202219,Elite-only,NEH-TBKK2,11066,11066,True
Ta200_10_3,2,2010202219,Elite-only,KK2-style-NEH,11142,11142,True
Ta200_10_3,2,2010202219,Elite-only,FRB4-p1,11005,11005,True
Ta200_10_3,2,2010202219,Elite-only,INEH-inspired,11083,11083,True
Ta200_10_3,2,2010202219,Contrast,NEH,11027,11027,True
Ta200_10_3,2,2010202219,Contrast,NEH-TBKK2,11045,11045,True
Ta200_10_3,2,2010202219,Contrast,KK2-style-NEH,11174,11174,True
Ta200_10_3,2,2010202219,Contrast,FRB4-p1,11001,11001,True
Ta200_10_3,2,2010202219,Contrast,INEH-inspired,11049,11049,True
Ta200_10_3,3,2010203228,Elite-only,NEH,11045,11045,True
Ta200_10_3,3,2010203228,Elite-only,NEH-TBKK2,11050,11050,True
Ta200_10_3,3,2010203228,Elite-only,KK2-style-NEH,11170,11170,True
Ta200_10_3,3,2010203228,Elite-only,FRB4-p1,11034,11034,True
Ta200_10_3,3,2010203228,Elite-only,INEH-inspired,11087,11087,True
Ta200_10_3,3,2010203228,Contrast,NEH,11045,11045,True
Ta200_10_3,3,2010203228,Contrast,NEH-TBKK2,11045,11045,True
Ta200_10_3,3,2010203228,Contrast,KK2-style-NEH,11184,11184,True
Ta200_10_3,3,2010203228,Contrast,FRB4-p1,11027,11027,True
Ta200_10_3,3,2010203228,Contrast,INEH-inspired,11060,11060,True
Ta200_10_3,4,2010204237,Elite-only,NEH,11032,11032,True
Ta200_10_3,4,2010204237,Elite-only,NEH-TBKK2,11073,11073,True
Ta200_10_3,4,2010204237,Elite-only,KK2-style-NEH,11149,11149,True
Ta200_10_3,4,2010204237,Elite-only,FRB4-p1,11015,11015,True
Ta200_10_3,4,2010204237,Elite-only,INEH-inspired,11094,11094,True
Ta200_10_3,4,2010204237,Contrast,NEH,11038,11038,True
Ta200_10_3,4,2010204237,Contrast,NEH-TBKK2,11027,11027,True
Ta200_10_3,4,2010204237,Contrast,KK2-style-NEH,11123,11123,True
Ta200_10_3,4,2010204237,Contrast,FRB4-p1,11035,11035,True
Ta200_10_3,4,2010204237,Contrast,INEH-inspired,11045,11045,True
Ta200_10_3,5,2010205246,Elite-only,NEH,11044,11044,True
Ta200_10_3,5,2010205246,Elite-only,NEH-TBKK2,11045,11045,True
Ta200_10_3,5,2010205246,Elite-only,KK2-style-NEH,11122,11122,True
Ta200_10_3,5,2010205246,Elite-only,FRB4-p1,11045,11045,True
Ta200_10_3,5,2010205246,Elite-only,INEH-inspired,11158,11158,True
Ta200_10_3,5,2010205246,Contrast,NEH,11027,11027,True
Ta200_10_3,5,2010205246,Contrast,NEH-TBKK2,11061,11061,True
Ta200_10_3,5,2010205246,Contrast,KK2-style-NEH,11141,11141,True
Ta200_10_3,5,2010205246,Contrast,FRB4-p1,11012,11012,True
Ta200_10_3,5,2010205246,Contrast,INEH-inspired,11049,11049,True
Ta200_10_4,1,2010301210,Elite-only,NEH,11057,11057,True
Ta200_10_4,1,2010301210,Elite-only,NEH-TBKK2,11057,11057,True
Ta200_10_4,1,2010301210,Elite-only,KK2-style-NEH,10966,10966,True
Ta200_10_4,1,2010301210,Elite-only,FRB4-p1,10939,10939,True
Ta200_10_4,1,2010301210,Elite-only,INEH-inspired,10948,10948,True
Ta200_10_4,1,2010301210,Contrast,NEH,11057,11057,True
Ta200_10_4,1,2010301210,Contrast,NEH-TBKK2,11057,11057,True
Ta200_10_4,1,2010301210,Contrast,KK2-style-NEH,10954,10954,True
Ta200_10_4,1,2010301210,Contrast,FRB4-p1,10946,10946,True
Ta200_10_4,1,2010301210,Contrast,INEH-inspired,10999,10999,True
Ta200_10_4,2,2010302219,Elite-only,NEH,11057,11057,True
Ta200_10_4,2,2010302219,Elite-only,NEH-TBKK2,11057,11057,True
Ta200_10_4,2,2010302219,Elite-only,KK2-style-NEH,10968,10968,True
Ta200_10_4,2,2010302219,Elite-only,FRB4-p1,10936,10936,True
Ta200_10_4,2,2010302219,Elite-only,INEH-inspired,10939,10939,True
Ta200_10_4,2,2010302219,Contrast,NEH,11057,11057,True
Ta200_10_4,2,2010302219,Contrast,NEH-TBKK2,11057,11057,True
Ta200_10_4,2,2010302219,Contrast,KK2-style-NEH,10968,10968,True
Ta200_10_4,2,2010302219,Contrast,FRB4-p1,11057,11057,True
Ta200_10_4,2,2010302219,Contrast,INEH-inspired,10920,10920,True
Ta200_10_4,3,2010303228,Elite-only,NEH,11057,11057,True
Ta200_10_4,3,2010303228,Elite-only,NEH-TBKK2,11057,11057,True
Ta200_10_4,3,2010303228,Elite-only,KK2-style-NEH,11076,11076,True
Ta200_10_4,3,2010303228,Elite-only,FRB4-p1,10954,10954,True
Ta200_10_4,3,2010303228,Elite-only,INEH-inspired,10958,10958,True
Ta200_10_4,3,2010303228,Contrast,NEH,11057,11057,True
Ta200_10_4,3,2010303228,Contrast,NEH-TBKK2,11057,11057,True
Ta200_10_4,3,2010303228,Contrast,KK2-style-NEH,10986,10986,True
Ta200_10_4,3,2010303228,Contrast,FRB4-p1,10956,10956,True
Ta200_10_4,3,2010303228,Contrast,INEH-inspired,10943,10943,True
Ta200_10_4,4,2010304237,Elite-only,NEH,11057,11057,True
Ta200_10_4,4,2010304237,Elite-only,NEH-TBKK2,11057,11057,True
Ta200_10_4,4,2010304237,Elite-only,KK2-style-NEH,11004,11004,True
Ta200_10_4,4,2010304237,Elite-only,FRB4-p1,10921,10921,True
Ta200_10_4,4,2010304237,Elite-only,INEH-inspired,10963,10963,True
Ta200_10_4,4,2010304237,Contrast,NEH,11057,11057,True
Ta200_10_4,4,2010304237,Contrast,NEH-TBKK2,11057,11057,True
Ta200_10_4,4,2010304237,Contrast,KK2-style-NEH,10966,10966,True
Ta200_10_4,4,2010304237,Contrast,FRB4-p1,11057,11057,True
Ta200_10_4,4,2010304237,Contrast,INEH-inspired,10955,10955,True
Ta200_10_4,5,2010305246,Elite-only,NEH,11057,11057,True
Ta200_10_4,5,2010305246,Elite-only,NEH-TBKK2,11057,11057,True
Ta200_10_4,5,2010305246,Elite-only,KK2-style-NEH,11042,11042,True
Ta200_10_4,5,2010305246,Elite-only,FRB4-p1,10911,10911,True
Ta200_10_4,5,2010305246,Elite-only,INEH-inspired,10936,10936,True
Ta200_10_4,5,2010305246,Contrast,NEH,11057,11057,True
Ta200_10_4,5,2010305246,Contrast,NEH-TBKK2,11057,11057,True
Ta200_10_4,5,2010305246,Contrast,KK2-style-NEH,10954,10954,True
Ta200_10_4,5,2010305246,Contrast,FRB4-p1,10939,10939,True
Ta200_10_4,5,2010305246,Contrast,INEH-inspired,10964,10964,True
Ta200_10_5,1,2010401210,Elite-only,NEH,10628,10628,True
Ta200_10_5,1,2010401210,Elite-only,NEH-TBKK2,10583,10583,True
Ta200_10_5,1,2010401210,Elite-only,KK2-style-NEH,10790,10790,True
Ta200_10_5,1,2010401210,Elite-only,FRB4-p1,10562,10562,True
Ta200_10_5,1,2010401210,Elite-only,INEH-inspired,10687,10687,True
Ta200_10_5,1,2010401210,Contrast,NEH,10636,10636,True
Ta200_10_5,1,2010401210,Contrast,NEH-TBKK2,10647,10647,True
Ta200_10_5,1,2010401210,Contrast,KK2-style-NEH,10859,10859,True
Ta200_10_5,1,2010401210,Contrast,FRB4-p1,10592,10592,True
Ta200_10_5,1,2010401210,Contrast,INEH-inspired,10684,10684,True
Ta200_10_5,2,2010402219,Elite-only,NEH,10626,10626,True
Ta200_10_5,2,2010402219,Elite-only,NEH-TBKK2,10638,10638,True
Ta200_10_5,2,2010402219,Elite-only,KK2-style-NEH,10892,10892,True
Ta200_10_5,2,2010402219,Elite-only,FRB4-p1,10616,10616,True
Ta200_10_5,2,2010402219,Elite-only,INEH-inspired,10619,10619,True
Ta200_10_5,2,2010402219,Contrast,NEH,10622,10622,True
Ta200_10_5,2,2010402219,Contrast,NEH-TBKK2,10661,10661,True
Ta200_10_5,2,2010402219,Contrast,KK2-style-NEH,10801,10801,True
Ta200_10_5,2,2010402219,Contrast,FRB4-p1,10594,10594,True
Ta200_10_5,2,2010402219,Contrast,INEH-inspired,10644,10644,True
Ta200_10_5,3,2010403228,Elite-only,NEH,10622,10622,True
Ta200_10_5,3,2010403228,Elite-only,NEH-TBKK2,10659,10659,True
Ta200_10_5,3,2010403228,Elite-only,KK2-style-NEH,10759,10759,True
Ta200_10_5,3,2010403228,Elite-only,FRB4-p1,10576,10576,True
Ta200_10_5,3,2010403228,Elite-only,INEH-inspired,10644,10644,True
Ta200_10_5,3,2010403228,Contrast,NEH,10598,10598,True
Ta200_10_5,3,2010403228,Contrast,NEH-TBKK2,10652,10652,True
Ta200_10_5,3,2010403228,Contrast,KK2-style-NEH,10803,10803,True
Ta200_10_5,3,2010403228,Contrast,FRB4-p1,10571,10571,True
Ta200_10_5,3,2010403228,Contrast,INEH-inspired,10614,10614,True
Ta200_10_5,4,2010404237,Elite-only,NEH,10655,10655,True
Ta200_10_5,4,2010404237,Elite-only,NEH-TBKK2,10653,10653,True
Ta200_10_5,4,2010404237,Elite-only,KK2-style-NEH,10821,10821,True
Ta200_10_5,4,2010404237,Elite-only,FRB4-p1,10561,10561,True
Ta200_10_5,4,2010404237,Elite-only,INEH-inspired,10595,10595,True
Ta200_10_5,4,2010404237,Contrast,NEH,10595,10595,True
Ta200_10_5,4,2010404237,Contrast,NEH-TBKK2,10597,10597,True
Ta200_10_5,4,2010404237,Contrast,KK2-style-NEH,10850,10850,True
Ta200_10_5,4,2010404237,Contrast,FRB4-p1,10575,10575,True
Ta200_10_5,4,2010404237,Contrast,INEH-inspired,10679,10679,True
Ta200_10_5,5,2010405246,Elite-only,NEH,10633,10633,True
Ta200_10_5,5,2010405246,Elite-only,NEH-TBKK2,10610,10610,True
Ta200_10_5,5,2010405246,Elite-only,KK2-style-NEH,10840,10840,True
Ta200_10_5,5,2010405246,Elite-only,FRB4-p1,10565,10565,True
Ta200_10_5,5,2010405246,Elite-only,INEH-inspired,10633,10633,True
Ta200_10_5,5,2010405246,Contrast,NEH,10638,10638,True
Ta200_10_5,5,2010405246,Contrast,NEH-TBKK2,10644,10644,True
Ta200_10_5,5,2010405246,Contrast,KK2-style-NEH,10797,10797,True
Ta200_10_5,5,2010405246,Contrast,FRB4-p1,10585,10585,True
Ta200_10_5,5,2010405246,Contrast,INEH-inspired,10592,10592,True
Ta200_10_6,1,2010501210,Elite-only,NEH,10474,10474,True
Ta200_10_6,1,2010501210,Elite-only,NEH-TBKK2,10494,10494,True
Ta200_10_6,1,2010501210,Elite-only,KK2-style-NEH,10643,10643,True
Ta200_10_6,1,2010501210,Elite-only,FRB4-p1,10416,10416,True
Ta200_10_6,1,2010501210,Elite-only,INEH-inspired,10492,10492,True
Ta200_10_6,1,2010501210,Contrast,NEH,10474,10474,True
Ta200_10_6,1,2010501210,Contrast,NEH-TBKK2,10493,10493,True
Ta200_10_6,1,2010501210,Contrast,KK2-style-NEH,10739,10739,True
Ta200_10_6,1,2010501210,Contrast,FRB4-p1,10464,10464,True
Ta200_10_6,1,2010501210,Contrast,INEH-inspired,10472,10472,True
Ta200_10_6,2,2010502219,Elite-only,NEH,10480,10480,True
Ta200_10_6,2,2010502219,Elite-only,NEH-TBKK2,10409,10409,True
Ta200_10_6,2,2010502219,Elite-only,KK2-style-NEH,10625,10625,True
Ta200_10_6,2,2010502219,Elite-only,FRB4-p1,10414,10414,True
Ta200_10_6,2,2010502219,Elite-only,INEH-inspired,10456,10456,True
Ta200_10_6,2,2010502219,Contrast,NEH,10433,10433,True
Ta200_10_6,2,2010502219,Contrast,NEH-TBKK2,10433,10433,True
Ta200_10_6,2,2010502219,Contrast,KK2-style-NEH,10754,10754,True
Ta200_10_6,2,2010502219,Contrast,FRB4-p1,10416,10416,True
Ta200_10_6,2,2010502219,Contrast,INEH-inspired,10409,10409,True
Ta200_10_6,3,2010503228,Elite-only,NEH,10487,10487,True
Ta200_10_6,3,2010503228,Elite-only,NEH-TBKK2,10450,10450,True
Ta200_10_6,3,2010503228,Elite-only,KK2-style-NEH,10733,10733,True
Ta200_10_6,3,2010503228,Elite-only,FRB4-p1,10404,10404,True
Ta200_10_6,3,2010503228,Elite-only,INEH-inspired,10459,10459,True
Ta200_10_6,3,2010503228,Contrast,NEH,10480,10480,True
Ta200_10_6,3,2010503228,Contrast,NEH-TBKK2,10493,10493,True
Ta200_10_6,3,2010503228,Contrast,KK2-style-NEH,10740,10740,True
Ta200_10_6,3,2010503228,Contrast,FRB4-p1,10387,10387,True
Ta200_10_6,3,2010503228,Contrast,INEH-inspired,10511,10511,True
Ta200_10_6,4,2010504237,Elite-only,NEH,10440,10440,True
Ta200_10_6,4,2010504237,Elite-only,NEH-TBKK2,10481,10481,True
Ta200_10_6,4,2010504237,Elite-only,KK2-style-NEH,10706,10706,True
Ta200_10_6,4,2010504237,Elite-only,FRB4-p1,10403,10403,True
Ta200_10_6,4,2010504237,Elite-only,INEH-inspired,10488,10488,True
Ta200_10_6,4,2010504237,Contrast,NEH,10478,10478,True
Ta200_10_6,4,2010504237,Contrast,NEH-TBKK2,10431,10431,True
Ta200_10_6,4,2010504237,Contrast,KK2-style-NEH,10801,10801,True
Ta200_10_6,4,2010504237,Contrast,FRB4-p1,10437,10437,True
Ta200_10_6,4,2010504237,Contrast,INEH-inspired,10481,10481,True
Ta200_10_6,5,2010505246,Elite-only,NEH,10473,10473,True
Ta200_10_6,5,2010505246,Elite-only,NEH-TBKK2,10486,10486,True
Ta200_10_6,5,2010505246,Elite-only,KK2-style-NEH,10709,10709,True
Ta200_10_6,5,2010505246,Elite-only,FRB4-p1,10434,10434,True
Ta200_10_6,5,2010505246,Elite-only,INEH-inspired,10467,10467,True
Ta200_10_6,5,2010505246,Contrast,NEH,10471,10471,True
Ta200_10_6,5,2010505246,Contrast,NEH-TBKK2,10451,10451,True
Ta200_10_6,5,2010505246,Contrast,KK2-style-NEH,10801,10801,True
Ta200_10_6,5,2010505246,Contrast,FRB4-p1,10419,10419,True
Ta200_10_6,5,2010505246,Contrast,INEH-inspired,10467,10467,True
Ta200_10_7,1,2010601210,Elite-only,NEH,10938,10938,True
Ta200_10_7,1,2010601210,Elite-only,NEH-TBKK2,10988,10988,True
Ta200_10_7,1,2010601210,Elite-only,KK2-style-NEH,11134,11134,True
Ta200_10_7,1,2010601210,Elite-only,FRB4-p1,10938,10938,True
Ta200_10_7,1,2010601210,Elite-only,INEH-inspired,10941,10941,True
Ta200_10_7,1,2010601210,Contrast,NEH,10985,10985,True
Ta200_10_7,1,2010601210,Contrast,NEH-TBKK2,10942,10942,True
Ta200_10_7,1,2010601210,Contrast,KK2-style-NEH,11051,11051,True
Ta200_10_7,1,2010601210,Contrast,FRB4-p1,10977,10977,True
Ta200_10_7,1,2010601210,Contrast,INEH-inspired,10949,10949,True
Ta200_10_7,2,2010602219,Elite-only,NEH,10985,10985,True
Ta200_10_7,2,2010602219,Elite-only,NEH-TBKK2,10985,10985,True
Ta200_10_7,2,2010602219,Elite-only,KK2-style-NEH,11124,11124,True
Ta200_10_7,2,2010602219,Elite-only,FRB4-p1,10882,10882,True
Ta200_10_7,2,2010602219,Elite-only,INEH-inspired,10910,10910,True
Ta200_10_7,2,2010602219,Contrast,NEH,10949,10949,True
Ta200_10_7,2,2010602219,Contrast,NEH-TBKK2,10965,10965,True
Ta200_10_7,2,2010602219,Contrast,KK2-style-NEH,11148,11148,True
Ta200_10_7,2,2010602219,Contrast,FRB4-p1,10867,10867,True
Ta200_10_7,2,2010602219,Contrast,INEH-inspired,10997,10997,True
Ta200_10_7,3,2010603228,Elite-only,NEH,10904,10904,True
Ta200_10_7,3,2010603228,Elite-only,NEH-TBKK2,10965,10965,True
Ta200_10_7,3,2010603228,Elite-only,KK2-style-NEH,11067,11067,True
Ta200_10_7,3,2010603228,Elite-only,FRB4-p1,10875,10875,True
Ta200_10_7,3,2010603228,Elite-only,INEH-inspired,10959,10959,True
Ta200_10_7,3,2010603228,Contrast,NEH,10991,10991,True
Ta200_10_7,3,2010603228,Contrast,NEH-TBKK2,10938,10938,True
Ta200_10_7,3,2010603228,Contrast,KK2-style-NEH,11190,11190,True
Ta200_10_7,3,2010603228,Contrast,FRB4-p1,10883,10883,True
Ta200_10_7,3,2010603228,Contrast,INEH-inspired,10949,10949,True
Ta200_10_7,4,2010604237,Elite-only,NEH,10941,10941,True
Ta200_10_7,4,2010604237,Elite-only,NEH-TBKK2,10972,10972,True
Ta200_10_7,4,2010604237,Elite-only,KK2-style-NEH,11190,11190,True
Ta200_10_7,4,2010604237,Elite-only,FRB4-p1,10898,10898,True
Ta200_10_7,4,2010604237,Elite-only,INEH-inspired,10908,10908,True
Ta200_10_7,4,2010604237,Contrast,NEH,10965,10965,True
Ta200_10_7,4,2010604237,Contrast,NEH-TBKK2,10977,10977,True
Ta200_10_7,4,2010604237,Contrast,KK2-style-NEH,11172,11172,True
Ta200_10_7,4,2010604237,Contrast,FRB4-p1,10965,10965,True
Ta200_10_7,4,2010604237,Contrast,INEH-inspired,10949,10949,True
Ta200_10_7,5,2010605246,Elite-only,NEH,10913,10913,True
Ta200_10_7,5,2010605246,Elite-only,NEH-TBKK2,10985,10985,True
Ta200_10_7,5,2010605246,Elite-only,KK2-style-NEH,11186,11186,True
Ta200_10_7,5,2010605246,Elite-only,FRB4-p1,10886,10886,True
Ta200_10_7,5,2010605246,Elite-only,INEH-inspired,10953,10953,True
Ta200_10_7,5,2010605246,Contrast,NEH,10965,10965,True
Ta200_10_7,5,2010605246,Contrast,NEH-TBKK2,10985,10985,True
Ta200_10_7,5,2010605246,Contrast,KK2-style-NEH,11157,11157,True
Ta200_10_7,5,2010605246,Contrast,FRB4-p1,10965,10965,True
Ta200_10_7,5,2010605246,Contrast,INEH-inspired,10972,10972,True
Ta200_10_8,1,2010701210,Elite-only,NEH,10850,10850,True
Ta200_10_8,1,2010701210,Elite-only,NEH-TBKK2,10842,10842,True
Ta200_10_8,1,2010701210,Elite-only,KK2-style-NEH,10959,10959,True
Ta200_10_8,1,2010701210,Elite-only,FRB4-p1,10789,10789,True
Ta200_10_8,1,2010701210,Elite-only,INEH-inspired,10858,10858,True
Ta200_10_8,1,2010701210,Contrast,NEH,10843,10843,True
Ta200_10_8,1,2010701210,Contrast,NEH-TBKK2,10838,10838,True
Ta200_10_8,1,2010701210,Contrast,KK2-style-NEH,11119,11119,True
Ta200_10_8,1,2010701210,Contrast,FRB4-p1,10840,10840,True
Ta200_10_8,1,2010701210,Contrast,INEH-inspired,10845,10845,True
Ta200_10_8,2,2010702219,Elite-only,NEH,10825,10825,True
Ta200_10_8,2,2010702219,Elite-only,NEH-TBKK2,10827,10827,True
Ta200_10_8,2,2010702219,Elite-only,KK2-style-NEH,11023,11023,True
Ta200_10_8,2,2010702219,Elite-only,FRB4-p1,10812,10812,True
Ta200_10_8,2,2010702219,Elite-only,INEH-inspired,10835,10835,True
Ta200_10_8,2,2010702219,Contrast,NEH,10834,10834,True
Ta200_10_8,2,2010702219,Contrast,NEH-TBKK2,10831,10831,True
Ta200_10_8,2,2010702219,Contrast,KK2-style-NEH,11089,11089,True
Ta200_10_8,2,2010702219,Contrast,FRB4-p1,10811,10811,True
Ta200_10_8,2,2010702219,Contrast,INEH-inspired,10840,10840,True
Ta200_10_8,3,2010703228,Elite-only,NEH,10859,10859,True
Ta200_10_8,3,2010703228,Elite-only,NEH-TBKK2,10834,10834,True
Ta200_10_8,3,2010703228,Elite-only,KK2-style-NEH,11110,11110,True
Ta200_10_8,3,2010703228,Elite-only,FRB4-p1,10788,10788,True
Ta200_10_8,3,2010703228,Elite-only,INEH-inspired,10828,10828,True
Ta200_10_8,3,2010703228,Contrast,NEH,10847,10847,True
Ta200_10_8,3,2010703228,Contrast,NEH-TBKK2,10819,10819,True
Ta200_10_8,3,2010703228,Contrast,KK2-style-NEH,11035,11035,True
Ta200_10_8,3,2010703228,Contrast,FRB4-p1,10785,10785,True
Ta200_10_8,3,2010703228,Contrast,INEH-inspired,10864,10864,True
Ta200_10_8,4,2010704237,Elite-only,NEH,10823,10823,True
Ta200_10_8,4,2010704237,Elite-only,NEH-TBKK2,10839,10839,True
Ta200_10_8,4,2010704237,Elite-only,KK2-style-NEH,11044,11044,True
Ta200_10_8,4,2010704237,Elite-only,FRB4-p1,10802,10802,True
Ta200_10_8,4,2010704237,Elite-only,INEH-inspired,10860,10860,True
Ta200_10_8,4,2010704237,Contrast,NEH,10845,10845,True
Ta200_10_8,4,2010704237,Contrast,NEH-TBKK2,10803,10803,True
Ta200_10_8,4,2010704237,Contrast,KK2-style-NEH,11115,11115,True
Ta200_10_8,4,2010704237,Contrast,FRB4-p1,10802,10802,True
Ta200_10_8,4,2010704237,Contrast,INEH-inspired,10817,10817,True
Ta200_10_8,5,2010705246,Elite-only,NEH,10833,10833,True
Ta200_10_8,5,2010705246,Elite-only,NEH-TBKK2,10856,10856,True
Ta200_10_8,5,2010705246,Elite-only,KK2-style-NEH,11063,11063,True
Ta200_10_8,5,2010705246,Elite-only,FRB4-p1,10818,10818,True
Ta200_10_8,5,2010705246,Elite-only,INEH-inspired,10877,10877,True
Ta200_10_8,5,2010705246,Contrast,NEH,10846,10846,True
Ta200_10_8,5,2010705246,Contrast,NEH-TBKK2,10875,10875,True
Ta200_10_8,5,2010705246,Contrast,KK2-style-NEH,11007,11007,True
Ta200_10_8,5,2010705246,Contrast,FRB4-p1,10811,10811,True
Ta200_10_8,5,2010705246,Contrast,INEH-inspired,10840,10840,True
Ta200_10_9,1,2010801210,Elite-only,NEH,10596,10596,True
Ta200_10_9,1,2010801210,Elite-only,NEH-TBKK2,10686,10686,True
Ta200_10_9,1,2010801210,Elite-only,KK2-style-NEH,10682,10682,True
Ta200_10_9,1,2010801210,Elite-only,FRB4-p1,10516,10516,True
Ta200_10_9,1,2010801210,Elite-only,INEH-inspired,10526,10526,True
Ta200_10_9,1,2010801210,Contrast,NEH,10622,10622,True
Ta200_10_9,1,2010801210,Contrast,NEH-TBKK2,10587,10587,True
Ta200_10_9,1,2010801210,Contrast,KK2-style-NEH,10667,10667,True
Ta200_10_9,1,2010801210,Contrast,FRB4-p1,10504,10504,True
Ta200_10_9,1,2010801210,Contrast,INEH-inspired,10502,10502,True
Ta200_10_9,2,2010802219,Elite-only,NEH,10557,10557,True
Ta200_10_9,2,2010802219,Elite-only,NEH-TBKK2,10569,10569,True
Ta200_10_9,2,2010802219,Elite-only,KK2-style-NEH,10715,10715,True
Ta200_10_9,2,2010802219,Elite-only,FRB4-p1,10517,10517,True
Ta200_10_9,2,2010802219,Elite-only,INEH-inspired,10566,10566,True
Ta200_10_9,2,2010802219,Contrast,NEH,10550,10550,True
Ta200_10_9,2,2010802219,Contrast,NEH-TBKK2,10559,10559,True
Ta200_10_9,2,2010802219,Contrast,KK2-style-NEH,10780,10780,True
Ta200_10_9,2,2010802219,Contrast,FRB4-p1,10490,10490,True
Ta200_10_9,2,2010802219,Contrast,INEH-inspired,10499,10499,True
Ta200_10_9,3,2010803228,Elite-only,NEH,10616,10616,True
Ta200_10_9,3,2010803228,Elite-only,NEH-TBKK2,10564,10564,True
Ta200_10_9,3,2010803228,Elite-only,KK2-style-NEH,10708,10708,True
Ta200_10_9,3,2010803228,Elite-only,FRB4-p1,10485,10485,True
Ta200_10_9,3,2010803228,Elite-only,INEH-inspired,10600,10600,True
Ta200_10_9,3,2010803228,Contrast,NEH,10553,10553,True
Ta200_10_9,3,2010803228,Contrast,NEH-TBKK2,10542,10542,True
Ta200_10_9,3,2010803228,Contrast,KK2-style-NEH,10681,10681,True
Ta200_10_9,3,2010803228,Contrast,FRB4-p1,10513,10513,True
Ta200_10_9,3,2010803228,Contrast,INEH-inspired,10571,10571,True
Ta200_10_9,4,2010804237,Elite-only,NEH,10599,10599,True
Ta200_10_9,4,2010804237,Elite-only,NEH-TBKK2,10599,10599,True
Ta200_10_9,4,2010804237,Elite-only,KK2-style-NEH,10715,10715,True
Ta200_10_9,4,2010804237,Elite-only,FRB4-p1,10517,10517,True
Ta200_10_9,4,2010804237,Elite-only,INEH-inspired,10511,10511,True
Ta200_10_9,4,2010804237,Contrast,NEH,10584,10584,True
Ta200_10_9,4,2010804237,Contrast,NEH-TBKK2,10595,10595,True
Ta200_10_9,4,2010804237,Contrast,KK2-style-NEH,10731,10731,True
Ta200_10_9,4,2010804237,Contrast,FRB4-p1,10489,10489,True
Ta200_10_9,4,2010804237,Contrast,INEH-inspired,10543,10543,True
Ta200_10_9,5,2010805246,Elite-only,NEH,10589,10589,True
Ta200_10_9,5,2010805246,Elite-only,NEH-TBKK2,10570,10570,True
Ta200_10_9,5,2010805246,Elite-only,KK2-style-NEH,10779,10779,True
Ta200_10_9,5,2010805246,Elite-only,FRB4-p1,10493,10493,True
Ta200_10_9,5,2010805246,Elite-only,INEH-inspired,10510,10510,True
Ta200_10_9,5,2010805246,Contrast,NEH,10602,10602,True
Ta200_10_9,5,2010805246,Contrast,NEH-TBKK2,10578,10578,True
Ta200_10_9,5,2010805246,Contrast,KK2-style-NEH,10679,10679,True
Ta200_10_9,5,2010805246,Contrast,FRB4-p1,10545,10545,True
Ta200_10_9,5,2010805246,Contrast,INEH-inspired,10553,10553,True
Ta200_10_10,1,2010901210,Elite-only,NEH,10758,10758,True
Ta200_10_10,1,2010901210,Elite-only,NEH-TBKK2,10793,10793,True
Ta200_10_10,1,2010901210,Elite-only,KK2-style-NEH,10928,10928,True
Ta200_10_10,1,2010901210,Elite-only,FRB4-p1,10789,10789,True
Ta200_10_10,1,2010901210,Elite-only,INEH-inspired,10799,10799,True
Ta200_10_10,1,2010901210,Contrast,NEH,10758,10758,True
Ta200_10_10,1,2010901210,Contrast,NEH-TBKK2,10794,10794,True
Ta200_10_10,1,2010901210,Contrast,KK2-style-NEH,10878,10878,True
Ta200_10_10,1,2010901210,Contrast,FRB4-p1,10758,10758,True
Ta200_10_10,1,2010901210,Contrast,INEH-inspired,10837,10837,True
Ta200_10_10,2,2010902219,Elite-only,NEH,10774,10774,True
Ta200_10_10,2,2010902219,Elite-only,NEH-TBKK2,10802,10802,True
Ta200_10_10,2,2010902219,Elite-only,KK2-style-NEH,10905,10905,True
Ta200_10_10,2,2010902219,Elite-only,FRB4-p1,10737,10737,True
Ta200_10_10,2,2010902219,Elite-only,INEH-inspired,10785,10785,True
Ta200_10_10,2,2010902219,Contrast,NEH,10786,10786,True
Ta200_10_10,2,2010902219,Contrast,NEH-TBKK2,10791,10791,True
Ta200_10_10,2,2010902219,Contrast,KK2-style-NEH,10932,10932,True
Ta200_10_10,2,2010902219,Contrast,FRB4-p1,10758,10758,True
Ta200_10_10,2,2010902219,Contrast,INEH-inspired,10775,10775,True
Ta200_10_10,3,2010903228,Elite-only,NEH,10765,10765,True
Ta200_10_10,3,2010903228,Elite-only,NEH-TBKK2,10807,10807,True
Ta200_10_10,3,2010903228,Elite-only,KK2-style-NEH,10914,10914,True
Ta200_10_10,3,2010903228,Elite-only,FRB4-p1,10789,10789,True
Ta200_10_10,3,2010903228,Elite-only,INEH-inspired,10790,10790,True
Ta200_10_10,3,2010903228,Contrast,NEH,10790,10790,True
Ta200_10_10,3,2010903228,Contrast,NEH-TBKK2,10800,10800,True
Ta200_10_10,3,2010903228,Contrast,KK2-style-NEH,10825,10825,True
Ta200_10_10,3,2010903228,Contrast,FRB4-p1,10790,10790,True
Ta200_10_10,3,2010903228,Contrast,INEH-inspired,10790,10790,True
Ta200_10_10,4,2010904237,Elite-only,NEH,10781,10781,True
Ta200_10_10,4,2010904237,Elite-only,NEH-TBKK2,10758,10758,True
Ta200_10_10,4,2010904237,Elite-only,KK2-style-NEH,10879,10879,True
Ta200_10_10,4,2010904237,Elite-only,FRB4-p1,10752,10752,True
Ta200_10_10,4,2010904237,Elite-only,INEH-inspired,10820,10820,True
Ta200_10_10,4,2010904237,Contrast,NEH,10778,10778,True
Ta200_10_10,4,2010904237,Contrast,NEH-TBKK2,10802,10802,True
Ta200_10_10,4,2010904237,Contrast,KK2-style-NEH,10900,10900,True
Ta200_10_10,4,2010904237,Contrast,FRB4-p1,10813,10813,True
Ta200_10_10,4,2010904237,Contrast,INEH-inspired,10791,10791,True
Ta200_10_10,5,2010905246,Elite-only,NEH,10790,10790,True
Ta200_10_10,5,2010905246,Elite-only,NEH-TBKK2,10786,10786,True
Ta200_10_10,5,2010905246,Elite-only,KK2-style-NEH,10899,10899,True
Ta200_10_10,5,2010905246,Elite-only,FRB4-p1,10778,10778,True
Ta200_10_10,5,2010905246,Elite-only,INEH-inspired,10758,10758,True
Ta200_10_10,5,2010905246,Contrast,NEH,10760,10760,True
Ta200_10_10,5,2010905246,Contrast,NEH-TBKK2,10791,10791,True
Ta200_10_10,5,2010905246,Contrast,KK2-style-NEH,10839,10839,True
Ta200_10_10,5,2010905246,Contrast,FRB4-p1,10789,10789,True
Ta200_10_10,5,2010905246,Contrast,INEH-inspired,10812,10812,True
Ta200_20_1,1,2020001210,Elite-only,NEH,11636,11636,True
Ta200_20_1,1,2020001210,Elite-only,NEH-TBKK2,11644,11644,True
Ta200_20_1,1,2020001210,Elite-only,KK2-style-NEH,11796,11796,True
Ta200_20_1,1,2020001210,Elite-only,FRB4-p1,11548,11548,True
Ta200_20_1,1,2020001210,Elite-only,INEH-inspired,11577,11577,True
Ta200_20_1,1,2020001210,Contrast,NEH,11590,11590,True
Ta200_20_1,1,2020001210,Contrast,NEH-TBKK2,11631,11631,True
Ta200_20_1,1,2020001210,Contrast,KK2-style-NEH,11821,11821,True
Ta200_20_1,1,2020001210,Contrast,FRB4-p1,11524,11524,True
Ta200_20_1,1,2020001210,Contrast,INEH-inspired,11622,11622,True
Ta200_20_1,2,2020002219,Elite-only,NEH,11509,11509,True
Ta200_20_1,2,2020002219,Elite-only,NEH-TBKK2,11598,11598,True
Ta200_20_1,2,2020002219,Elite-only,KK2-style-NEH,11784,11784,True
Ta200_20_1,2,2020002219,Elite-only,FRB4-p1,11539,11539,True
Ta200_20_1,2,2020002219,Elite-only,INEH-inspired,11569,11569,True
Ta200_20_1,2,2020002219,Contrast,NEH,11671,11671,True
Ta200_20_1,2,2020002219,Contrast,NEH-TBKK2,11537,11537,True
Ta200_20_1,2,2020002219,Contrast,KK2-style-NEH,11849,11849,True
Ta200_20_1,2,2020002219,Contrast,FRB4-p1,11540,11540,True
Ta200_20_1,2,2020002219,Contrast,INEH-inspired,11668,11668,True
Ta200_20_1,3,2020003228,Elite-only,NEH,11576,11576,True
Ta200_20_1,3,2020003228,Elite-only,NEH-TBKK2,11574,11574,True
Ta200_20_1,3,2020003228,Elite-only,KK2-style-NEH,11827,11827,True
Ta200_20_1,3,2020003228,Elite-only,FRB4-p1,11485,11485,True
Ta200_20_1,3,2020003228,Elite-only,INEH-inspired,11660,11660,True
Ta200_20_1,3,2020003228,Contrast,NEH,11548,11548,True
Ta200_20_1,3,2020003228,Contrast,NEH-TBKK2,11594,11594,True
Ta200_20_1,3,2020003228,Contrast,KK2-style-NEH,11813,11813,True
Ta200_20_1,3,2020003228,Contrast,FRB4-p1,11581,11581,True
Ta200_20_1,3,2020003228,Contrast,INEH-inspired,11579,11579,True
Ta200_20_1,4,2020004237,Elite-only,NEH,11580,11580,True
Ta200_20_1,4,2020004237,Elite-only,NEH-TBKK2,11595,11595,True
Ta200_20_1,4,2020004237,Elite-only,KK2-style-NEH,11894,11894,True
Ta200_20_1,4,2020004237,Elite-only,FRB4-p1,11485,11485,True
Ta200_20_1,4,2020004237,Elite-only,INEH-inspired,11622,11622,True
Ta200_20_1,4,2020004237,Contrast,NEH,11578,11578,True
Ta200_20_1,4,2020004237,Contrast,NEH-TBKK2,11597,11597,True
Ta200_20_1,4,2020004237,Contrast,KK2-style-NEH,11798,11798,True
Ta200_20_1,4,2020004237,Contrast,FRB4-p1,11562,11562,True
Ta200_20_1,4,2020004237,Contrast,INEH-inspired,11649,11649,True
Ta200_20_1,5,2020005246,Elite-only,NEH,11620,11620,True
Ta200_20_1,5,2020005246,Elite-only,NEH-TBKK2,11563,11563,True
Ta200_20_1,5,2020005246,Elite-only,KK2-style-NEH,11810,11810,True
Ta200_20_1,5,2020005246,Elite-only,FRB4-p1,11537,11537,True
Ta200_20_1,5,2020005246,Elite-only,INEH-inspired,11589,11589,True
Ta200_20_1,5,2020005246,Contrast,NEH,11620,11620,True
Ta200_20_1,5,2020005246,Contrast,NEH-TBKK2,11537,11537,True
Ta200_20_1,5,2020005246,Contrast,KK2-style-NEH,11777,11777,True
Ta200_20_1,5,2020005246,Contrast,FRB4-p1,11565,11565,True
Ta200_20_1,5,2020005246,Contrast,INEH-inspired,11574,11574,True
Ta200_20_2,1,2020101210,Elite-only,NEH,11748,11748,True
Ta200_20_2,1,2020101210,Elite-only,NEH-TBKK2,11917,11917,True
Ta200_20_2,1,2020101210,Elite-only,KK2-style-NEH,11918,11918,True
Ta200_20_2,1,2020101210,Elite-only,FRB4-p1,11571,11571,True
Ta200_20_2,1,2020101210,Elite-only,INEH-inspired,11694,11694,True
Ta200_20_2,1,2020101210,Contrast,NEH,11748,11748,True
Ta200_20_2,1,2020101210,Contrast,NEH-TBKK2,11845,11845,True
Ta200_20_2,1,2020101210,Contrast,KK2-style-NEH,11973,11973,True
Ta200_20_2,1,2020101210,Contrast,FRB4-p1,11651,11651,True
Ta200_20_2,1,2020101210,Contrast,INEH-inspired,11680,11680,True
Ta200_20_2,2,2020102219,Elite-only,NEH,11748,11748,True
Ta200_20_2,2,2020102219,Elite-only,NEH-TBKK2,11917,11917,True
Ta200_20_2,2,2020102219,Elite-only,KK2-style-NEH,11918,11918,True
Ta200_20_2,2,2020102219,Elite-only,FRB4-p1,11726,11726,True
Ta200_20_2,2,2020102219,Elite-only,INEH-inspired,11707,11707,True
Ta200_20_2,2,2020102219,Contrast,NEH,11688,11688,True
Ta200_20_2,2,2020102219,Contrast,NEH-TBKK2,11917,11917,True
Ta200_20_2,2,2020102219,Contrast,KK2-style-NEH,11923,11923,True
Ta200_20_2,2,2020102219,Contrast,FRB4-p1,11590,11590,True
Ta200_20_2,2,2020102219,Contrast,INEH-inspired,11667,11667,True
Ta200_20_2,3,2020103228,Elite-only,NEH,11651,11651,True
Ta200_20_2,3,2020103228,Elite-only,NEH-TBKK2,11917,11917,True
Ta200_20_2,3,2020103228,Elite-only,KK2-style-NEH,11855,11855,True
Ta200_20_2,3,2020103228,Elite-only,FRB4-p1,11569,11569,True
Ta200_20_2,3,2020103228,Elite-only,INEH-inspired,11686,11686,True
Ta200_20_2,3,2020103228,Contrast,NEH,11688,11688,True
Ta200_20_2,3,2020103228,Contrast,NEH-TBKK2,11833,11833,True
Ta200_20_2,3,2020103228,Contrast,KK2-style-NEH,11879,11879,True
Ta200_20_2,3,2020103228,Contrast,FRB4-p1,11669,11669,True
Ta200_20_2,3,2020103228,Contrast,INEH-inspired,11689,11689,True
Ta200_20_2,4,2020104237,Elite-only,NEH,11666,11666,True
Ta200_20_2,4,2020104237,Elite-only,NEH-TBKK2,11917,11917,True
Ta200_20_2,4,2020104237,Elite-only,KK2-style-NEH,11859,11859,True
Ta200_20_2,4,2020104237,Elite-only,FRB4-p1,11571,11571,True
Ta200_20_2,4,2020104237,Elite-only,INEH-inspired,11748,11748,True
Ta200_20_2,4,2020104237,Contrast,NEH,11688,11688,True
Ta200_20_2,4,2020104237,Contrast,NEH-TBKK2,11917,11917,True
Ta200_20_2,4,2020104237,Contrast,KK2-style-NEH,11879,11879,True
Ta200_20_2,4,2020104237,Contrast,FRB4-p1,11607,11607,True
Ta200_20_2,4,2020104237,Contrast,INEH-inspired,11647,11647,True
Ta200_20_2,5,2020105246,Elite-only,NEH,11666,11666,True
Ta200_20_2,5,2020105246,Elite-only,NEH-TBKK2,11917,11917,True
Ta200_20_2,5,2020105246,Elite-only,KK2-style-NEH,11879,11879,True
Ta200_20_2,5,2020105246,Elite-only,FRB4-p1,11577,11577,True
Ta200_20_2,5,2020105246,Elite-only,INEH-inspired,11711,11711,True
Ta200_20_2,5,2020105246,Contrast,NEH,11724,11724,True
Ta200_20_2,5,2020105246,Contrast,NEH-TBKK2,11917,11917,True
Ta200_20_2,5,2020105246,Contrast,KK2-style-NEH,11879,11879,True
Ta200_20_2,5,2020105246,Contrast,FRB4-p1,11576,11576,True
Ta200_20_2,5,2020105246,Contrast,INEH-inspired,11732,11732,True
Ta200_20_3,1,2020201210,Elite-only,NEH,11812,11812,True
Ta200_20_3,1,2020201210,Elite-only,NEH-TBKK2,11905,11905,True
Ta200_20_3,1,2020201210,Elite-only,KK2-style-NEH,11901,11901,True
Ta200_20_3,1,2020201210,Elite-only,FRB4-p1,11682,11682,True
Ta200_20_3,1,2020201210,Elite-only,INEH-inspired,11806,11806,True
Ta200_20_3,1,2020201210,Contrast,NEH,11936,11936,True
Ta200_20_3,1,2020201210,Contrast,NEH-TBKK2,11937,11937,True
Ta200_20_3,1,2020201210,Contrast,KK2-style-NEH,11980,11980,True
Ta200_20_3,1,2020201210,Contrast,FRB4-p1,11664,11664,True
Ta200_20_3,1,2020201210,Contrast,INEH-inspired,11764,11764,True
Ta200_20_3,2,2020202219,Elite-only,NEH,11823,11823,True
Ta200_20_3,2,2020202219,Elite-only,NEH-TBKK2,11878,11878,True
Ta200_20_3,2,2020202219,Elite-only,KK2-style-NEH,11954,11954,True
Ta200_20_3,2,2020202219,Elite-only,FRB4-p1,11649,11649,True
Ta200_20_3,2,2020202219,Elite-only,INEH-inspired,11720,11720,True
Ta200_20_3,2,2020202219,Contrast,NEH,11841,11841,True
Ta200_20_3,2,2020202219,Contrast,NEH-TBKK2,11812,11812,True
Ta200_20_3,2,2020202219,Contrast,KK2-style-NEH,12071,12071,True
Ta200_20_3,2,2020202219,Contrast,FRB4-p1,11723,11723,True
Ta200_20_3,2,2020202219,Contrast,INEH-inspired,11807,11807,True
Ta200_20_3,3,2020203228,Elite-only,NEH,11797,11797,True
Ta200_20_3,3,2020203228,Elite-only,NEH-TBKK2,11832,11832,True
Ta200_20_3,3,2020203228,Elite-only,KK2-style-NEH,11970,11970,True
Ta200_20_3,3,2020203228,Elite-only,FRB4-p1,11713,11713,True
Ta200_20_3,3,2020203228,Elite-only,INEH-inspired,11846,11846,True
Ta200_20_3,3,2020203228,Contrast,NEH,11823,11823,True
Ta200_20_3,3,2020203228,Contrast,NEH-TBKK2,11832,11832,True
Ta200_20_3,3,2020203228,Contrast,KK2-style-NEH,11917,11917,True
Ta200_20_3,3,2020203228,Contrast,FRB4-p1,11738,11738,True
Ta200_20_3,3,2020203228,Contrast,INEH-inspired,11733,11733,True
Ta200_20_3,4,2020204237,Elite-only,NEH,11832,11832,True
Ta200_20_3,4,2020204237,Elite-only,NEH-TBKK2,11812,11812,True
Ta200_20_3,4,2020204237,Elite-only,KK2-style-NEH,12075,12075,True
Ta200_20_3,4,2020204237,Elite-only,FRB4-p1,11803,11803,True
Ta200_20_3,4,2020204237,Elite-only,INEH-inspired,11795,11795,True
Ta200_20_3,4,2020204237,Contrast,NEH,11875,11875,True
Ta200_20_3,4,2020204237,Contrast,NEH-TBKK2,11812,11812,True
Ta200_20_3,4,2020204237,Contrast,KK2-style-NEH,12017,12017,True
Ta200_20_3,4,2020204237,Contrast,FRB4-p1,11699,11699,True
Ta200_20_3,4,2020204237,Contrast,INEH-inspired,11818,11818,True
Ta200_20_3,5,2020205246,Elite-only,NEH,11899,11899,True
Ta200_20_3,5,2020205246,Elite-only,NEH-TBKK2,11791,11791,True
Ta200_20_3,5,2020205246,Elite-only,KK2-style-NEH,12013,12013,True
Ta200_20_3,5,2020205246,Elite-only,FRB4-p1,11704,11704,True
Ta200_20_3,5,2020205246,Elite-only,INEH-inspired,11727,11727,True
Ta200_20_3,5,2020205246,Contrast,NEH,11841,11841,True
Ta200_20_3,5,2020205246,Contrast,NEH-TBKK2,11808,11808,True
Ta200_20_3,5,2020205246,Contrast,KK2-style-NEH,11947,11947,True
Ta200_20_3,5,2020205246,Contrast,FRB4-p1,11705,11705,True
Ta200_20_3,5,2020205246,Contrast,INEH-inspired,11738,11738,True
Ta200_20_4,1,2020301210,Elite-only,NEH,11780,11780,True
Ta200_20_4,1,2020301210,Elite-only,NEH-TBKK2,11750,11750,True
Ta200_20_4,1,2020301210,Elite-only,KK2-style-NEH,11908,11908,True
Ta200_20_4,1,2020301210,Elite-only,FRB4-p1,11661,11661,True
Ta200_20_4,1,2020301210,Elite-only,INEH-inspired,11711,11711,True
Ta200_20_4,1,2020301210,Contrast,NEH,11799,11799,True
Ta200_20_4,1,2020301210,Contrast,NEH-TBKK2,11773,11773,True
Ta200_20_4,1,2020301210,Contrast,KK2-style-NEH,11815,11815,True
Ta200_20_4,1,2020301210,Contrast,FRB4-p1,11648,11648,True
Ta200_20_4,1,2020301210,Contrast,INEH-inspired,11667,11667,True
Ta200_20_4,2,2020302219,Elite-only,NEH,11736,11736,True
Ta200_20_4,2,2020302219,Elite-only,NEH-TBKK2,11750,11750,True
Ta200_20_4,2,2020302219,Elite-only,KK2-style-NEH,11883,11883,True
Ta200_20_4,2,2020302219,Elite-only,FRB4-p1,11728,11728,True
Ta200_20_4,2,2020302219,Elite-only,INEH-inspired,11659,11659,True
Ta200_20_4,2,2020302219,Contrast,NEH,11756,11756,True
Ta200_20_4,2,2020302219,Contrast,NEH-TBKK2,11760,11760,True
Ta200_20_4,2,2020302219,Contrast,KK2-style-NEH,11841,11841,True
Ta200_20_4,2,2020302219,Contrast,FRB4-p1,11706,11706,True
Ta200_20_4,2,2020302219,Contrast,INEH-inspired,11763,11763,True
Ta200_20_4,3,2020303228,Elite-only,NEH,11780,11780,True
Ta200_20_4,3,2020303228,Elite-only,NEH-TBKK2,11717,11717,True
Ta200_20_4,3,2020303228,Elite-only,KK2-style-NEH,11895,11895,True
Ta200_20_4,3,2020303228,Elite-only,FRB4-p1,11620,11620,True
Ta200_20_4,3,2020303228,Elite-only,INEH-inspired,11707,11707,True
Ta200_20_4,3,2020303228,Contrast,NEH,11823,11823,True
Ta200_20_4,3,2020303228,Contrast,NEH-TBKK2,11759,11759,True
Ta200_20_4,3,2020303228,Contrast,KK2-style-NEH,11841,11841,True
Ta200_20_4,3,2020303228,Contrast,FRB4-p1,11684,11684,True
Ta200_20_4,3,2020303228,Contrast,INEH-inspired,11670,11670,True
Ta200_20_4,4,2020304237,Elite-only,NEH,11764,11764,True
Ta200_20_4,4,2020304237,Elite-only,NEH-TBKK2,11783,11783,True
Ta200_20_4,4,2020304237,Elite-only,KK2-style-NEH,11895,11895,True
Ta200_20_4,4,2020304237,Elite-only,FRB4-p1,11575,11575,True
Ta200_20_4,4,2020304237,Elite-only,INEH-inspired,11707,11707,True
Ta200_20_4,4,2020304237,Contrast,NEH,11736,11736,True
Ta200_20_4,4,2020304237,Contrast,NEH-TBKK2,11773,11773,True
Ta200_20_4,4,2020304237,Contrast,KK2-style-NEH,11841,11841,True
Ta200_20_4,4,2020304237,Contrast,FRB4-p1,11584,11584,True
Ta200_20_4,4,2020304237,Contrast,INEH-inspired,11684,11684,True
Ta200_20_4,5,2020305246,Elite-only,NEH,11764,11764,True
Ta200_20_4,5,2020305246,Elite-only,NEH-TBKK2,11748,11748,True
Ta200_20_4,5,2020305246,Elite-only,KK2-style-NEH,11898,11898,True
Ta200_20_4,5,2020305246,Elite-only,FRB4-p1,11645,11645,True
Ta200_20_4,5,2020305246,Elite-only,INEH-inspired,11753,11753,True
Ta200_20_4,5,2020305246,Contrast,NEH,11779,11779,True
Ta200_20_4,5,2020305246,Contrast,NEH-TBKK2,11759,11759,True
Ta200_20_4,5,2020305246,Contrast,KK2-style-NEH,11898,11898,True
Ta200_20_4,5,2020305246,Contrast,FRB4-p1,11679,11679,True
Ta200_20_4,5,2020305246,Contrast,INEH-inspired,11742,11742,True
Ta200_20_5,1,2020401210,Elite-only,NEH,11620,11620,True
Ta200_20_5,1,2020401210,Elite-only,NEH-TBKK2,11709,11709,True
Ta200_20_5,1,2020401210,Elite-only,KK2-style-NEH,11790,11790,True
Ta200_20_5,1,2020401210,Elite-only,FRB4-p1,11497,11497,True
Ta200_20_5,1,2020401210,Elite-only,INEH-inspired,11677,11677,True
Ta200_20_5,1,2020401210,Contrast,NEH,11620,11620,True
Ta200_20_5,1,2020401210,Contrast,NEH-TBKK2,11628,11628,True
Ta200_20_5,1,2020401210,Contrast,KK2-style-NEH,11790,11790,True
Ta200_20_5,1,2020401210,Contrast,FRB4-p1,11498,11498,True
Ta200_20_5,1,2020401210,Contrast,INEH-inspired,11694,11694,True
Ta200_20_5,2,2020402219,Elite-only,NEH,11624,11624,True
Ta200_20_5,2,2020402219,Elite-only,NEH-TBKK2,11709,11709,True
Ta200_20_5,2,2020402219,Elite-only,KK2-style-NEH,11790,11790,True
Ta200_20_5,2,2020402219,Elite-only,FRB4-p1,11563,11563,True
Ta200_20_5,2,2020402219,Elite-only,INEH-inspired,11628,11628,True
Ta200_20_5,2,2020402219,Contrast,NEH,11621,11621,True
Ta200_20_5,2,2020402219,Contrast,NEH-TBKK2,11584,11584,True
Ta200_20_5,2,2020402219,Contrast,KK2-style-NEH,11790,11790,True
Ta200_20_5,2,2020402219,Contrast,FRB4-p1,11560,11560,True
Ta200_20_5,2,2020402219,Contrast,INEH-inspired,11599,11599,True
Ta200_20_5,3,2020403228,Elite-only,NEH,11695,11695,True
Ta200_20_5,3,2020403228,Elite-only,NEH-TBKK2,11706,11706,True
Ta200_20_5,3,2020403228,Elite-only,KK2-style-NEH,11790,11790,True
Ta200_20_5,3,2020403228,Elite-only,FRB4-p1,11601,11601,True
Ta200_20_5,3,2020403228,Elite-only,INEH-inspired,11633,11633,True
Ta200_20_5,3,2020403228,Contrast,NEH,11621,11621,True
Ta200_20_5,3,2020403228,Contrast,NEH-TBKK2,11595,11595,True
Ta200_20_5,3,2020403228,Contrast,KK2-style-NEH,11790,11790,True
Ta200_20_5,3,2020403228,Contrast,FRB4-p1,11580,11580,True
Ta200_20_5,3,2020403228,Contrast,INEH-inspired,11618,11618,True
Ta200_20_5,4,2020404237,Elite-only,NEH,11695,11695,True
Ta200_20_5,4,2020404237,Elite-only,NEH-TBKK2,11658,11658,True
Ta200_20_5,4,2020404237,Elite-only,KK2-style-NEH,11874,11874,True
Ta200_20_5,4,2020404237,Elite-only,FRB4-p1,11593,11593,True
Ta200_20_5,4,2020404237,Elite-only,INEH-inspired,11619,11619,True
Ta200_20_5,4,2020404237,Contrast,NEH,11611,11611,True
Ta200_20_5,4,2020404237,Contrast,NEH-TBKK2,11617,11617,True
Ta200_20_5,4,2020404237,Contrast,KK2-style-NEH,11790,11790,True
Ta200_20_5,4,2020404237,Contrast,FRB4-p1,11597,11597,True
Ta200_20_5,4,2020404237,Contrast,INEH-inspired,11686,11686,True
Ta200_20_5,5,2020405246,Elite-only,NEH,11624,11624,True
Ta200_20_5,5,2020405246,Elite-only,NEH-TBKK2,11709,11709,True
Ta200_20_5,5,2020405246,Elite-only,KK2-style-NEH,11790,11790,True
Ta200_20_5,5,2020405246,Elite-only,FRB4-p1,11547,11547,True
Ta200_20_5,5,2020405246,Elite-only,INEH-inspired,11633,11633,True
Ta200_20_5,5,2020405246,Contrast,NEH,11638,11638,True
Ta200_20_5,5,2020405246,Contrast,NEH-TBKK2,11686,11686,True
Ta200_20_5,5,2020405246,Contrast,KK2-style-NEH,11758,11758,True
Ta200_20_5,5,2020405246,Contrast,FRB4-p1,11508,11508,True
Ta200_20_5,5,2020405246,Contrast,INEH-inspired,11651,11651,True
Ta200_20_6,1,2020501210,Elite-only,NEH,11705,11705,True
Ta200_20_6,1,2020501210,Elite-only,NEH-TBKK2,11652,11652,True
Ta200_20_6,1,2020501210,Elite-only,KK2-style-NEH,11954,11954,True
Ta200_20_6,1,2020501210,Elite-only,FRB4-p1,11584,11584,True
Ta200_20_6,1,2020501210,Elite-only,INEH-inspired,11599,11599,True
Ta200_20_6,1,2020501210,Contrast,NEH,11626,11626,True
Ta200_20_6,1,2020501210,Contrast,NEH-TBKK2,11722,11722,True
Ta200_20_6,1,2020501210,Contrast,KK2-style-NEH,11944,11944,True
Ta200_20_6,1,2020501210,Contrast,FRB4-p1,11570,11570,True
Ta200_20_6,1,2020501210,Contrast,INEH-inspired,11690,11690,True
Ta200_20_6,2,2020502219,Elite-only,NEH,11641,11641,True
Ta200_20_6,2,2020502219,Elite-only,NEH-TBKK2,11736,11736,True
Ta200_20_6,2,2020502219,Elite-only,KK2-style-NEH,11944,11944,True
Ta200_20_6,2,2020502219,Elite-only,FRB4-p1,11628,11628,True
Ta200_20_6,2,2020502219,Elite-only,INEH-inspired,11678,11678,True
Ta200_20_6,2,2020502219,Contrast,NEH,11609,11609,True
Ta200_20_6,2,2020502219,Contrast,NEH-TBKK2,11711,11711,True
Ta200_20_6,2,2020502219,Contrast,KK2-style-NEH,11944,11944,True
Ta200_20_6,2,2020502219,Contrast,FRB4-p1,11581,11581,True
Ta200_20_6,2,2020502219,Contrast,INEH-inspired,11658,11658,True
Ta200_20_6,3,2020503228,Elite-only,NEH,11623,11623,True
Ta200_20_6,3,2020503228,Elite-only,NEH-TBKK2,11736,11736,True
Ta200_20_6,3,2020503228,Elite-only,KK2-style-NEH,11991,11991,True
Ta200_20_6,3,2020503228,Elite-only,FRB4-p1,11506,11506,True
Ta200_20_6,3,2020503228,Elite-only,INEH-inspired,11647,11647,True
Ta200_20_6,3,2020503228,Contrast,NEH,11609,11609,True
Ta200_20_6,3,2020503228,Contrast,NEH-TBKK2,11682,11682,True
Ta200_20_6,3,2020503228,Contrast,KK2-style-NEH,11939,11939,True
Ta200_20_6,3,2020503228,Contrast,FRB4-p1,11496,11496,True
Ta200_20_6,3,2020503228,Contrast,INEH-inspired,11718,11718,True
Ta200_20_6,4,2020504237,Elite-only,NEH,11641,11641,True
Ta200_20_6,4,2020504237,Elite-only,NEH-TBKK2,11651,11651,True
Ta200_20_6,4,2020504237,Elite-only,KK2-style-NEH,11954,11954,True
Ta200_20_6,4,2020504237,Elite-only,FRB4-p1,11576,11576,True
Ta200_20_6,4,2020504237,Elite-only,INEH-inspired,11726,11726,True
Ta200_20_6,4,2020504237,Contrast,NEH,11680,11680,True
Ta200_20_6,4,2020504237,Contrast,NEH-TBKK2,11651,11651,True
Ta200_20_6,4,2020504237,Contrast,KK2-style-NEH,11939,11939,True
Ta200_20_6,4,2020504237,Contrast,FRB4-p1,11580,11580,True
Ta200_20_6,4,2020504237,Contrast,INEH-inspired,11628,11628,True
Ta200_20_6,5,2020505246,Elite-only,NEH,11641,11641,True
Ta200_20_6,5,2020505246,Elite-only,NEH-TBKK2,11736,11736,True
Ta200_20_6,5,2020505246,Elite-only,KK2-style-NEH,11954,11954,True
Ta200_20_6,5,2020505246,Elite-only,FRB4-p1,11546,11546,True
Ta200_20_6,5,2020505246,Elite-only,INEH-inspired,11616,11616,True
Ta200_20_6,5,2020505246,Contrast,NEH,11641,11641,True
Ta200_20_6,5,2020505246,Contrast,NEH-TBKK2,11736,11736,True
Ta200_20_6,5,2020505246,Contrast,KK2-style-NEH,11931,11931,True
Ta200_20_6,5,2020505246,Contrast,FRB4-p1,11565,11565,True
Ta200_20_6,5,2020505246,Contrast,INEH-inspired,11578,11578,True
Ta200_20_7,1,2020601210,Elite-only,NEH,11758,11758,True
Ta200_20_7,1,2020601210,Elite-only,NEH-TBKK2,11793,11793,True
Ta200_20_7,1,2020601210,Elite-only,KK2-style-NEH,12076,12076,True
Ta200_20_7,1,2020601210,Elite-only,FRB4-p1,11740,11740,True
Ta200_20_7,1,2020601210,Elite-only,INEH-inspired,11799,11799,True
Ta200_20_7,1,2020601210,Contrast,NEH,11785,11785,True
Ta200_20_7,1,2020601210,Contrast,NEH-TBKK2,11834,11834,True
Ta200_20_7,1,2020601210,Contrast,KK2-style-NEH,11953,11953,True
Ta200_20_7,1,2020601210,Contrast,FRB4-p1,11702,11702,True
Ta200_20_7,1,2020601210,Contrast,INEH-inspired,11817,11817,True
Ta200_20_7,2,2020602219,Elite-only,NEH,11826,11826,True
Ta200_20_7,2,2020602219,Elite-only,NEH-TBKK2,11773,11773,True
Ta200_20_7,2,2020602219,Elite-only,KK2-style-NEH,12074,12074,True
Ta200_20_7,2,2020602219,Elite-only,FRB4-p1,11673,11673,True
Ta200_20_7,2,2020602219,Elite-only,INEH-inspired,11772,11772,True
Ta200_20_7,2,2020602219,Contrast,NEH,11827,11827,True
Ta200_20_7,2,2020602219,Contrast,NEH-TBKK2,11877,11877,True
Ta200_20_7,2,2020602219,Contrast,KK2-style-NEH,11958,11958,True
Ta200_20_7,2,2020602219,Contrast,FRB4-p1,11683,11683,True
Ta200_20_7,2,2020602219,Contrast,INEH-inspired,11875,11875,True
Ta200_20_7,3,2020603228,Elite-only,NEH,11841,11841,True
Ta200_20_7,3,2020603228,Elite-only,NEH-TBKK2,11793,11793,True
Ta200_20_7,3,2020603228,Elite-only,KK2-style-NEH,12031,12031,True
Ta200_20_7,3,2020603228,Elite-only,FRB4-p1,11670,11670,True
Ta200_20_7,3,2020603228,Elite-only,INEH-inspired,11839,11839,True
Ta200_20_7,3,2020603228,Contrast,NEH,11824,11824,True
Ta200_20_7,3,2020603228,Contrast,NEH-TBKK2,11803,11803,True
Ta200_20_7,3,2020603228,Contrast,KK2-style-NEH,11990,11990,True
Ta200_20_7,3,2020603228,Contrast,FRB4-p1,11749,11749,True
Ta200_20_7,3,2020603228,Contrast,INEH-inspired,11838,11838,True
Ta200_20_7,4,2020604237,Elite-only,NEH,11905,11905,True
Ta200_20_7,4,2020604237,Elite-only,NEH-TBKK2,11834,11834,True
Ta200_20_7,4,2020604237,Elite-only,KK2-style-NEH,12031,12031,True
Ta200_20_7,4,2020604237,Elite-only,FRB4-p1,11683,11683,True
Ta200_20_7,4,2020604237,Elite-only,INEH-inspired,11775,11775,True
Ta200_20_7,4,2020604237,Contrast,NEH,11772,11772,True
Ta200_20_7,4,2020604237,Contrast,NEH-TBKK2,11834,11834,True
Ta200_20_7,4,2020604237,Contrast,KK2-style-NEH,11953,11953,True
Ta200_20_7,4,2020604237,Contrast,FRB4-p1,11639,11639,True
Ta200_20_7,4,2020604237,Contrast,INEH-inspired,11804,11804,True
Ta200_20_7,5,2020605246,Elite-only,NEH,11793,11793,True
Ta200_20_7,5,2020605246,Elite-only,NEH-TBKK2,11898,11898,True
Ta200_20_7,5,2020605246,Elite-only,KK2-style-NEH,12031,12031,True
Ta200_20_7,5,2020605246,Elite-only,FRB4-p1,11712,11712,True
Ta200_20_7,5,2020605246,Elite-only,INEH-inspired,11821,11821,True
Ta200_20_7,5,2020605246,Contrast,NEH,11905,11905,True
Ta200_20_7,5,2020605246,Contrast,NEH-TBKK2,11879,11879,True
Ta200_20_7,5,2020605246,Contrast,KK2-style-NEH,11953,11953,True
Ta200_20_7,5,2020605246,Contrast,FRB4-p1,11709,11709,True
Ta200_20_7,5,2020605246,Contrast,INEH-inspired,11832,11832,True
Ta200_20_8,1,2020701210,Elite-only,NEH,11764,11764,True
Ta200_20_8,1,2020701210,Elite-only,NEH-TBKK2,11859,11859,True
Ta200_20_8,1,2020701210,Elite-only,KK2-style-NEH,11962,11962,True
Ta200_20_8,1,2020701210,Elite-only,FRB4-p1,11733,11733,True
Ta200_20_8,1,2020701210,Elite-only,INEH-inspired,11791,11791,True
Ta200_20_8,1,2020701210,Contrast,NEH,11806,11806,True
Ta200_20_8,1,2020701210,Contrast,NEH-TBKK2,11749,11749,True
Ta200_20_8,1,2020701210,Contrast,KK2-style-NEH,11955,11955,True
Ta200_20_8,1,2020701210,Contrast,FRB4-p1,11734,11734,True
Ta200_20_8,1,2020701210,Contrast,INEH-inspired,11734,11734,True
Ta200_20_8,2,2020702219,Elite-only,NEH,11856,11856,True
Ta200_20_8,2,2020702219,Elite-only,NEH-TBKK2,11792,11792,True
Ta200_20_8,2,2020702219,Elite-only,KK2-style-NEH,11923,11923,True
Ta200_20_8,2,2020702219,Elite-only,FRB4-p1,11676,11676,True
Ta200_20_8,2,2020702219,Elite-only,INEH-inspired,11776,11776,True
Ta200_20_8,2,2020702219,Contrast,NEH,11858,11858,True
Ta200_20_8,2,2020702219,Contrast,NEH-TBKK2,11797,11797,True
Ta200_20_8,2,2020702219,Contrast,KK2-style-NEH,11989,11989,True
Ta200_20_8,2,2020702219,Contrast,FRB4-p1,11700,11700,True
Ta200_20_8,2,2020702219,Contrast,INEH-inspired,11796,11796,True
Ta200_20_8,3,2020703228,Elite-only,NEH,11786,11786,True
Ta200_20_8,3,2020703228,Elite-only,NEH-TBKK2,11800,11800,True
Ta200_20_8,3,2020703228,Elite-only,KK2-style-NEH,12083,12083,True
Ta200_20_8,3,2020703228,Elite-only,FRB4-p1,11717,11717,True
Ta200_20_8,3,2020703228,Elite-only,INEH-inspired,11768,11768,True
Ta200_20_8,3,2020703228,Contrast,NEH,11887,11887,True
Ta200_20_8,3,2020703228,Contrast,NEH-TBKK2,11800,11800,True
Ta200_20_8,3,2020703228,Contrast,KK2-style-NEH,11952,11952,True
Ta200_20_8,3,2020703228,Contrast,FRB4-p1,11714,11714,True
Ta200_20_8,3,2020703228,Contrast,INEH-inspired,11765,11765,True
Ta200_20_8,4,2020704237,Elite-only,NEH,11788,11788,True
Ta200_20_8,4,2020704237,Elite-only,NEH-TBKK2,11810,11810,True
Ta200_20_8,4,2020704237,Elite-only,KK2-style-NEH,12027,12027,True
Ta200_20_8,4,2020704237,Elite-only,FRB4-p1,11737,11737,True
Ta200_20_8,4,2020704237,Elite-only,INEH-inspired,11713,11713,True
Ta200_20_8,4,2020704237,Contrast,NEH,11868,11868,True
Ta200_20_8,4,2020704237,Contrast,NEH-TBKK2,11758,11758,True
Ta200_20_8,4,2020704237,Contrast,KK2-style-NEH,11986,11986,True
Ta200_20_8,4,2020704237,Contrast,FRB4-p1,11720,11720,True
Ta200_20_8,4,2020704237,Contrast,INEH-inspired,11828,11828,True
Ta200_20_8,5,2020705246,Elite-only,NEH,11851,11851,True
Ta200_20_8,5,2020705246,Elite-only,NEH-TBKK2,11800,11800,True
Ta200_20_8,5,2020705246,Elite-only,KK2-style-NEH,12108,12108,True
Ta200_20_8,5,2020705246,Elite-only,FRB4-p1,11728,11728,True
Ta200_20_8,5,2020705246,Elite-only,INEH-inspired,11729,11729,True
Ta200_20_8,5,2020705246,Contrast,NEH,11857,11857,True
Ta200_20_8,5,2020705246,Contrast,NEH-TBKK2,11843,11843,True
Ta200_20_8,5,2020705246,Contrast,KK2-style-NEH,12027,12027,True
Ta200_20_8,5,2020705246,Contrast,FRB4-p1,11786,11786,True
Ta200_20_8,5,2020705246,Contrast,INEH-inspired,11796,11796,True
Ta200_20_9,1,2020801210,Elite-only,NEH,11670,11670,True
Ta200_20_9,1,2020801210,Elite-only,NEH-TBKK2,11639,11639,True
Ta200_20_9,1,2020801210,Elite-only,KK2-style-NEH,11874,11874,True
Ta200_20_9,1,2020801210,Elite-only,FRB4-p1,11546,11546,True
Ta200_20_9,1,2020801210,Elite-only,INEH-inspired,11651,11651,True
Ta200_20_9,1,2020801210,Contrast,NEH,11685,11685,True
Ta200_20_9,1,2020801210,Contrast,NEH-TBKK2,11718,11718,True
Ta200_20_9,1,2020801210,Contrast,KK2-style-NEH,11875,11875,True
Ta200_20_9,1,2020801210,Contrast,FRB4-p1,11570,11570,True
Ta200_20_9,1,2020801210,Contrast,INEH-inspired,11678,11678,True
Ta200_20_9,2,2020802219,Elite-only,NEH,11651,11651,True
Ta200_20_9,2,2020802219,Elite-only,NEH-TBKK2,11673,11673,True
Ta200_20_9,2,2020802219,Elite-only,KK2-style-NEH,11885,11885,True
Ta200_20_9,2,2020802219,Elite-only,FRB4-p1,11625,11625,True
Ta200_20_9,2,2020802219,Elite-only,INEH-inspired,11685,11685,True
Ta200_20_9,2,2020802219,Contrast,NEH,11651,11651,True
Ta200_20_9,2,2020802219,Contrast,NEH-TBKK2,11682,11682,True
Ta200_20_9,2,2020802219,Contrast,KK2-style-NEH,11876,11876,True
Ta200_20_9,2,2020802219,Contrast,FRB4-p1,11558,11558,True
Ta200_20_9,2,2020802219,Contrast,INEH-inspired,11605,11605,True
Ta200_20_9,3,2020803228,Elite-only,NEH,11664,11664,True
Ta200_20_9,3,2020803228,Elite-only,NEH-TBKK2,11690,11690,True
Ta200_20_9,3,2020803228,Elite-only,KK2-style-NEH,11851,11851,True
Ta200_20_9,3,2020803228,Elite-only,FRB4-p1,11584,11584,True
Ta200_20_9,3,2020803228,Elite-only,INEH-inspired,11605,11605,True
Ta200_20_9,3,2020803228,Contrast,NEH,11652,11652,True
Ta200_20_9,3,2020803228,Contrast,NEH-TBKK2,11679,11679,True
Ta200_20_9,3,2020803228,Contrast,KK2-style-NEH,11896,11896,True
Ta200_20_9,3,2020803228,Contrast,FRB4-p1,11597,11597,True
Ta200_20_9,3,2020803228,Contrast,INEH-inspired,11694,11694,True
Ta200_20_9,4,2020804237,Elite-only,NEH,11620,11620,True
Ta200_20_9,4,2020804237,Elite-only,NEH-TBKK2,11561,11561,True
Ta200_20_9,4,2020804237,Elite-only,KK2-style-NEH,11786,11786,True
Ta200_20_9,4,2020804237,Elite-only,FRB4-p1,11570,11570,True
Ta200_20_9,4,2020804237,Elite-only,INEH-inspired,11669,11669,True
Ta200_20_9,4,2020804237,Contrast,NEH,11671,11671,True
Ta200_20_9,4,2020804237,Contrast,NEH-TBKK2,11561,11561,True
Ta200_20_9,4,2020804237,Contrast,KK2-style-NEH,11775,11775,True
Ta200_20_9,4,2020804237,Contrast,FRB4-p1,11551,11551,True
Ta200_20_9,4,2020804237,Contrast,INEH-inspired,11627,11627,True
Ta200_20_9,5,2020805246,Elite-only,NEH,11651,11651,True
Ta200_20_9,5,2020805246,Elite-only,NEH-TBKK2,11561,11561,True
Ta200_20_9,5,2020805246,Elite-only,KK2-style-NEH,11786,11786,True
Ta200_20_9,5,2020805246,Elite-only,FRB4-p1,11610,11610,True
Ta200_20_9,5,2020805246,Elite-only,INEH-inspired,11698,11698,True
Ta200_20_9,5,2020805246,Contrast,NEH,11673,11673,True
Ta200_20_9,5,2020805246,Contrast,NEH-TBKK2,11666,11666,True
Ta200_20_9,5,2020805246,Contrast,KK2-style-NEH,11743,11743,True
Ta200_20_9,5,2020805246,Contrast,FRB4-p1,11571,11571,True
Ta200_20_9,5,2020805246,Contrast,INEH-inspired,11683,11683,True
Ta200_20_10,1,2020901210,Elite-only,NEH,11792,11792,True
Ta200_20_10,1,2020901210,Elite-only,NEH-TBKK2,11777,11777,True
Ta200_20_10,1,2020901210,Elite-only,KK2-style-NEH,11921,11921,True
Ta200_20_10,1,2020901210,Elite-only,FRB4-p1,11659,11659,True
Ta200_20_10,1,2020901210,Elite-only,INEH-inspired,11726,11726,True
Ta200_20_10,1,2020901210,Contrast,NEH,11807,11807,True
Ta200_20_10,1,2020901210,Contrast,NEH-TBKK2,11777,11777,True
Ta200_20_10,1,2020901210,Contrast,KK2-style-NEH,11903,11903,True
Ta200_20_10,1,2020901210,Contrast,FRB4-p1,11724,11724,True
Ta200_20_10,1,2020901210,Contrast,INEH-inspired,11743,11743,True
Ta200_20_10,2,2020902219,Elite-only,NEH,11792,11792,True
Ta200_20_10,2,2020902219,Elite-only,NEH-TBKK2,11777,11777,True
Ta200_20_10,2,2020902219,Elite-only,KK2-style-NEH,11913,11913,True
Ta200_20_10,2,2020902219,Elite-only,FRB4-p1,11656,11656,True
Ta200_20_10,2,2020902219,Elite-only,INEH-inspired,11788,11788,True
Ta200_20_10,2,2020902219,Contrast,NEH,11793,11793,True
Ta200_20_10,2,2020902219,Contrast,NEH-TBKK2,11780,11780,True
Ta200_20_10,2,2020902219,Contrast,KK2-style-NEH,11940,11940,True
Ta200_20_10,2,2020902219,Contrast,FRB4-p1,11747,11747,True
Ta200_20_10,2,2020902219,Contrast,INEH-inspired,11708,11708,True
Ta200_20_10,3,2020903228,Elite-only,NEH,11788,11788,True
Ta200_20_10,3,2020903228,Elite-only,NEH-TBKK2,11808,11808,True
Ta200_20_10,3,2020903228,Elite-only,KK2-style-NEH,11958,11958,True
Ta200_20_10,3,2020903228,Elite-only,FRB4-p1,11669,11669,True
Ta200_20_10,3,2020903228,Elite-only,INEH-inspired,11703,11703,True
Ta200_20_10,3,2020903228,Contrast,NEH,11792,11792,True
Ta200_20_10,3,2020903228,Contrast,NEH-TBKK2,11755,11755,True
Ta200_20_10,3,2020903228,Contrast,KK2-style-NEH,11859,11859,True
Ta200_20_10,3,2020903228,Contrast,FRB4-p1,11645,11645,True
Ta200_20_10,3,2020903228,Contrast,INEH-inspired,11693,11693,True
Ta200_20_10,4,2020904237,Elite-only,NEH,11744,11744,True
Ta200_20_10,4,2020904237,Elite-only,NEH-TBKK2,11808,11808,True
Ta200_20_10,4,2020904237,Elite-only,KK2-style-NEH,11855,11855,True
Ta200_20_10,4,2020904237,Elite-only,FRB4-p1,11654,11654,True
Ta200_20_10,4,2020904237,Elite-only,INEH-inspired,11797,11797,True
Ta200_20_10,4,2020904237,Contrast,NEH,11807,11807,True
Ta200_20_10,4,2020904237,Contrast,NEH-TBKK2,11755,11755,True
Ta200_20_10,4,2020904237,Contrast,KK2-style-NEH,11882,11882,True
Ta200_20_10,4,2020904237,Contrast,FRB4-p1,11623,11623,True
Ta200_20_10,4,2020904237,Contrast,INEH-inspired,11766,11766,True
Ta200_20_10,5,2020905246,Elite-only,NEH,11860,11860,True
Ta200_20_10,5,2020905246,Elite-only,NEH-TBKK2,11808,11808,True
Ta200_20_10,5,2020905246,Elite-only,KK2-style-NEH,11933,11933,True
Ta200_20_10,5,2020905246,Elite-only,FRB4-p1,11697,11697,True
Ta200_20_10,5,2020905246,Elite-only,INEH-inspired,11746,11746,True
Ta200_20_10,5,2020905246,Contrast,NEH,11792,11792,True
Ta200_20_10,5,2020905246,Contrast,NEH-TBKK2,11755,11755,True
Ta200_20_10,5,2020905246,Contrast,KK2-style-NEH,11855,11855,True
Ta200_20_10,5,2020905246,Contrast,FRB4-p1,11663,11663,True
Ta200_20_10,5,2020905246,Contrast,INEH-inspired,11651,11651,True
VFR100_20_1,1,1120201210,Elite-only,NEH,6588,6588,True
VFR100_20_1,1,1120201210,Elite-only,NEH-TBKK2,6533,6533,True
VFR100_20_1,1,1120201210,Elite-only,KK2-style-NEH,6706,6706,True
VFR100_20_1,1,1120201210,Elite-only,FRB4-p1,6468,6468,True
VFR100_20_1,1,1120201210,Elite-only,INEH-inspired,6529,6529,True
VFR100_20_1,1,1120201210,Contrast,NEH,6588,6588,True
VFR100_20_1,1,1120201210,Contrast,NEH-TBKK2,6533,6533,True
VFR100_20_1,1,1120201210,Contrast,KK2-style-NEH,6706,6706,True
VFR100_20_1,1,1120201210,Contrast,FRB4-p1,6524,6524,True
VFR100_20_1,1,1120201210,Contrast,INEH-inspired,6513,6513,True
VFR100_20_1,2,1120202219,Elite-only,NEH,6588,6588,True
VFR100_20_1,2,1120202219,Elite-only,NEH-TBKK2,6533,6533,True
VFR100_20_1,2,1120202219,Elite-only,KK2-style-NEH,6706,6706,True
VFR100_20_1,2,1120202219,Elite-only,FRB4-p1,6502,6502,True
VFR100_20_1,2,1120202219,Elite-only,INEH-inspired,6524,6524,True
VFR100_20_1,2,1120202219,Contrast,NEH,6615,6615,True
VFR100_20_1,2,1120202219,Contrast,NEH-TBKK2,6533,6533,True
VFR100_20_1,2,1120202219,Contrast,KK2-style-NEH,6706,6706,True
VFR100_20_1,2,1120202219,Contrast,FRB4-p1,6447,6447,True
VFR100_20_1,2,1120202219,Contrast,INEH-inspired,6482,6482,True
VFR100_20_1,3,1120203228,Elite-only,NEH,6588,6588,True
VFR100_20_1,3,1120203228,Elite-only,NEH-TBKK2,6533,6533,True
VFR100_20_1,3,1120203228,Elite-only,KK2-style-NEH,6706,6706,True
VFR100_20_1,3,1120203228,Elite-only,FRB4-p1,6468,6468,True
VFR100_20_1,3,1120203228,Elite-only,INEH-inspired,6542,6542,True
VFR100_20_1,3,1120203228,Contrast,NEH,6588,6588,True
VFR100_20_1,3,1120203228,Contrast,NEH-TBKK2,6552,6552,True
VFR100_20_1,3,1120203228,Contrast,KK2-style-NEH,6706,6706,True
VFR100_20_1,3,1120203228,Contrast,FRB4-p1,6421,6421,True
VFR100_20_1,3,1120203228,Contrast,INEH-inspired,6538,6538,True
VFR100_20_1,4,1120204237,Elite-only,NEH,6615,6615,True
VFR100_20_1,4,1120204237,Elite-only,NEH-TBKK2,6533,6533,True
VFR100_20_1,4,1120204237,Elite-only,KK2-style-NEH,6706,6706,True
VFR100_20_1,4,1120204237,Elite-only,FRB4-p1,6515,6515,True
VFR100_20_1,4,1120204237,Elite-only,INEH-inspired,6549,6549,True
VFR100_20_1,4,1120204237,Contrast,NEH,6588,6588,True
VFR100_20_1,4,1120204237,Contrast,NEH-TBKK2,6533,6533,True
VFR100_20_1,4,1120204237,Contrast,KK2-style-NEH,6706,6706,True
VFR100_20_1,4,1120204237,Contrast,FRB4-p1,6502,6502,True
VFR100_20_1,4,1120204237,Contrast,INEH-inspired,6576,6576,True
VFR100_20_1,5,1120205246,Elite-only,NEH,6588,6588,True
VFR100_20_1,5,1120205246,Elite-only,NEH-TBKK2,6533,6533,True
VFR100_20_1,5,1120205246,Elite-only,KK2-style-NEH,6706,6706,True
VFR100_20_1,5,1120205246,Elite-only,FRB4-p1,6495,6495,True
VFR100_20_1,5,1120205246,Elite-only,INEH-inspired,6538,6538,True
VFR100_20_1,5,1120205246,Contrast,NEH,6588,6588,True
VFR100_20_1,5,1120205246,Contrast,NEH-TBKK2,6533,6533,True
VFR100_20_1,5,1120205246,Contrast,KK2-style-NEH,6706,6706,True
VFR100_20_1,5,1120205246,Contrast,FRB4-p1,6474,6474,True
VFR100_20_1,5,1120205246,Contrast,INEH-inspired,6510,6510,True
VFR100_20_2,1,1120301210,Elite-only,NEH,6678,6678,True
VFR100_20_2,1,1120301210,Elite-only,NEH-TBKK2,6636,6636,True
VFR100_20_2,1,1120301210,Elite-only,KK2-style-NEH,6770,6770,True
VFR100_20_2,1,1120301210,Elite-only,FRB4-p1,6577,6577,True
VFR100_20_2,1,1120301210,Elite-only,INEH-inspired,6609,6609,True
VFR100_20_2,1,1120301210,Contrast,NEH,6678,6678,True
VFR100_20_2,1,1120301210,Contrast,NEH-TBKK2,6640,6640,True
VFR100_20_2,1,1120301210,Contrast,KK2-style-NEH,6815,6815,True
VFR100_20_2,1,1120301210,Contrast,FRB4-p1,6571,6571,True
VFR100_20_2,1,1120301210,Contrast,INEH-inspired,6627,6627,True
VFR100_20_2,2,1120302219,Elite-only,NEH,6678,6678,True
VFR100_20_2,2,1120302219,Elite-only,NEH-TBKK2,6636,6636,True
VFR100_20_2,2,1120302219,Elite-only,KK2-style-NEH,6800,6800,True
VFR100_20_2,2,1120302219,Elite-only,FRB4-p1,6599,6599,True
VFR100_20_2,2,1120302219,Elite-only,INEH-inspired,6621,6621,True
VFR100_20_2,2,1120302219,Contrast,NEH,6678,6678,True
VFR100_20_2,2,1120302219,Contrast,NEH-TBKK2,6644,6644,True
VFR100_20_2,2,1120302219,Contrast,KK2-style-NEH,6770,6770,True
VFR100_20_2,2,1120302219,Contrast,FRB4-p1,6544,6544,True
VFR100_20_2,2,1120302219,Contrast,INEH-inspired,6579,6579,True
VFR100_20_2,3,1120303228,Elite-only,NEH,6678,6678,True
VFR100_20_2,3,1120303228,Elite-only,NEH-TBKK2,6636,6636,True
VFR100_20_2,3,1120303228,Elite-only,KK2-style-NEH,6761,6761,True
VFR100_20_2,3,1120303228,Elite-only,FRB4-p1,6532,6532,True
VFR100_20_2,3,1120303228,Elite-only,INEH-inspired,6583,6583,True
VFR100_20_2,3,1120303228,Contrast,NEH,6678,6678,True
VFR100_20_2,3,1120303228,Contrast,NEH-TBKK2,6636,6636,True
VFR100_20_2,3,1120303228,Contrast,KK2-style-NEH,6761,6761,True
VFR100_20_2,3,1120303228,Contrast,FRB4-p1,6571,6571,True
VFR100_20_2,3,1120303228,Contrast,INEH-inspired,6586,6586,True
VFR100_20_2,4,1120304237,Elite-only,NEH,6730,6730,True
VFR100_20_2,4,1120304237,Elite-only,NEH-TBKK2,6644,6644,True
VFR100_20_2,4,1120304237,Elite-only,KK2-style-NEH,6800,6800,True
VFR100_20_2,4,1120304237,Elite-only,FRB4-p1,6523,6523,True
VFR100_20_2,4,1120304237,Elite-only,INEH-inspired,6560,6560,True
VFR100_20_2,4,1120304237,Contrast,NEH,6670,6670,True
VFR100_20_2,4,1120304237,Contrast,NEH-TBKK2,6644,6644,True
VFR100_20_2,4,1120304237,Contrast,KK2-style-NEH,6817,6817,True
VFR100_20_2,4,1120304237,Contrast,FRB4-p1,6529,6529,True
VFR100_20_2,4,1120304237,Contrast,INEH-inspired,6594,6594,True
VFR100_20_2,5,1120305246,Elite-only,NEH,6678,6678,True
VFR100_20_2,5,1120305246,Elite-only,NEH-TBKK2,6644,6644,True
VFR100_20_2,5,1120305246,Elite-only,KK2-style-NEH,6716,6716,True
VFR100_20_2,5,1120305246,Elite-only,FRB4-p1,6604,6604,True
VFR100_20_2,5,1120305246,Elite-only,INEH-inspired,6518,6518,True
VFR100_20_2,5,1120305246,Contrast,NEH,6678,6678,True
VFR100_20_2,5,1120305246,Contrast,NEH-TBKK2,6648,6648,True
VFR100_20_2,5,1120305246,Contrast,KK2-style-NEH,6817,6817,True
VFR100_20_2,5,1120305246,Contrast,FRB4-p1,6578,6578,True
VFR100_20_2,5,1120305246,Contrast,INEH-inspired,6583,6583,True
VFR100_20_3,1,1120401210,Elite-only,NEH,6568,6568,True
VFR100_20_3,1,1120401210,Elite-only,NEH-TBKK2,6594,6594,True
VFR100_20_3,1,1120401210,Elite-only,KK2-style-NEH,6632,6632,True
VFR100_20_3,1,1120401210,Elite-only,FRB4-p1,6540,6540,True
VFR100_20_3,1,1120401210,Elite-only,INEH-inspired,6525,6525,True
VFR100_20_3,1,1120401210,Contrast,NEH,6568,6568,True
VFR100_20_3,1,1120401210,Contrast,NEH-TBKK2,6594,6594,True
VFR100_20_3,1,1120401210,Contrast,KK2-style-NEH,6632,6632,True
VFR100_20_3,1,1120401210,Contrast,FRB4-p1,6502,6502,True
VFR100_20_3,1,1120401210,Contrast,INEH-inspired,6572,6572,True
VFR100_20_3,2,1120402219,Elite-only,NEH,6528,6528,True
VFR100_20_3,2,1120402219,Elite-only,NEH-TBKK2,6597,6597,True
VFR100_20_3,2,1120402219,Elite-only,KK2-style-NEH,6632,6632,True
VFR100_20_3,2,1120402219,Elite-only,FRB4-p1,6550,6550,True
VFR100_20_3,2,1120402219,Elite-only,INEH-inspired,6592,6592,True
VFR100_20_3,2,1120402219,Contrast,NEH,6568,6568,True
VFR100_20_3,2,1120402219,Contrast,NEH-TBKK2,6554,6554,True
VFR100_20_3,2,1120402219,Contrast,KK2-style-NEH,6699,6699,True
VFR100_20_3,2,1120402219,Contrast,FRB4-p1,6459,6459,True
VFR100_20_3,2,1120402219,Contrast,INEH-inspired,6503,6503,True
VFR100_20_3,3,1120403228,Elite-only,NEH,6528,6528,True
VFR100_20_3,3,1120403228,Elite-only,NEH-TBKK2,6574,6574,True
VFR100_20_3,3,1120403228,Elite-only,KK2-style-NEH,6629,6629,True
VFR100_20_3,3,1120403228,Elite-only,FRB4-p1,6495,6495,True
VFR100_20_3,3,1120403228,Elite-only,INEH-inspired,6509,6509,True
VFR100_20_3,3,1120403228,Contrast,NEH,6582,6582,True
VFR100_20_3,3,1120403228,Contrast,NEH-TBKK2,6594,6594,True
VFR100_20_3,3,1120403228,Contrast,KK2-style-NEH,6632,6632,True
VFR100_20_3,3,1120403228,Contrast,FRB4-p1,6526,6526,True
VFR100_20_3,3,1120403228,Contrast,INEH-inspired,6523,6523,True
VFR100_20_3,4,1120404237,Elite-only,NEH,6528,6528,True
VFR100_20_3,4,1120404237,Elite-only,NEH-TBKK2,6597,6597,True
VFR100_20_3,4,1120404237,Elite-only,KK2-style-NEH,6629,6629,True
VFR100_20_3,4,1120404237,Elite-only,FRB4-p1,6495,6495,True
VFR100_20_3,4,1120404237,Elite-only,INEH-inspired,6461,6461,True
VFR100_20_3,4,1120404237,Contrast,NEH,6568,6568,True
VFR100_20_3,4,1120404237,Contrast,NEH-TBKK2,6594,6594,True
VFR100_20_3,4,1120404237,Contrast,KK2-style-NEH,6632,6632,True
VFR100_20_3,4,1120404237,Contrast,FRB4-p1,6555,6555,True
VFR100_20_3,4,1120404237,Contrast,INEH-inspired,6509,6509,True
VFR100_20_3,5,1120405246,Elite-only,NEH,6528,6528,True
VFR100_20_3,5,1120405246,Elite-only,NEH-TBKK2,6597,6597,True
VFR100_20_3,5,1120405246,Elite-only,KK2-style-NEH,6632,6632,True
VFR100_20_3,5,1120405246,Elite-only,FRB4-p1,6493,6493,True
VFR100_20_3,5,1120405246,Elite-only,INEH-inspired,6534,6534,True
VFR100_20_3,5,1120405246,Contrast,NEH,6568,6568,True
VFR100_20_3,5,1120405246,Contrast,NEH-TBKK2,6594,6594,True
VFR100_20_3,5,1120405246,Contrast,KK2-style-NEH,6632,6632,True
VFR100_20_3,5,1120405246,Contrast,FRB4-p1,6488,6488,True
VFR100_20_3,5,1120405246,Contrast,INEH-inspired,6579,6579,True
VFR100_20_4,1,1120501210,Elite-only,NEH,6559,6559,True
VFR100_20_4,1,1120501210,Elite-only,NEH-TBKK2,6594,6594,True
VFR100_20_4,1,1120501210,Elite-only,KK2-style-NEH,6759,6759,True
VFR100_20_4,1,1120501210,Elite-only,FRB4-p1,6459,6459,True
VFR100_20_4,1,1120501210,Elite-only,INEH-inspired,6534,6534,True
VFR100_20_4,1,1120501210,Contrast,NEH,6608,6608,True
VFR100_20_4,1,1120501210,Contrast,NEH-TBKK2,6545,6545,True
VFR100_20_4,1,1120501210,Contrast,KK2-style-NEH,6692,6692,True
VFR100_20_4,1,1120501210,Contrast,FRB4-p1,6478,6478,True
VFR100_20_4,1,1120501210,Contrast,INEH-inspired,6520,6520,True
VFR100_20_4,2,1120502219,Elite-only,NEH,6572,6572,True
VFR100_20_4,2,1120502219,Elite-only,NEH-TBKK2,6595,6595,True
VFR100_20_4,2,1120502219,Elite-only,KK2-style-NEH,6692,6692,True
VFR100_20_4,2,1120502219,Elite-only,FRB4-p1,6472,6472,True
VFR100_20_4,2,1120502219,Elite-only,INEH-inspired,6493,6493,True
VFR100_20_4,2,1120502219,Contrast,NEH,6630,6630,True
VFR100_20_4,2,1120502219,Contrast,NEH-TBKK2,6568,6568,True
VFR100_20_4,2,1120502219,Contrast,KK2-style-NEH,6692,6692,True
VFR100_20_4,2,1120502219,Contrast,FRB4-p1,6504,6504,True
VFR100_20_4,2,1120502219,Contrast,INEH-inspired,6521,6521,True
VFR100_20_4,3,1120503228,Elite-only,NEH,6553,6553,True
VFR100_20_4,3,1120503228,Elite-only,NEH-TBKK2,6594,6594,True
VFR100_20_4,3,1120503228,Elite-only,KK2-style-NEH,6717,6717,True
VFR100_20_4,3,1120503228,Elite-only,FRB4-p1,6510,6510,True
VFR100_20_4,3,1120503228,Elite-only,INEH-inspired,6543,6543,True
VFR100_20_4,3,1120503228,Contrast,NEH,6608,6608,True
VFR100_20_4,3,1120503228,Contrast,NEH-TBKK2,6571,6571,True
VFR100_20_4,3,1120503228,Contrast,KK2-style-NEH,6692,6692,True
VFR100_20_4,3,1120503228,Contrast,FRB4-p1,6492,6492,True
VFR100_20_4,3,1120503228,Contrast,INEH-inspired,6545,6545,True
VFR100_20_4,4,1120504237,Elite-only,NEH,6554,6554,True
VFR100_20_4,4,1120504237,Elite-only,NEH-TBKK2,6562,6562,True
VFR100_20_4,4,1120504237,Elite-only,KK2-style-NEH,6692,6692,True
VFR100_20_4,4,1120504237,Elite-only,FRB4-p1,6501,6501,True
VFR100_20_4,4,1120504237,Elite-only,INEH-inspired,6529,6529,True
VFR100_20_4,4,1120504237,Contrast,NEH,6608,6608,True
VFR100_20_4,4,1120504237,Contrast,NEH-TBKK2,6562,6562,True
VFR100_20_4,4,1120504237,Contrast,KK2-style-NEH,6692,6692,True
VFR100_20_4,4,1120504237,Contrast,FRB4-p1,6532,6532,True
VFR100_20_4,4,1120504237,Contrast,INEH-inspired,6540,6540,True
VFR100_20_4,5,1120505246,Elite-only,NEH,6553,6553,True
VFR100_20_4,5,1120505246,Elite-only,NEH-TBKK2,6595,6595,True
VFR100_20_4,5,1120505246,Elite-only,KK2-style-NEH,6682,6682,True
VFR100_20_4,5,1120505246,Elite-only,FRB4-p1,6539,6539,True
VFR100_20_4,5,1120505246,Elite-only,INEH-inspired,6503,6503,True
VFR100_20_4,5,1120505246,Contrast,NEH,6608,6608,True
VFR100_20_4,5,1120505246,Contrast,NEH-TBKK2,6545,6545,True
VFR100_20_4,5,1120505246,Contrast,KK2-style-NEH,6686,6686,True
VFR100_20_4,5,1120505246,Contrast,FRB4-p1,6505,6505,True
VFR100_20_4,5,1120505246,Contrast,INEH-inspired,6542,6542,True
VFR100_20_5,1,1120601210,Elite-only,NEH,6700,6700,True
VFR100_20_5,1,1120601210,Elite-only,NEH-TBKK2,6642,6642,True
VFR100_20_5,1,1120601210,Elite-only,KK2-style-NEH,6709,6709,True
VFR100_20_5,1,1120601210,Elite-only,FRB4-p1,6559,6559,True
VFR100_20_5,1,1120601210,Elite-only,INEH-inspired,6626,6626,True
VFR100_20_5,1,1120601210,Contrast,NEH,6718,6718,True
VFR100_20_5,1,1120601210,Contrast,NEH-TBKK2,6642,6642,True
VFR100_20_5,1,1120601210,Contrast,KK2-style-NEH,6792,6792,True
VFR100_20_5,1,1120601210,Contrast,FRB4-p1,6577,6577,True
VFR100_20_5,1,1120601210,Contrast,INEH-inspired,6583,6583,True
VFR100_20_5,2,1120602219,Elite-only,NEH,6705,6705,True
VFR100_20_5,2,1120602219,Elite-only,NEH-TBKK2,6644,6644,True
VFR100_20_5,2,1120602219,Elite-only,KK2-style-NEH,6753,6753,True
VFR100_20_5,2,1120602219,Elite-only,FRB4-p1,6592,6592,True
VFR100_20_5,2,1120602219,Elite-only,INEH-inspired,6576,6576,True
VFR100_20_5,2,1120602219,Contrast,NEH,6718,6718,True
VFR100_20_5,2,1120602219,Contrast,NEH-TBKK2,6644,6644,True
VFR100_20_5,2,1120602219,Contrast,KK2-style-NEH,6792,6792,True
VFR100_20_5,2,1120602219,Contrast,FRB4-p1,6529,6529,True
VFR100_20_5,2,1120602219,Contrast,INEH-inspired,6612,6612,True
VFR100_20_5,3,1120603228,Elite-only,NEH,6718,6718,True
VFR100_20_5,3,1120603228,Elite-only,NEH-TBKK2,6644,6644,True
VFR100_20_5,3,1120603228,Elite-only,KK2-style-NEH,6753,6753,True
VFR100_20_5,3,1120603228,Elite-only,FRB4-p1,6567,6567,True
VFR100_20_5,3,1120603228,Elite-only,INEH-inspired,6570,6570,True
VFR100_20_5,3,1120603228,Contrast,NEH,6718,6718,True
VFR100_20_5,3,1120603228,Contrast,NEH-TBKK2,6644,6644,True
VFR100_20_5,3,1120603228,Contrast,KK2-style-NEH,6777,6777,True
VFR100_20_5,3,1120603228,Contrast,FRB4-p1,6542,6542,True
VFR100_20_5,3,1120603228,Contrast,INEH-inspired,6619,6619,True
VFR100_20_5,4,1120604237,Elite-only,NEH,6718,6718,True
VFR100_20_5,4,1120604237,Elite-only,NEH-TBKK2,6623,6623,True
VFR100_20_5,4,1120604237,Elite-only,KK2-style-NEH,6753,6753,True
VFR100_20_5,4,1120604237,Elite-only,FRB4-p1,6577,6577,True
VFR100_20_5,4,1120604237,Elite-only,INEH-inspired,6594,6594,True
VFR100_20_5,4,1120604237,Contrast,NEH,6718,6718,True
VFR100_20_5,4,1120604237,Contrast,NEH-TBKK2,6644,6644,True
VFR100_20_5,4,1120604237,Contrast,KK2-style-NEH,6792,6792,True
VFR100_20_5,4,1120604237,Contrast,FRB4-p1,6547,6547,True
VFR100_20_5,4,1120604237,Contrast,INEH-inspired,6635,6635,True
VFR100_20_5,5,1120605246,Elite-only,NEH,6718,6718,True
VFR100_20_5,5,1120605246,Elite-only,NEH-TBKK2,6644,6644,True
VFR100_20_5,5,1120605246,Elite-only,KK2-style-NEH,6709,6709,True
VFR100_20_5,5,1120605246,Elite-only,FRB4-p1,6565,6565,True
VFR100_20_5,5,1120605246,Elite-only,INEH-inspired,6552,6552,True
VFR100_20_5,5,1120605246,Contrast,NEH,6730,6730,True
VFR100_20_5,5,1120605246,Contrast,NEH-TBKK2,6644,6644,True
VFR100_20_5,5,1120605246,Contrast,KK2-style-NEH,6749,6749,True
VFR100_20_5,5,1120605246,Contrast,FRB4-p1,6538,6538,True
VFR100_20_5,5,1120605246,Contrast,INEH-inspired,6605,6605,True
VFR100_20_6,1,1120701210,Elite-only,NEH,6669,6669,True
VFR100_20_6,1,1120701210,Elite-only,NEH-TBKK2,6666,6666,True
VFR100_20_6,1,1120701210,Elite-only,KK2-style-NEH,6759,6759,True
VFR100_20_6,1,1120701210,Elite-only,FRB4-p1,6632,6632,True
VFR100_20_6,1,1120701210,Elite-only,INEH-inspired,6657,6657,True
VFR100_20_6,1,1120701210,Contrast,NEH,6669,6669,True
VFR100_20_6,1,1120701210,Contrast,NEH-TBKK2,6666,6666,True
VFR100_20_6,1,1120701210,Contrast,KK2-style-NEH,6707,6707,True
VFR100_20_6,1,1120701210,Contrast,FRB4-p1,6587,6587,True
VFR100_20_6,1,1120701210,Contrast,INEH-inspired,6634,6634,True
VFR100_20_6,2,1120702219,Elite-only,NEH,6669,6669,True
VFR100_20_6,2,1120702219,Elite-only,NEH-TBKK2,6666,6666,True
VFR100_20_6,2,1120702219,Elite-only,KK2-style-NEH,6707,6707,True
VFR100_20_6,2,1120702219,Elite-only,FRB4-p1,6603,6603,True
VFR100_20_6,2,1120702219,Elite-only,INEH-inspired,6706,6706,True
VFR100_20_6,2,1120702219,Contrast,NEH,6669,6669,True
VFR100_20_6,2,1120702219,Contrast,NEH-TBKK2,6666,6666,True
VFR100_20_6,2,1120702219,Contrast,KK2-style-NEH,6707,6707,True
VFR100_20_6,2,1120702219,Contrast,FRB4-p1,6635,6635,True
VFR100_20_6,2,1120702219,Contrast,INEH-inspired,6650,6650,True
VFR100_20_6,3,1120703228,Elite-only,NEH,6721,6721,True
VFR100_20_6,3,1120703228,Elite-only,NEH-TBKK2,6666,6666,True
VFR100_20_6,3,1120703228,Elite-only,KK2-style-NEH,6707,6707,True
VFR100_20_6,3,1120703228,Elite-only,FRB4-p1,6583,6583,True
VFR100_20_6,3,1120703228,Elite-only,INEH-inspired,6688,6688,True
VFR100_20_6,3,1120703228,Contrast,NEH,6669,6669,True
VFR100_20_6,3,1120703228,Contrast,NEH-TBKK2,6705,6705,True
VFR100_20_6,3,1120703228,Contrast,KK2-style-NEH,6707,6707,True
VFR100_20_6,3,1120703228,Contrast,FRB4-p1,6600,6600,True
VFR100_20_6,3,1120703228,Contrast,INEH-inspired,6644,6644,True
VFR100_20_6,4,1120704237,Elite-only,NEH,6669,6669,True
VFR100_20_6,4,1120704237,Elite-only,NEH-TBKK2,6666,6666,True
VFR100_20_6,4,1120704237,Elite-only,KK2-style-NEH,6707,6707,True
VFR100_20_6,4,1120704237,Elite-only,FRB4-p1,6566,6566,True
VFR100_20_6,4,1120704237,Elite-only,INEH-inspired,6641,6641,True
VFR100_20_6,4,1120704237,Contrast,NEH,6669,6669,True
VFR100_20_6,4,1120704237,Contrast,NEH-TBKK2,6666,6666,True
VFR100_20_6,4,1120704237,Contrast,KK2-style-NEH,6707,6707,True
VFR100_20_6,4,1120704237,Contrast,FRB4-p1,6563,6563,True
VFR100_20_6,4,1120704237,Contrast,INEH-inspired,6698,6698,True
VFR100_20_6,5,1120705246,Elite-only,NEH,6669,6669,True
VFR100_20_6,5,1120705246,Elite-only,NEH-TBKK2,6666,6666,True
VFR100_20_6,5,1120705246,Elite-only,KK2-style-NEH,6759,6759,True
VFR100_20_6,5,1120705246,Elite-only,FRB4-p1,6570,6570,True
VFR100_20_6,5,1120705246,Elite-only,INEH-inspired,6653,6653,True
VFR100_20_6,5,1120705246,Contrast,NEH,6669,6669,True
VFR100_20_6,5,1120705246,Contrast,NEH-TBKK2,6663,6663,True
VFR100_20_6,5,1120705246,Contrast,KK2-style-NEH,6707,6707,True
VFR100_20_6,5,1120705246,Contrast,FRB4-p1,6609,6609,True
VFR100_20_6,5,1120705246,Contrast,INEH-inspired,6672,6672,True
VFR100_20_7,1,1120801210,Elite-only,NEH,6831,6831,True
VFR100_20_7,1,1120801210,Elite-only,NEH-TBKK2,6782,6782,True
VFR100_20_7,1,1120801210,Elite-only,KK2-style-NEH,6893,6893,True
VFR100_20_7,1,1120801210,Elite-only,FRB4-p1,6719,6719,True
VFR100_20_7,1,1120801210,Elite-only,INEH-inspired,6707,6707,True
VFR100_20_7,1,1120801210,Contrast,NEH,6845,6845,True
VFR100_20_7,1,1120801210,Contrast,NEH-TBKK2,6810,6810,True
VFR100_20_7,1,1120801210,Contrast,KK2-style-NEH,6855,6855,True
VFR100_20_7,1,1120801210,Contrast,FRB4-p1,6712,6712,True
VFR100_20_7,1,1120801210,Contrast,INEH-inspired,6776,6776,True
VFR100_20_7,2,1120802219,Elite-only,NEH,6831,6831,True
VFR100_20_7,2,1120802219,Elite-only,NEH-TBKK2,6830,6830,True
VFR100_20_7,2,1120802219,Elite-only,KK2-style-NEH,6858,6858,True
VFR100_20_7,2,1120802219,Elite-only,FRB4-p1,6780,6780,True
VFR100_20_7,2,1120802219,Elite-only,INEH-inspired,6674,6674,True
VFR100_20_7,2,1120802219,Contrast,NEH,6845,6845,True
VFR100_20_7,2,1120802219,Contrast,NEH-TBKK2,6841,6841,True
VFR100_20_7,2,1120802219,Contrast,KK2-style-NEH,6855,6855,True
VFR100_20_7,2,1120802219,Contrast,FRB4-p1,6787,6787,True
VFR100_20_7,2,1120802219,Contrast,INEH-inspired,6718,6718,True
VFR100_20_7,3,1120803228,Elite-only,NEH,6816,6816,True
VFR100_20_7,3,1120803228,Elite-only,NEH-TBKK2,6764,6764,True
VFR100_20_7,3,1120803228,Elite-only,KK2-style-NEH,6930,6930,True
VFR100_20_7,3,1120803228,Elite-only,FRB4-p1,6747,6747,True
VFR100_20_7,3,1120803228,Elite-only,INEH-inspired,6744,6744,True
VFR100_20_7,3,1120803228,Contrast,NEH,6845,6845,True
VFR100_20_7,3,1120803228,Contrast,NEH-TBKK2,6828,6828,True
VFR100_20_7,3,1120803228,Contrast,KK2-style-NEH,6855,6855,True
VFR100_20_7,3,1120803228,Contrast,FRB4-p1,6735,6735,True
VFR100_20_7,3,1120803228,Contrast,INEH-inspired,6746,6746,True
VFR100_20_7,4,1120804237,Elite-only,NEH,6831,6831,True
VFR100_20_7,4,1120804237,Elite-only,NEH-TBKK2,6761,6761,True
VFR100_20_7,4,1120804237,Elite-only,KK2-style-NEH,6900,6900,True
VFR100_20_7,4,1120804237,Elite-only,FRB4-p1,6691,6691,True
VFR100_20_7,4,1120804237,Elite-only,INEH-inspired,6774,6774,True
VFR100_20_7,4,1120804237,Contrast,NEH,6879,6879,True
VFR100_20_7,4,1120804237,Contrast,NEH-TBKK2,6803,6803,True
VFR100_20_7,4,1120804237,Contrast,KK2-style-NEH,6943,6943,True
VFR100_20_7,4,1120804237,Contrast,FRB4-p1,6752,6752,True
VFR100_20_7,4,1120804237,Contrast,INEH-inspired,6726,6726,True
VFR100_20_7,5,1120805246,Elite-only,NEH,6845,6845,True
VFR100_20_7,5,1120805246,Elite-only,NEH-TBKK2,6841,6841,True
VFR100_20_7,5,1120805246,Elite-only,KK2-style-NEH,6893,6893,True
VFR100_20_7,5,1120805246,Elite-only,FRB4-p1,6737,6737,True
VFR100_20_7,5,1120805246,Elite-only,INEH-inspired,6804,6804,True
VFR100_20_7,5,1120805246,Contrast,NEH,6861,6861,True
VFR100_20_7,5,1120805246,Contrast,NEH-TBKK2,6810,6810,True
VFR100_20_7,5,1120805246,Contrast,KK2-style-NEH,6855,6855,True
VFR100_20_7,5,1120805246,Contrast,FRB4-p1,6758,6758,True
VFR100_20_7,5,1120805246,Contrast,INEH-inspired,6738,6738,True
VFR100_20_8,1,1120901210,Elite-only,NEH,6382,6382,True
VFR100_20_8,1,1120901210,Elite-only,NEH-TBKK2,6464,6464,True
VFR100_20_8,1,1120901210,Elite-only,KK2-style-NEH,6548,6548,True
VFR100_20_8,1,1120901210,Elite-only,FRB4-p1,6367,6367,True
VFR100_20_8,1,1120901210,Elite-only,INEH-inspired,6450,6450,True
VFR100_20_8,1,1120901210,Contrast,NEH,6404,6404,True
VFR100_20_8,1,1120901210,Contrast,NEH-TBKK2,6421,6421,True
VFR100_20_8,1,1120901210,Contrast,KK2-style-NEH,6639,6639,True
VFR100_20_8,1,1120901210,Contrast,FRB4-p1,6339,6339,True
VFR100_20_8,1,1120901210,Contrast,INEH-inspired,6413,6413,True
VFR100_20_8,2,1120902219,Elite-only,NEH,6382,6382,True
VFR100_20_8,2,1120902219,Elite-only,NEH-TBKK2,6443,6443,True
VFR100_20_8,2,1120902219,Elite-only,KK2-style-NEH,6545,6545,True
VFR100_20_8,2,1120902219,Elite-only,FRB4-p1,6411,6411,True
VFR100_20_8,2,1120902219,Elite-only,INEH-inspired,6431,6431,True
VFR100_20_8,2,1120902219,Contrast,NEH,6382,6382,True
VFR100_20_8,2,1120902219,Contrast,NEH-TBKK2,6412,6412,True
VFR100_20_8,2,1120902219,Contrast,KK2-style-NEH,6548,6548,True
VFR100_20_8,2,1120902219,Contrast,FRB4-p1,6380,6380,True
VFR100_20_8,2,1120902219,Contrast,INEH-inspired,6436,6436,True
VFR100_20_8,3,1120903228,Elite-only,NEH,6382,6382,True
VFR100_20_8,3,1120903228,Elite-only,NEH-TBKK2,6464,6464,True
VFR100_20_8,3,1120903228,Elite-only,KK2-style-NEH,6545,6545,True
VFR100_20_8,3,1120903228,Elite-only,FRB4-p1,6364,6364,True
VFR100_20_8,3,1120903228,Elite-only,INEH-inspired,6387,6387,True
VFR100_20_8,3,1120903228,Contrast,NEH,6442,6442,True
VFR100_20_8,3,1120903228,Contrast,NEH-TBKK2,6443,6443,True
VFR100_20_8,3,1120903228,Contrast,KK2-style-NEH,6639,6639,True
VFR100_20_8,3,1120903228,Contrast,FRB4-p1,6395,6395,True
VFR100_20_8,3,1120903228,Contrast,INEH-inspired,6433,6433,True
VFR100_20_8,4,1120904237,Elite-only,NEH,6440,6440,True
VFR100_20_8,4,1120904237,Elite-only,NEH-TBKK2,6395,6395,True
VFR100_20_8,4,1120904237,Elite-only,KK2-style-NEH,6649,6649,True
VFR100_20_8,4,1120904237,Elite-only,FRB4-p1,6351,6351,True
VFR100_20_8,4,1120904237,Elite-only,INEH-inspired,6462,6462,True
VFR100_20_8,4,1120904237,Contrast,NEH,6446,6446,True
VFR100_20_8,4,1120904237,Contrast,NEH-TBKK2,6400,6400,True
VFR100_20_8,4,1120904237,Contrast,KK2-style-NEH,6649,6649,True
VFR100_20_8,4,1120904237,Contrast,FRB4-p1,6364,6364,True
VFR100_20_8,4,1120904237,Contrast,INEH-inspired,6350,6350,True
VFR100_20_8,5,1120905246,Elite-only,NEH,6392,6392,True
VFR100_20_8,5,1120905246,Elite-only,NEH-TBKK2,6464,6464,True
VFR100_20_8,5,1120905246,Elite-only,KK2-style-NEH,6652,6652,True
VFR100_20_8,5,1120905246,Elite-only,FRB4-p1,6404,6404,True
VFR100_20_8,5,1120905246,Elite-only,INEH-inspired,6386,6386,True
VFR100_20_8,5,1120905246,Contrast,NEH,6385,6385,True
VFR100_20_8,5,1120905246,Contrast,NEH-TBKK2,6395,6395,True
VFR100_20_8,5,1120905246,Contrast,KK2-style-NEH,6639,6639,True
VFR100_20_8,5,1120905246,Contrast,FRB4-p1,6382,6382,True
VFR100_20_8,5,1120905246,Contrast,INEH-inspired,6496,6496,True
VFR100_20_9,1,1121001210,Elite-only,NEH,6698,6698,True
VFR100_20_9,1,1121001210,Elite-only,NEH-TBKK2,6709,6709,True
VFR100_20_9,1,1121001210,Elite-only,KK2-style-NEH,6807,6807,True
VFR100_20_9,1,1121001210,Elite-only,FRB4-p1,6658,6658,True
VFR100_20_9,1,1121001210,Elite-only,INEH-inspired,6649,6649,True
VFR100_20_9,1,1121001210,Contrast,NEH,6655,6655,True
VFR100_20_9,1,1121001210,Contrast,NEH-TBKK2,6691,6691,True
VFR100_20_9,1,1121001210,Contrast,KK2-style-NEH,6773,6773,True
VFR100_20_9,1,1121001210,Contrast,FRB4-p1,6725,6725,True
VFR100_20_9,1,1121001210,Contrast,INEH-inspired,6673,6673,True
VFR100_20_9,2,1121002219,Elite-only,NEH,6698,6698,True
VFR100_20_9,2,1121002219,Elite-only,NEH-TBKK2,6709,6709,True
VFR100_20_9,2,1121002219,Elite-only,KK2-style-NEH,6773,6773,True
VFR100_20_9,2,1121002219,Elite-only,FRB4-p1,6635,6635,True
VFR100_20_9,2,1121002219,Elite-only,INEH-inspired,6686,6686,True
VFR100_20_9,2,1121002219,Contrast,NEH,6655,6655,True
VFR100_20_9,2,1121002219,Contrast,NEH-TBKK2,6687,6687,True
VFR100_20_9,2,1121002219,Contrast,KK2-style-NEH,6838,6838,True
VFR100_20_9,2,1121002219,Contrast,FRB4-p1,6625,6625,True
VFR100_20_9,2,1121002219,Contrast,INEH-inspired,6726,6726,True
VFR100_20_9,3,1121003228,Elite-only,NEH,6720,6720,True
VFR100_20_9,3,1121003228,Elite-only,NEH-TBKK2,6687,6687,True
VFR100_20_9,3,1121003228,Elite-only,KK2-style-NEH,6807,6807,True
VFR100_20_9,3,1121003228,Elite-only,FRB4-p1,6609,6609,True
VFR100_20_9,3,1121003228,Elite-only,INEH-inspired,6652,6652,True
VFR100_20_9,3,1121003228,Contrast,NEH,6655,6655,True
VFR100_20_9,3,1121003228,Contrast,NEH-TBKK2,6687,6687,True
VFR100_20_9,3,1121003228,Contrast,KK2-style-NEH,6792,6792,True
VFR100_20_9,3,1121003228,Contrast,FRB4-p1,6616,6616,True
VFR100_20_9,3,1121003228,Contrast,INEH-inspired,6672,6672,True
VFR100_20_9,4,1121004237,Elite-only,NEH,6698,6698,True
VFR100_20_9,4,1121004237,Elite-only,NEH-TBKK2,6709,6709,True
VFR100_20_9,4,1121004237,Elite-only,KK2-style-NEH,6807,6807,True
VFR100_20_9,4,1121004237,Elite-only,FRB4-p1,6604,6604,True
VFR100_20_9,4,1121004237,Elite-only,INEH-inspired,6667,6667,True
VFR100_20_9,4,1121004237,Contrast,NEH,6698,6698,True
VFR100_20_9,4,1121004237,Contrast,NEH-TBKK2,6709,6709,True
VFR100_20_9,4,1121004237,Contrast,KK2-style-NEH,6807,6807,True
VFR100_20_9,4,1121004237,Contrast,FRB4-p1,6618,6618,True
VFR100_20_9,4,1121004237,Contrast,INEH-inspired,6628,6628,True
VFR100_20_9,5,1121005246,Elite-only,NEH,6717,6717,True
VFR100_20_9,5,1121005246,Elite-only,NEH-TBKK2,6777,6777,True
VFR100_20_9,5,1121005246,Elite-only,KK2-style-NEH,6807,6807,True
VFR100_20_9,5,1121005246,Elite-only,FRB4-p1,6650,6650,True
VFR100_20_9,5,1121005246,Elite-only,INEH-inspired,6578,6578,True
VFR100_20_9,5,1121005246,Contrast,NEH,6783,6783,True
VFR100_20_9,5,1121005246,Contrast,NEH-TBKK2,6655,6655,True
VFR100_20_9,5,1121005246,Contrast,KK2-style-NEH,6807,6807,True
VFR100_20_9,5,1121005246,Contrast,FRB4-p1,6629,6629,True
VFR100_20_9,5,1121005246,Contrast,INEH-inspired,6651,6651,True
VFR100_20_10,1,1121101210,Elite-only,NEH,6496,6496,True
VFR100_20_10,1,1121101210,Elite-only,NEH-TBKK2,6524,6524,True
VFR100_20_10,1,1121101210,Elite-only,KK2-style-NEH,6604,6604,True
VFR100_20_10,1,1121101210,Elite-only,FRB4-p1,6425,6425,True
VFR100_20_10,1,1121101210,Elite-only,INEH-inspired,6482,6482,True
VFR100_20_10,1,1121101210,Contrast,NEH,6532,6532,True
VFR100_20_10,1,1121101210,Contrast,NEH-TBKK2,6518,6518,True
VFR100_20_10,1,1121101210,Contrast,KK2-style-NEH,6517,6517,True
VFR100_20_10,1,1121101210,Contrast,FRB4-p1,6512,6512,True
VFR100_20_10,1,1121101210,Contrast,INEH-inspired,6428,6428,True
VFR100_20_10,2,1121102219,Elite-only,NEH,6530,6530,True
VFR100_20_10,2,1121102219,Elite-only,NEH-TBKK2,6524,6524,True
VFR100_20_10,2,1121102219,Elite-only,KK2-style-NEH,6517,6517,True
VFR100_20_10,2,1121102219,Elite-only,FRB4-p1,6436,6436,True
VFR100_20_10,2,1121102219,Elite-only,INEH-inspired,6429,6429,True
VFR100_20_10,2,1121102219,Contrast,NEH,6532,6532,True
VFR100_20_10,2,1121102219,Contrast,NEH-TBKK2,6526,6526,True
VFR100_20_10,2,1121102219,Contrast,KK2-style-NEH,6517,6517,True
VFR100_20_10,2,1121102219,Contrast,FRB4-p1,6490,6490,True
VFR100_20_10,2,1121102219,Contrast,INEH-inspired,6405,6405,True
VFR100_20_10,3,1121103228,Elite-only,NEH,6578,6578,True
VFR100_20_10,3,1121103228,Elite-only,NEH-TBKK2,6524,6524,True
VFR100_20_10,3,1121103228,Elite-only,KK2-style-NEH,6517,6517,True
VFR100_20_10,3,1121103228,Elite-only,FRB4-p1,6485,6485,True
VFR100_20_10,3,1121103228,Elite-only,INEH-inspired,6511,6511,True
VFR100_20_10,3,1121103228,Contrast,NEH,6532,6532,True
VFR100_20_10,3,1121103228,Contrast,NEH-TBKK2,6518,6518,True
VFR100_20_10,3,1121103228,Contrast,KK2-style-NEH,6517,6517,True
VFR100_20_10,3,1121103228,Contrast,FRB4-p1,6385,6385,True
VFR100_20_10,3,1121103228,Contrast,INEH-inspired,6408,6408,True
VFR100_20_10,4,1121104237,Elite-only,NEH,6594,6594,True
VFR100_20_10,4,1121104237,Elite-only,NEH-TBKK2,6524,6524,True
VFR100_20_10,4,1121104237,Elite-only,KK2-style-NEH,6517,6517,True
VFR100_20_10,4,1121104237,Elite-only,FRB4-p1,6426,6426,True
VFR100_20_10,4,1121104237,Elite-only,INEH-inspired,6435,6435,True
VFR100_20_10,4,1121104237,Contrast,NEH,6532,6532,True
VFR100_20_10,4,1121104237,Contrast,NEH-TBKK2,6508,6508,True
VFR100_20_10,4,1121104237,Contrast,KK2-style-NEH,6517,6517,True
VFR100_20_10,4,1121104237,Contrast,FRB4-p1,6438,6438,True
VFR100_20_10,4,1121104237,Contrast,INEH-inspired,6465,6465,True
VFR100_20_10,5,1121105246,Elite-only,NEH,6536,6536,True
VFR100_20_10,5,1121105246,Elite-only,NEH-TBKK2,6524,6524,True
VFR100_20_10,5,1121105246,Elite-only,KK2-style-NEH,6517,6517,True
VFR100_20_10,5,1121105246,Elite-only,FRB4-p1,6467,6467,True
VFR100_20_10,5,1121105246,Elite-only,INEH-inspired,6499,6499,True
VFR100_20_10,5,1121105246,Contrast,NEH,6532,6532,True
VFR100_20_10,5,1121105246,Contrast,NEH-TBKK2,6518,6518,True
VFR100_20_10,5,1121105246,Contrast,KK2-style-NEH,6517,6517,True
VFR100_20_10,5,1121105246,Contrast,FRB4-p1,6418,6418,True
VFR100_20_10,5,1121105246,Contrast,INEH-inspired,6415,6415,True
VFR100_40_1,1,1140401210,Elite-only,NEH,8299,8299,True
VFR100_40_1,1,1140401210,Elite-only,NEH-TBKK2,8238,8238,True
VFR100_40_1,1,1140401210,Elite-only,KK2-style-NEH,8321,8321,True
VFR100_40_1,1,1140401210,Elite-only,FRB4-p1,8238,8238,True
VFR100_40_1,1,1140401210,Elite-only,INEH-inspired,8207,8207,True
VFR100_40_1,1,1140401210,Contrast,NEH,8299,8299,True
VFR100_40_1,1,1140401210,Contrast,NEH-TBKK2,8238,8238,True
VFR100_40_1,1,1140401210,Contrast,KK2-style-NEH,8321,8321,True
VFR100_40_1,1,1140401210,Contrast,FRB4-p1,8239,8239,True
VFR100_40_1,1,1140401210,Contrast,INEH-inspired,8302,8302,True
VFR100_40_1,2,1140402219,Elite-only,NEH,8299,8299,True
VFR100_40_1,2,1140402219,Elite-only,NEH-TBKK2,8238,8238,True
VFR100_40_1,2,1140402219,Elite-only,KK2-style-NEH,8321,8321,True
VFR100_40_1,2,1140402219,Elite-only,FRB4-p1,8178,8178,True
VFR100_40_1,2,1140402219,Elite-only,INEH-inspired,8240,8240,True
VFR100_40_1,2,1140402219,Contrast,NEH,8299,8299,True
VFR100_40_1,2,1140402219,Contrast,NEH-TBKK2,8238,8238,True
VFR100_40_1,2,1140402219,Contrast,KK2-style-NEH,8321,8321,True
VFR100_40_1,2,1140402219,Contrast,FRB4-p1,8242,8242,True
VFR100_40_1,2,1140402219,Contrast,INEH-inspired,8197,8197,True
VFR100_40_1,3,1140403228,Elite-only,NEH,8299,8299,True
VFR100_40_1,3,1140403228,Elite-only,NEH-TBKK2,8238,8238,True
VFR100_40_1,3,1140403228,Elite-only,KK2-style-NEH,8321,8321,True
VFR100_40_1,3,1140403228,Elite-only,FRB4-p1,8235,8235,True
VFR100_40_1,3,1140403228,Elite-only,INEH-inspired,8231,8231,True
VFR100_40_1,3,1140403228,Contrast,NEH,8299,8299,True
VFR100_40_1,3,1140403228,Contrast,NEH-TBKK2,8238,8238,True
VFR100_40_1,3,1140403228,Contrast,KK2-style-NEH,8321,8321,True
VFR100_40_1,3,1140403228,Contrast,FRB4-p1,8136,8136,True
VFR100_40_1,3,1140403228,Contrast,INEH-inspired,8284,8284,True
VFR100_40_1,4,1140404237,Elite-only,NEH,8299,8299,True
VFR100_40_1,4,1140404237,Elite-only,NEH-TBKK2,8258,8258,True
VFR100_40_1,4,1140404237,Elite-only,KK2-style-NEH,8321,8321,True
VFR100_40_1,4,1140404237,Elite-only,FRB4-p1,8214,8214,True
VFR100_40_1,4,1140404237,Elite-only,INEH-inspired,8213,8213,True
VFR100_40_1,4,1140404237,Contrast,NEH,8263,8263,True
VFR100_40_1,4,1140404237,Contrast,NEH-TBKK2,8251,8251,True
VFR100_40_1,4,1140404237,Contrast,KK2-style-NEH,8321,8321,True
VFR100_40_1,4,1140404237,Contrast,FRB4-p1,8258,8258,True
VFR100_40_1,4,1140404237,Contrast,INEH-inspired,8272,8272,True
VFR100_40_1,5,1140405246,Elite-only,NEH,8299,8299,True
VFR100_40_1,5,1140405246,Elite-only,NEH-TBKK2,8251,8251,True
VFR100_40_1,5,1140405246,Elite-only,KK2-style-NEH,8321,8321,True
VFR100_40_1,5,1140405246,Elite-only,FRB4-p1,8216,8216,True
VFR100_40_1,5,1140405246,Elite-only,INEH-inspired,8204,8204,True
VFR100_40_1,5,1140405246,Contrast,NEH,8299,8299,True
VFR100_40_1,5,1140405246,Contrast,NEH-TBKK2,8251,8251,True
VFR100_40_1,5,1140405246,Contrast,KK2-style-NEH,8321,8321,True
VFR100_40_1,5,1140405246,Contrast,FRB4-p1,8261,8261,True
VFR100_40_1,5,1140405246,Contrast,INEH-inspired,8190,8190,True
VFR100_40_2,1,1140501210,Elite-only,NEH,8464,8464,True
VFR100_40_2,1,1140501210,Elite-only,NEH-TBKK2,8397,8397,True
VFR100_40_2,1,1140501210,Elite-only,KK2-style-NEH,8513,8513,True
VFR100_40_2,1,1140501210,Elite-only,FRB4-p1,8375,8375,True
VFR100_40_2,1,1140501210,Elite-only,INEH-inspired,8369,8369,True
VFR100_40_2,1,1140501210,Contrast,NEH,8481,8481,True
VFR100_40_2,1,1140501210,Contrast,NEH-TBKK2,8483,8483,True
VFR100_40_2,1,1140501210,Contrast,KK2-style-NEH,8513,8513,True
VFR100_40_2,1,1140501210,Contrast,FRB4-p1,8383,8383,True
VFR100_40_2,1,1140501210,Contrast,INEH-inspired,8358,8358,True
VFR100_40_2,2,1140502219,Elite-only,NEH,8464,8464,True
VFR100_40_2,2,1140502219,Elite-only,NEH-TBKK2,8462,8462,True
VFR100_40_2,2,1140502219,Elite-only,KK2-style-NEH,8513,8513,True
VFR100_40_2,2,1140502219,Elite-only,FRB4-p1,8339,8339,True
VFR100_40_2,2,1140502219,Elite-only,INEH-inspired,8378,8378,True
VFR100_40_2,2,1140502219,Contrast,NEH,8481,8481,True
VFR100_40_2,2,1140502219,Contrast,NEH-TBKK2,8483,8483,True
VFR100_40_2,2,1140502219,Contrast,KK2-style-NEH,8513,8513,True
VFR100_40_2,2,1140502219,Contrast,FRB4-p1,8349,8349,True
VFR100_40_2,2,1140502219,Contrast,INEH-inspired,8382,8382,True
VFR100_40_2,3,1140503228,Elite-only,NEH,8464,8464,True
VFR100_40_2,3,1140503228,Elite-only,NEH-TBKK2,8462,8462,True
VFR100_40_2,3,1140503228,Elite-only,KK2-style-NEH,8513,8513,True
VFR100_40_2,3,1140503228,Elite-only,FRB4-p1,8370,8370,True
VFR100_40_2,3,1140503228,Elite-only,INEH-inspired,8389,8389,True
VFR100_40_2,3,1140503228,Contrast,NEH,8481,8481,True
VFR100_40_2,3,1140503228,Contrast,NEH-TBKK2,8483,8483,True
VFR100_40_2,3,1140503228,Contrast,KK2-style-NEH,8577,8577,True
VFR100_40_2,3,1140503228,Contrast,FRB4-p1,8414,8414,True
VFR100_40_2,3,1140503228,Contrast,INEH-inspired,8388,8388,True
VFR100_40_2,4,1140504237,Elite-only,NEH,8399,8399,True
VFR100_40_2,4,1140504237,Elite-only,NEH-TBKK2,8462,8462,True
VFR100_40_2,4,1140504237,Elite-only,KK2-style-NEH,8513,8513,True
VFR100_40_2,4,1140504237,Elite-only,FRB4-p1,8383,8383,True
VFR100_40_2,4,1140504237,Elite-only,INEH-inspired,8381,8381,True
VFR100_40_2,4,1140504237,Contrast,NEH,8464,8464,True
VFR100_40_2,4,1140504237,Contrast,NEH-TBKK2,8432,8432,True
VFR100_40_2,4,1140504237,Contrast,KK2-style-NEH,8577,8577,True
VFR100_40_2,4,1140504237,Contrast,FRB4-p1,8359,8359,True
VFR100_40_2,4,1140504237,Contrast,INEH-inspired,8412,8412,True
VFR100_40_2,5,1140505246,Elite-only,NEH,8399,8399,True
VFR100_40_2,5,1140505246,Elite-only,NEH-TBKK2,8462,8462,True
VFR100_40_2,5,1140505246,Elite-only,KK2-style-NEH,8513,8513,True
VFR100_40_2,5,1140505246,Elite-only,FRB4-p1,8361,8361,True
VFR100_40_2,5,1140505246,Elite-only,INEH-inspired,8373,8373,True
VFR100_40_2,5,1140505246,Contrast,NEH,8464,8464,True
VFR100_40_2,5,1140505246,Contrast,NEH-TBKK2,8432,8432,True
VFR100_40_2,5,1140505246,Contrast,KK2-style-NEH,8577,8577,True
VFR100_40_2,5,1140505246,Contrast,FRB4-p1,8352,8352,True
VFR100_40_2,5,1140505246,Contrast,INEH-inspired,8336,8336,True
VFR100_40_3,1,1140601210,Elite-only,NEH,8327,8327,True
VFR100_40_3,1,1140601210,Elite-only,NEH-TBKK2,8380,8380,True
VFR100_40_3,1,1140601210,Elite-only,KK2-style-NEH,8432,8432,True
VFR100_40_3,1,1140601210,Elite-only,FRB4-p1,8264,8264,True
VFR100_40_3,1,1140601210,Elite-only,INEH-inspired,8281,8281,True
VFR100_40_3,1,1140601210,Contrast,NEH,8327,8327,True
VFR100_40_3,1,1140601210,Contrast,NEH-TBKK2,8380,8380,True
VFR100_40_3,1,1140601210,Contrast,KK2-style-NEH,8432,8432,True
VFR100_40_3,1,1140601210,Contrast,FRB4-p1,8263,8263,True
VFR100_40_3,1,1140601210,Contrast,INEH-inspired,8326,8326,True
VFR100_40_3,2,1140602219,Elite-only,NEH,8355,8355,True
VFR100_40_3,2,1140602219,Elite-only,NEH-TBKK2,8380,8380,True
VFR100_40_3,2,1140602219,Elite-only,KK2-style-NEH,8432,8432,True
VFR100_40_3,2,1140602219,Elite-only,FRB4-p1,8266,8266,True
VFR100_40_3,2,1140602219,Elite-only,INEH-inspired,8346,8346,True
VFR100_40_3,2,1140602219,Contrast,NEH,8327,8327,True
VFR100_40_3,2,1140602219,Contrast,NEH-TBKK2,8380,8380,True
VFR100_40_3,2,1140602219,Contrast,KK2-style-NEH,8432,8432,True
VFR100_40_3,2,1140602219,Contrast,FRB4-p1,8276,8276,True
VFR100_40_3,2,1140602219,Contrast,INEH-inspired,8235,8235,True
VFR100_40_3,3,1140603228,Elite-only,NEH,8327,8327,True
VFR100_40_3,3,1140603228,Elite-only,NEH-TBKK2,8380,8380,True
VFR100_40_3,3,1140603228,Elite-only,KK2-style-NEH,8432,8432,True
VFR100_40_3,3,1140603228,Elite-only,FRB4-p1,8270,8270,True
VFR100_40_3,3,1140603228,Elite-only,INEH-inspired,8349,8349,True
VFR100_40_3,3,1140603228,Contrast,NEH,8327,8327,True
VFR100_40_3,3,1140603228,Contrast,NEH-TBKK2,8380,8380,True
VFR100_40_3,3,1140603228,Contrast,KK2-style-NEH,8432,8432,True
VFR100_40_3,3,1140603228,Contrast,FRB4-p1,8263,8263,True
VFR100_40_3,3,1140603228,Contrast,INEH-inspired,8313,8313,True
VFR100_40_3,4,1140604237,Elite-only,NEH,8377,8377,True
VFR100_40_3,4,1140604237,Elite-only,NEH-TBKK2,8380,8380,True
VFR100_40_3,4,1140604237,Elite-only,KK2-style-NEH,8420,8420,True
VFR100_40_3,4,1140604237,Elite-only,FRB4-p1,8208,8208,True
VFR100_40_3,4,1140604237,Elite-only,INEH-inspired,8381,8381,True
VFR100_40_3,4,1140604237,Contrast,NEH,8377,8377,True
VFR100_40_3,4,1140604237,Contrast,NEH-TBKK2,8380,8380,True
VFR100_40_3,4,1140604237,Contrast,KK2-style-NEH,8432,8432,True
VFR100_40_3,4,1140604237,Contrast,FRB4-p1,8280,8280,True
VFR100_40_3,4,1140604237,Contrast,INEH-inspired,8351,8351,True
VFR100_40_3,5,1140605246,Elite-only,NEH,8327,8327,True
VFR100_40_3,5,1140605246,Elite-only,NEH-TBKK2,8380,8380,True
VFR100_40_3,5,1140605246,Elite-only,KK2-style-NEH,8407,8407,True
VFR100_40_3,5,1140605246,Elite-only,FRB4-p1,8305,8305,True
VFR100_40_3,5,1140605246,Elite-only,INEH-inspired,8277,8277,True
VFR100_40_3,5,1140605246,Contrast,NEH,8327,8327,True
VFR100_40_3,5,1140605246,Contrast,NEH-TBKK2,8380,8380,True
VFR100_40_3,5,1140605246,Contrast,KK2-style-NEH,8432,8432,True
VFR100_40_3,5,1140605246,Contrast,FRB4-p1,8307,8307,True
VFR100_40_3,5,1140605246,Contrast,INEH-inspired,8328,8328,True
VFR100_40_4,1,1140701210,Elite-only,NEH,8424,8424,True
VFR100_40_4,1,1140701210,Elite-only,NEH-TBKK2,8407,8407,True
VFR100_40_4,1,1140701210,Elite-only,KK2-style-NEH,8468,8468,True
VFR100_40_4,1,1140701210,Elite-only,FRB4-p1,8316,8316,True
VFR100_40_4,1,1140701210,Elite-only,INEH-inspired,8290,8290,True
VFR100_40_4,1,1140701210,Contrast,NEH,8424,8424,True
VFR100_40_4,1,1140701210,Contrast,NEH-TBKK2,8407,8407,True
VFR100_40_4,1,1140701210,Contrast,KK2-style-NEH,8468,8468,True
VFR100_40_4,1,1140701210,Contrast,FRB4-p1,8288,8288,True
VFR100_40_4,1,1140701210,Contrast,INEH-inspired,8310,8310,True
VFR100_40_4,2,1140702219,Elite-only,NEH,8424,8424,True
VFR100_40_4,2,1140702219,Elite-only,NEH-TBKK2,8407,8407,True
VFR100_40_4,2,1140702219,Elite-only,KK2-style-NEH,8521,8521,True
VFR100_40_4,2,1140702219,Elite-only,FRB4-p1,8307,8307,True
VFR100_40_4,2,1140702219,Elite-only,INEH-inspired,8350,8350,True
VFR100_40_4,2,1140702219,Contrast,NEH,8424,8424,True
VFR100_40_4,2,1140702219,Contrast,NEH-TBKK2,8407,8407,True
VFR100_40_4,2,1140702219,Contrast,KK2-style-NEH,8468,8468,True
VFR100_40_4,2,1140702219,Contrast,FRB4-p1,8256,8256,True
VFR100_40_4,2,1140702219,Contrast,INEH-inspired,8285,8285,True
VFR100_40_4,3,1140703228,Elite-only,NEH,8424,8424,True
VFR100_40_4,3,1140703228,Elite-only,NEH-TBKK2,8407,8407,True
VFR100_40_4,3,1140703228,Elite-only,KK2-style-NEH,8499,8499,True
VFR100_40_4,3,1140703228,Elite-only,FRB4-p1,8278,8278,True
VFR100_40_4,3,1140703228,Elite-only,INEH-inspired,8392,8392,True
VFR100_40_4,3,1140703228,Contrast,NEH,8424,8424,True
VFR100_40_4,3,1140703228,Contrast,NEH-TBKK2,8407,8407,True
VFR100_40_4,3,1140703228,Contrast,KK2-style-NEH,8499,8499,True
VFR100_40_4,3,1140703228,Contrast,FRB4-p1,8293,8293,True
VFR100_40_4,3,1140703228,Contrast,INEH-inspired,8285,8285,True
VFR100_40_4,4,1140704237,Elite-only,NEH,8424,8424,True
VFR100_40_4,4,1140704237,Elite-only,NEH-TBKK2,8407,8407,True
VFR100_40_4,4,1140704237,Elite-only,KK2-style-NEH,8468,8468,True
VFR100_40_4,4,1140704237,Elite-only,FRB4-p1,8273,8273,True
VFR100_40_4,4,1140704237,Elite-only,INEH-inspired,8306,8306,True
VFR100_40_4,4,1140704237,Contrast,NEH,8424,8424,True
VFR100_40_4,4,1140704237,Contrast,NEH-TBKK2,8407,8407,True
VFR100_40_4,4,1140704237,Contrast,KK2-style-NEH,8468,8468,True
VFR100_40_4,4,1140704237,Contrast,FRB4-p1,8305,8305,True
VFR100_40_4,4,1140704237,Contrast,INEH-inspired,8316,8316,True
VFR100_40_4,5,1140705246,Elite-only,NEH,8424,8424,True
VFR100_40_4,5,1140705246,Elite-only,NEH-TBKK2,8407,8407,True
VFR100_40_4,5,1140705246,Elite-only,KK2-style-NEH,8499,8499,True
VFR100_40_4,5,1140705246,Elite-only,FRB4-p1,8245,8245,True
VFR100_40_4,5,1140705246,Elite-only,INEH-inspired,8350,8350,True
VFR100_40_4,5,1140705246,Contrast,NEH,8424,8424,True
VFR100_40_4,5,1140705246,Contrast,NEH-TBKK2,8407,8407,True
VFR100_40_4,5,1140705246,Contrast,KK2-style-NEH,8468,8468,True
VFR100_40_4,5,1140705246,Contrast,FRB4-p1,8257,8257,True
VFR100_40_4,5,1140705246,Contrast,INEH-inspired,8344,8344,True
VFR100_40_5,1,1140801210,Elite-only,NEH,8425,8425,True
VFR100_40_5,1,1140801210,Elite-only,NEH-TBKK2,8446,8446,True
VFR100_40_5,1,1140801210,Elite-only,KK2-style-NEH,8557,8557,True
VFR100_40_5,1,1140801210,Elite-only,FRB4-p1,8318,8318,True
VFR100_40_5,1,1140801210,Elite-only,INEH-inspired,8492,8492,True
VFR100_40_5,1,1140801210,Contrast,NEH,8482,8482,True
VFR100_40_5,1,1140801210,Contrast,NEH-TBKK2,8465,8465,True
VFR100_40_5,1,1140801210,Contrast,KK2-style-NEH,8557,8557,True
VFR100_40_5,1,1140801210,Contrast,FRB4-p1,8356,8356,True
VFR100_40_5,1,1140801210,Contrast,INEH-inspired,8388,8388,True
VFR100_40_5,2,1140802219,Elite-only,NEH,8425,8425,True
VFR100_40_5,2,1140802219,Elite-only,NEH-TBKK2,8446,8446,True
VFR100_40_5,2,1140802219,Elite-only,KK2-style-NEH,8577,8577,True
VFR100_40_5,2,1140802219,Elite-only,FRB4-p1,8374,8374,True
VFR100_40_5,2,1140802219,Elite-only,INEH-inspired,8375,8375,True
VFR100_40_5,2,1140802219,Contrast,NEH,8425,8425,True
VFR100_40_5,2,1140802219,Contrast,NEH-TBKK2,8465,8465,True
VFR100_40_5,2,1140802219,Contrast,KK2-style-NEH,8557,8557,True
VFR100_40_5,2,1140802219,Contrast,FRB4-p1,8372,8372,True
VFR100_40_5,2,1140802219,Contrast,INEH-inspired,8442,8442,True
VFR100_40_5,3,1140803228,Elite-only,NEH,8452,8452,True
VFR100_40_5,3,1140803228,Elite-only,NEH-TBKK2,8446,8446,True
VFR100_40_5,3,1140803228,Elite-only,KK2-style-NEH,8577,8577,True
VFR100_40_5,3,1140803228,Elite-only,FRB4-p1,8392,8392,True
VFR100_40_5,3,1140803228,Elite-only,INEH-inspired,8428,8428,True
VFR100_40_5,3,1140803228,Contrast,NEH,8425,8425,True
VFR100_40_5,3,1140803228,Contrast,NEH-TBKK2,8446,8446,True
VFR100_40_5,3,1140803228,Contrast,KK2-style-NEH,8577,8577,True
VFR100_40_5,3,1140803228,Contrast,FRB4-p1,8360,8360,True
VFR100_40_5,3,1140803228,Contrast,INEH-inspired,8387,8387,True
VFR100_40_5,4,1140804237,Elite-only,NEH,8425,8425,True
VFR100_40_5,4,1140804237,Elite-only,NEH-TBKK2,8485,8485,True
VFR100_40_5,4,1140804237,Elite-only,KK2-style-NEH,8577,8577,True
VFR100_40_5,4,1140804237,Elite-only,FRB4-p1,8308,8308,True
VFR100_40_5,4,1140804237,Elite-only,INEH-inspired,8380,8380,True
VFR100_40_5,4,1140804237,Contrast,NEH,8425,8425,True
VFR100_40_5,4,1140804237,Contrast,NEH-TBKK2,8465,8465,True
VFR100_40_5,4,1140804237,Contrast,KK2-style-NEH,8557,8557,True
VFR100_40_5,4,1140804237,Contrast,FRB4-p1,8411,8411,True
VFR100_40_5,4,1140804237,Contrast,INEH-inspired,8444,8444,True
VFR100_40_5,5,1140805246,Elite-only,NEH,8425,8425,True
VFR100_40_5,5,1140805246,Elite-only,NEH-TBKK2,8446,8446,True
VFR100_40_5,5,1140805246,Elite-only,KK2-style-NEH,8577,8577,True
VFR100_40_5,5,1140805246,Elite-only,FRB4-p1,8380,8380,True
VFR100_40_5,5,1140805246,Elite-only,INEH-inspired,8410,8410,True
VFR100_40_5,5,1140805246,Contrast,NEH,8425,8425,True
VFR100_40_5,5,1140805246,Contrast,NEH-TBKK2,8446,8446,True
VFR100_40_5,5,1140805246,Contrast,KK2-style-NEH,8577,8577,True
VFR100_40_5,5,1140805246,Contrast,FRB4-p1,8393,8393,True
VFR100_40_5,5,1140805246,Contrast,INEH-inspired,8456,8456,True
VFR100_40_6,1,1140901210,Elite-only,NEH,8450,8450,True
VFR100_40_6,1,1140901210,Elite-only,NEH-TBKK2,8411,8411,True
VFR100_40_6,1,1140901210,Elite-only,KK2-style-NEH,8572,8572,True
VFR100_40_6,1,1140901210,Elite-only,FRB4-p1,8287,8287,True
VFR100_40_6,1,1140901210,Elite-only,INEH-inspired,8427,8427,True
VFR100_40_6,1,1140901210,Contrast,NEH,8450,8450,True
VFR100_40_6,1,1140901210,Contrast,NEH-TBKK2,8411,8411,True
VFR100_40_6,1,1140901210,Contrast,KK2-style-NEH,8572,8572,True
VFR100_40_6,1,1140901210,Contrast,FRB4-p1,8321,8321,True
VFR100_40_6,1,1140901210,Contrast,INEH-inspired,8360,8360,True
VFR100_40_6,2,1140902219,Elite-only,NEH,8406,8406,True
VFR100_40_6,2,1140902219,Elite-only,NEH-TBKK2,8411,8411,True
VFR100_40_6,2,1140902219,Elite-only,KK2-style-NEH,8572,8572,True
VFR100_40_6,2,1140902219,Elite-only,FRB4-p1,8296,8296,True
VFR100_40_6,2,1140902219,Elite-only,INEH-inspired,8381,8381,True
VFR100_40_6,2,1140902219,Contrast,NEH,8388,8388,True
VFR100_40_6,2,1140902219,Contrast,NEH-TBKK2,8411,8411,True
VFR100_40_6,2,1140902219,Contrast,KK2-style-NEH,8544,8544,True
VFR100_40_6,2,1140902219,Contrast,FRB4-p1,8398,8398,True
VFR100_40_6,2,1140902219,Contrast,INEH-inspired,8408,8408,True
VFR100_40_6,3,1140903228,Elite-only,NEH,8400,8400,True
VFR100_40_6,3,1140903228,Elite-only,NEH-TBKK2,8411,8411,True
VFR100_40_6,3,1140903228,Elite-only,KK2-style-NEH,8572,8572,True
VFR100_40_6,3,1140903228,Elite-only,FRB4-p1,8313,8313,True
VFR100_40_6,3,1140903228,Elite-only,INEH-inspired,8354,8354,True
VFR100_40_6,3,1140903228,Contrast,NEH,8388,8388,True
VFR100_40_6,3,1140903228,Contrast,NEH-TBKK2,8411,8411,True
VFR100_40_6,3,1140903228,Contrast,KK2-style-NEH,8572,8572,True
VFR100_40_6,3,1140903228,Contrast,FRB4-p1,8334,8334,True
VFR100_40_6,3,1140903228,Contrast,INEH-inspired,8429,8429,True
VFR100_40_6,4,1140904237,Elite-only,NEH,8406,8406,True
VFR100_40_6,4,1140904237,Elite-only,NEH-TBKK2,8411,8411,True
VFR100_40_6,4,1140904237,Elite-only,KK2-style-NEH,8572,8572,True
VFR100_40_6,4,1140904237,Elite-only,FRB4-p1,8301,8301,True
VFR100_40_6,4,1140904237,Elite-only,INEH-inspired,8317,8317,True
VFR100_40_6,4,1140904237,Contrast,NEH,8367,8367,True
VFR100_40_6,4,1140904237,Contrast,NEH-TBKK2,8411,8411,True
VFR100_40_6,4,1140904237,Contrast,KK2-style-NEH,8544,8544,True
VFR100_40_6,4,1140904237,Contrast,FRB4-p1,8301,8301,True
VFR100_40_6,4,1140904237,Contrast,INEH-inspired,8373,8373,True
VFR100_40_6,5,1140905246,Elite-only,NEH,8450,8450,True
VFR100_40_6,5,1140905246,Elite-only,NEH-TBKK2,8411,8411,True
VFR100_40_6,5,1140905246,Elite-only,KK2-style-NEH,8572,8572,True
VFR100_40_6,5,1140905246,Elite-only,FRB4-p1,8366,8366,True
VFR100_40_6,5,1140905246,Elite-only,INEH-inspired,8389,8389,True
VFR100_40_6,5,1140905246,Contrast,NEH,8400,8400,True
VFR100_40_6,5,1140905246,Contrast,NEH-TBKK2,8417,8417,True
VFR100_40_6,5,1140905246,Contrast,KK2-style-NEH,8544,8544,True
VFR100_40_6,5,1140905246,Contrast,FRB4-p1,8321,8321,True
VFR100_40_6,5,1140905246,Contrast,INEH-inspired,8411,8411,True
VFR100_40_7,1,1141001210,Elite-only,NEH,8465,8465,True
VFR100_40_7,1,1141001210,Elite-only,NEH-TBKK2,8454,8454,True
VFR100_40_7,1,1141001210,Elite-only,KK2-style-NEH,8492,8492,True
VFR100_40_7,1,1141001210,Elite-only,FRB4-p1,8357,8357,True
VFR100_40_7,1,1141001210,Elite-only,INEH-inspired,8370,8370,True
VFR100_40_7,1,1141001210,Contrast,NEH,8418,8418,True
VFR100_40_7,1,1141001210,Contrast,NEH-TBKK2,8454,8454,True
VFR100_40_7,1,1141001210,Contrast,KK2-style-NEH,8570,8570,True
VFR100_40_7,1,1141001210,Contrast,FRB4-p1,8341,8341,True
VFR100_40_7,1,1141001210,Contrast,INEH-inspired,8386,8386,True
VFR100_40_7,2,1141002219,Elite-only,NEH,8465,8465,True
VFR100_40_7,2,1141002219,Elite-only,NEH-TBKK2,8454,8454,True
VFR100_40_7,2,1141002219,Elite-only,KK2-style-NEH,8492,8492,True
VFR100_40_7,2,1141002219,Elite-only,FRB4-p1,8370,8370,True
VFR100_40_7,2,1141002219,Elite-only,INEH-inspired,8429,8429,True
VFR100_40_7,2,1141002219,Contrast,NEH,8465,8465,True
VFR100_40_7,2,1141002219,Contrast,NEH-TBKK2,8454,8454,True
VFR100_40_7,2,1141002219,Contrast,KK2-style-NEH,8492,8492,True
VFR100_40_7,2,1141002219,Contrast,FRB4-p1,8360,8360,True
VFR100_40_7,2,1141002219,Contrast,INEH-inspired,8405,8405,True
VFR100_40_7,3,1141003228,Elite-only,NEH,8465,8465,True
VFR100_40_7,3,1141003228,Elite-only,NEH-TBKK2,8469,8469,True
VFR100_40_7,3,1141003228,Elite-only,KK2-style-NEH,8492,8492,True
VFR100_40_7,3,1141003228,Elite-only,FRB4-p1,8308,8308,True
VFR100_40_7,3,1141003228,Elite-only,INEH-inspired,8391,8391,True
VFR100_40_7,3,1141003228,Contrast,NEH,8465,8465,True
VFR100_40_7,3,1141003228,Contrast,NEH-TBKK2,8454,8454,True
VFR100_40_7,3,1141003228,Contrast,KK2-style-NEH,8492,8492,True
VFR100_40_7,3,1141003228,Contrast,FRB4-p1,8328,8328,True
VFR100_40_7,3,1141003228,Contrast,INEH-inspired,8443,8443,True
VFR100_40_7,4,1141004237,Elite-only,NEH,8465,8465,True
VFR100_40_7,4,1141004237,Elite-only,NEH-TBKK2,8520,8520,True
VFR100_40_7,4,1141004237,Elite-only,KK2-style-NEH,8492,8492,True
VFR100_40_7,4,1141004237,Elite-only,FRB4-p1,8385,8385,True
VFR100_40_7,4,1141004237,Elite-only,INEH-inspired,8300,8300,True
VFR100_40_7,4,1141004237,Contrast,NEH,8465,8465,True
VFR100_40_7,4,1141004237,Contrast,NEH-TBKK2,8454,8454,True
VFR100_40_7,4,1141004237,Contrast,KK2-style-NEH,8492,8492,True
VFR100_40_7,4,1141004237,Contrast,FRB4-p1,8382,8382,True
VFR100_40_7,4,1141004237,Contrast,INEH-inspired,8436,8436,True
VFR100_40_7,5,1141005246,Elite-only,NEH,8472,8472,True
VFR100_40_7,5,1141005246,Elite-only,NEH-TBKK2,8469,8469,True
VFR100_40_7,5,1141005246,Elite-only,KK2-style-NEH,8579,8579,True
VFR100_40_7,5,1141005246,Elite-only,FRB4-p1,8375,8375,True
VFR100_40_7,5,1141005246,Elite-only,INEH-inspired,8350,8350,True
VFR100_40_7,5,1141005246,Contrast,NEH,8418,8418,True
VFR100_40_7,5,1141005246,Contrast,NEH-TBKK2,8430,8430,True
VFR100_40_7,5,1141005246,Contrast,KK2-style-NEH,8579,8579,True
VFR100_40_7,5,1141005246,Contrast,FRB4-p1,8361,8361,True
VFR100_40_7,5,1141005246,Contrast,INEH-inspired,8422,8422,True
VFR100_40_8,1,1141101210,Elite-only,NEH,8406,8406,True
VFR100_40_8,1,1141101210,Elite-only,NEH-TBKK2,8366,8366,True
VFR100_40_8,1,1141101210,Elite-only,KK2-style-NEH,8533,8533,True
VFR100_40_8,1,1141101210,Elite-only,FRB4-p1,8331,8331,True
VFR100_40_8,1,1141101210,Elite-only,INEH-inspired,8342,8342,True
VFR100_40_8,1,1141101210,Contrast,NEH,8393,8393,True
VFR100_40_8,1,1141101210,Contrast,NEH-TBKK2,8432,8432,True
VFR100_40_8,1,1141101210,Contrast,KK2-style-NEH,8533,8533,True
VFR100_40_8,1,1141101210,Contrast,FRB4-p1,8409,8409,True
VFR100_40_8,1,1141101210,Contrast,INEH-inspired,8356,8356,True
VFR100_40_8,2,1141102219,Elite-only,NEH,8406,8406,True
VFR100_40_8,2,1141102219,Elite-only,NEH-TBKK2,8366,8366,True
VFR100_40_8,2,1141102219,Elite-only,KK2-style-NEH,8533,8533,True
VFR100_40_8,2,1141102219,Elite-only,FRB4-p1,8297,8297,True
VFR100_40_8,2,1141102219,Elite-only,INEH-inspired,8285,8285,True
VFR100_40_8,2,1141102219,Contrast,NEH,8426,8426,True
VFR100_40_8,2,1141102219,Contrast,NEH-TBKK2,8432,8432,True
VFR100_40_8,2,1141102219,Contrast,KK2-style-NEH,8533,8533,True
VFR100_40_8,2,1141102219,Contrast,FRB4-p1,8347,8347,True
VFR100_40_8,2,1141102219,Contrast,INEH-inspired,8337,8337,True
VFR100_40_8,3,1141103228,Elite-only,NEH,8394,8394,True
VFR100_40_8,3,1141103228,Elite-only,NEH-TBKK2,8366,8366,True
VFR100_40_8,3,1141103228,Elite-only,KK2-style-NEH,8533,8533,True
VFR100_40_8,3,1141103228,Elite-only,FRB4-p1,8339,8339,True
VFR100_40_8,3,1141103228,Elite-only,INEH-inspired,8369,8369,True
VFR100_40_8,3,1141103228,Contrast,NEH,8426,8426,True
VFR100_40_8,3,1141103228,Contrast,NEH-TBKK2,8432,8432,True
VFR100_40_8,3,1141103228,Contrast,KK2-style-NEH,8533,8533,True
VFR100_40_8,3,1141103228,Contrast,FRB4-p1,8257,8257,True
VFR100_40_8,3,1141103228,Contrast,INEH-inspired,8389,8389,True
VFR100_40_8,4,1141104237,Elite-only,NEH,8426,8426,True
VFR100_40_8,4,1141104237,Elite-only,NEH-TBKK2,8421,8421,True
VFR100_40_8,4,1141104237,Elite-only,KK2-style-NEH,8533,8533,True
VFR100_40_8,4,1141104237,Elite-only,FRB4-p1,8334,8334,True
VFR100_40_8,4,1141104237,Elite-only,INEH-inspired,8366,8366,True
VFR100_40_8,4,1141104237,Contrast,NEH,8426,8426,True
VFR100_40_8,4,1141104237,Contrast,NEH-TBKK2,8432,8432,True
VFR100_40_8,4,1141104237,Contrast,KK2-style-NEH,8533,8533,True
VFR100_40_8,4,1141104237,Contrast,FRB4-p1,8423,8423,True
VFR100_40_8,4,1141104237,Contrast,INEH-inspired,8323,8323,True
VFR100_40_8,5,1141105246,Elite-only,NEH,8406,8406,True
VFR100_40_8,5,1141105246,Elite-only,NEH-TBKK2,8386,8386,True
VFR100_40_8,5,1141105246,Elite-only,KK2-style-NEH,8533,8533,True
VFR100_40_8,5,1141105246,Elite-only,FRB4-p1,8281,8281,True
VFR100_40_8,5,1141105246,Elite-only,INEH-inspired,8383,8383,True
VFR100_40_8,5,1141105246,Contrast,NEH,8406,8406,True
VFR100_40_8,5,1141105246,Contrast,NEH-TBKK2,8432,8432,True
VFR100_40_8,5,1141105246,Contrast,KK2-style-NEH,8533,8533,True
VFR100_40_8,5,1141105246,Contrast,FRB4-p1,8271,8271,True
VFR100_40_8,5,1141105246,Contrast,INEH-inspired,8312,8312,True
VFR100_40_9,1,1141201210,Elite-only,NEH,8355,8355,True
VFR100_40_9,1,1141201210,Elite-only,NEH-TBKK2,8394,8394,True
VFR100_40_9,1,1141201210,Elite-only,KK2-style-NEH,8459,8459,True
VFR100_40_9,1,1141201210,Elite-only,FRB4-p1,8264,8264,True
VFR100_40_9,1,1141201210,Elite-only,INEH-inspired,8377,8377,True
VFR100_40_9,1,1141201210,Contrast,NEH,8355,8355,True
VFR100_40_9,1,1141201210,Contrast,NEH-TBKK2,8394,8394,True
VFR100_40_9,1,1141201210,Contrast,KK2-style-NEH,8347,8347,True
VFR100_40_9,1,1141201210,Contrast,FRB4-p1,8260,8260,True
VFR100_40_9,1,1141201210,Contrast,INEH-inspired,8346,8346,True
VFR100_40_9,2,1141202219,Elite-only,NEH,8378,8378,True
VFR100_40_9,2,1141202219,Elite-only,NEH-TBKK2,8394,8394,True
VFR100_40_9,2,1141202219,Elite-only,KK2-style-NEH,8424,8424,True
VFR100_40_9,2,1141202219,Elite-only,FRB4-p1,8249,8249,True
VFR100_40_9,2,1141202219,Elite-only,INEH-inspired,8369,8369,True
VFR100_40_9,2,1141202219,Contrast,NEH,8365,8365,True
VFR100_40_9,2,1141202219,Contrast,NEH-TBKK2,8394,8394,True
VFR100_40_9,2,1141202219,Contrast,KK2-style-NEH,8424,8424,True
VFR100_40_9,2,1141202219,Contrast,FRB4-p1,8243,8243,True
VFR100_40_9,2,1141202219,Contrast,INEH-inspired,8370,8370,True
VFR100_40_9,3,1141203228,Elite-only,NEH,8365,8365,True
VFR100_40_9,3,1141203228,Elite-only,NEH-TBKK2,8394,8394,True
VFR100_40_9,3,1141203228,Elite-only,KK2-style-NEH,8424,8424,True
VFR100_40_9,3,1141203228,Elite-only,FRB4-p1,8225,8225,True
VFR100_40_9,3,1141203228,Elite-only,INEH-inspired,8305,8305,True
VFR100_40_9,3,1141203228,Contrast,NEH,8365,8365,True
VFR100_40_9,3,1141203228,Contrast,NEH-TBKK2,8394,8394,True
VFR100_40_9,3,1141203228,Contrast,KK2-style-NEH,8424,8424,True
VFR100_40_9,3,1141203228,Contrast,FRB4-p1,8229,8229,True
VFR100_40_9,3,1141203228,Contrast,INEH-inspired,8210,8210,True
VFR100_40_9,4,1141204237,Elite-only,NEH,8355,8355,True
VFR100_40_9,4,1141204237,Elite-only,NEH-TBKK2,8394,8394,True
VFR100_40_9,4,1141204237,Elite-only,KK2-style-NEH,8424,8424,True
VFR100_40_9,4,1141204237,Elite-only,FRB4-p1,8246,8246,True
VFR100_40_9,4,1141204237,Elite-only,INEH-inspired,8298,8298,True
VFR100_40_9,4,1141204237,Contrast,NEH,8355,8355,True
VFR100_40_9,4,1141204237,Contrast,NEH-TBKK2,8394,8394,True
VFR100_40_9,4,1141204237,Contrast,KK2-style-NEH,8459,8459,True
VFR100_40_9,4,1141204237,Contrast,FRB4-p1,8283,8283,True
VFR100_40_9,4,1141204237,Contrast,INEH-inspired,8297,8297,True
VFR100_40_9,5,1141205246,Elite-only,NEH,8365,8365,True
VFR100_40_9,5,1141205246,Elite-only,NEH-TBKK2,8394,8394,True
VFR100_40_9,5,1141205246,Elite-only,KK2-style-NEH,8459,8459,True
VFR100_40_9,5,1141205246,Elite-only,FRB4-p1,8188,8188,True
VFR100_40_9,5,1141205246,Elite-only,INEH-inspired,8261,8261,True
VFR100_40_9,5,1141205246,Contrast,NEH,8355,8355,True
VFR100_40_9,5,1141205246,Contrast,NEH-TBKK2,8394,8394,True
VFR100_40_9,5,1141205246,Contrast,KK2-style-NEH,8459,8459,True
VFR100_40_9,5,1141205246,Contrast,FRB4-p1,8265,8265,True
VFR100_40_9,5,1141205246,Contrast,INEH-inspired,8296,8296,True
VFR100_40_10,1,1141301210,Elite-only,NEH,8413,8413,True
VFR100_40_10,1,1141301210,Elite-only,NEH-TBKK2,8417,8417,True
VFR100_40_10,1,1141301210,Elite-only,KK2-style-NEH,8509,8509,True
VFR100_40_10,1,1141301210,Elite-only,FRB4-p1,8294,8294,True
VFR100_40_10,1,1141301210,Elite-only,INEH-inspired,8328,8328,True
VFR100_40_10,1,1141301210,Contrast,NEH,8413,8413,True
VFR100_40_10,1,1141301210,Contrast,NEH-TBKK2,8417,8417,True
VFR100_40_10,1,1141301210,Contrast,KK2-style-NEH,8565,8565,True
VFR100_40_10,1,1141301210,Contrast,FRB4-p1,8300,8300,True
VFR100_40_10,1,1141301210,Contrast,INEH-inspired,8311,8311,True
VFR100_40_10,2,1141302219,Elite-only,NEH,8394,8394,True
VFR100_40_10,2,1141302219,Elite-only,NEH-TBKK2,8417,8417,True
VFR100_40_10,2,1141302219,Elite-only,KK2-style-NEH,8533,8533,True
VFR100_40_10,2,1141302219,Elite-only,FRB4-p1,8321,8321,True
VFR100_40_10,2,1141302219,Elite-only,INEH-inspired,8236,8236,True
VFR100_40_10,2,1141302219,Contrast,NEH,8413,8413,True
VFR100_40_10,2,1141302219,Contrast,NEH-TBKK2,8407,8407,True
VFR100_40_10,2,1141302219,Contrast,KK2-style-NEH,8533,8533,True
VFR100_40_10,2,1141302219,Contrast,FRB4-p1,8267,8267,True
VFR100_40_10,2,1141302219,Contrast,INEH-inspired,8307,8307,True
VFR100_40_10,3,1141303228,Elite-only,NEH,8413,8413,True
VFR100_40_10,3,1141303228,Elite-only,NEH-TBKK2,8417,8417,True
VFR100_40_10,3,1141303228,Elite-only,KK2-style-NEH,8509,8509,True
VFR100_40_10,3,1141303228,Elite-only,FRB4-p1,8293,8293,True
VFR100_40_10,3,1141303228,Elite-only,INEH-inspired,8353,8353,True
VFR100_40_10,3,1141303228,Contrast,NEH,8413,8413,True
VFR100_40_10,3,1141303228,Contrast,NEH-TBKK2,8407,8407,True
VFR100_40_10,3,1141303228,Contrast,KK2-style-NEH,8565,8565,True
VFR100_40_10,3,1141303228,Contrast,FRB4-p1,8283,8283,True
VFR100_40_10,3,1141303228,Contrast,INEH-inspired,8326,8326,True
VFR100_40_10,4,1141304237,Elite-only,NEH,8413,8413,True
VFR100_40_10,4,1141304237,Elite-only,NEH-TBKK2,8407,8407,True
VFR100_40_10,4,1141304237,Elite-only,KK2-style-NEH,8462,8462,True
VFR100_40_10,4,1141304237,Elite-only,FRB4-p1,8284,8284,True
VFR100_40_10,4,1141304237,Elite-only,INEH-inspired,8372,8372,True
VFR100_40_10,4,1141304237,Contrast,NEH,8411,8411,True
VFR100_40_10,4,1141304237,Contrast,NEH-TBKK2,8407,8407,True
VFR100_40_10,4,1141304237,Contrast,KK2-style-NEH,8565,8565,True
VFR100_40_10,4,1141304237,Contrast,FRB4-p1,8238,8238,True
VFR100_40_10,4,1141304237,Contrast,INEH-inspired,8373,8373,True
VFR100_40_10,5,1141305246,Elite-only,NEH,8416,8416,True
VFR100_40_10,5,1141305246,Elite-only,NEH-TBKK2,8417,8417,True
VFR100_40_10,5,1141305246,Elite-only,KK2-style-NEH,8521,8521,True
VFR100_40_10,5,1141305246,Elite-only,FRB4-p1,8300,8300,True
VFR100_40_10,5,1141305246,Elite-only,INEH-inspired,8288,8288,True
VFR100_40_10,5,1141305246,Contrast,NEH,8413,8413,True
VFR100_40_10,5,1141305246,Contrast,NEH-TBKK2,8417,8417,True
VFR100_40_10,5,1141305246,Contrast,KK2-style-NEH,8521,8521,True
VFR100_40_10,5,1141305246,Contrast,FRB4-p1,8255,8255,True
VFR100_40_10,5,1141305246,Contrast,INEH-inspired,8358,8358,True
VFR100_60_1,1,1140601210,Elite-only,NEH,9869,9869,True
VFR100_60_1,1,1140601210,Elite-only,NEH-TBKK2,9870,9870,True
VFR100_60_1,1,1140601210,Elite-only,KK2-style-NEH,9967,9967,True
VFR100_60_1,1,1140601210,Elite-only,FRB4-p1,9668,9668,True
VFR100_60_1,1,1140601210,Elite-only,INEH-inspired,9831,9831,True
VFR100_60_1,1,1140601210,Contrast,NEH,9893,9893,True
VFR100_60_1,1,1140601210,Contrast,NEH-TBKK2,9870,9870,True
VFR100_60_1,1,1140601210,Contrast,KK2-style-NEH,10001,10001,True
VFR100_60_1,1,1140601210,Contrast,FRB4-p1,9719,9719,True
VFR100_60_1,1,1140601210,Contrast,INEH-inspired,9778,9778,True
VFR100_60_1,2,1140602219,Elite-only,NEH,9893,9893,True
VFR100_60_1,2,1140602219,Elite-only,NEH-TBKK2,9870,9870,True
VFR100_60_1,2,1140602219,Elite-only,KK2-style-NEH,10001,10001,True
VFR100_60_1,2,1140602219,Elite-only,FRB4-p1,9680,9680,True
VFR100_60_1,2,1140602219,Elite-only,INEH-inspired,9821,9821,True
VFR100_60_1,2,1140602219,Contrast,NEH,9893,9893,True
VFR100_60_1,2,1140602219,Contrast,NEH-TBKK2,9870,9870,True
VFR100_60_1,2,1140602219,Contrast,KK2-style-NEH,10001,10001,True
VFR100_60_1,2,1140602219,Contrast,FRB4-p1,9755,9755,True
VFR100_60_1,2,1140602219,Contrast,INEH-inspired,9748,9748,True
VFR100_60_1,3,1140603228,Elite-only,NEH,9869,9869,True
VFR100_60_1,3,1140603228,Elite-only,NEH-TBKK2,9870,9870,True
VFR100_60_1,3,1140603228,Elite-only,KK2-style-NEH,10001,10001,True
VFR100_60_1,3,1140603228,Elite-only,FRB4-p1,9726,9726,True
VFR100_60_1,3,1140603228,Elite-only,INEH-inspired,9799,9799,True
VFR100_60_1,3,1140603228,Contrast,NEH,9869,9869,True
VFR100_60_1,3,1140603228,Contrast,NEH-TBKK2,9870,9870,True
VFR100_60_1,3,1140603228,Contrast,KK2-style-NEH,10001,10001,True
VFR100_60_1,3,1140603228,Contrast,FRB4-p1,9774,9774,True
VFR100_60_1,3,1140603228,Contrast,INEH-inspired,9791,9791,True
VFR100_60_1,4,1140604237,Elite-only,NEH,9869,9869,True
VFR100_60_1,4,1140604237,Elite-only,NEH-TBKK2,9870,9870,True
VFR100_60_1,4,1140604237,Elite-only,KK2-style-NEH,9967,9967,True
VFR100_60_1,4,1140604237,Elite-only,FRB4-p1,9760,9760,True
VFR100_60_1,4,1140604237,Elite-only,INEH-inspired,9736,9736,True
VFR100_60_1,4,1140604237,Contrast,NEH,9869,9869,True
VFR100_60_1,4,1140604237,Contrast,NEH-TBKK2,9870,9870,True
VFR100_60_1,4,1140604237,Contrast,KK2-style-NEH,10001,10001,True
VFR100_60_1,4,1140604237,Contrast,FRB4-p1,9735,9735,True
VFR100_60_1,4,1140604237,Contrast,INEH-inspired,9782,9782,True
VFR100_60_1,5,1140605246,Elite-only,NEH,9869,9869,True
VFR100_60_1,5,1140605246,Elite-only,NEH-TBKK2,9870,9870,True
VFR100_60_1,5,1140605246,Elite-only,KK2-style-NEH,10001,10001,True
VFR100_60_1,5,1140605246,Elite-only,FRB4-p1,9738,9738,True
VFR100_60_1,5,1140605246,Elite-only,INEH-inspired,9820,9820,True
VFR100_60_1,5,1140605246,Contrast,NEH,9869,9869,True
VFR100_60_1,5,1140605246,Contrast,NEH-TBKK2,9870,9870,True
VFR100_60_1,5,1140605246,Contrast,KK2-style-NEH,10001,10001,True
VFR100_60_1,5,1140605246,Contrast,FRB4-p1,9690,9690,True
VFR100_60_1,5,1140605246,Contrast,INEH-inspired,9814,9814,True
VFR100_60_2,1,1140701210,Elite-only,NEH,10045,10045,True
VFR100_60_2,1,1140701210,Elite-only,NEH-TBKK2,10063,10063,True
VFR100_60_2,1,1140701210,Elite-only,KK2-style-NEH,10243,10243,True
VFR100_60_2,1,1140701210,Elite-only,FRB4-p1,10000,10000,True
VFR100_60_2,1,1140701210,Elite-only,INEH-inspired,10014,10014,True
VFR100_60_2,1,1140701210,Contrast,NEH,10045,10045,True
VFR100_60_2,1,1140701210,Contrast,NEH-TBKK2,10063,10063,True
VFR100_60_2,1,1140701210,Contrast,KK2-style-NEH,10243,10243,True
VFR100_60_2,1,1140701210,Contrast,FRB4-p1,10039,10039,True
VFR100_60_2,1,1140701210,Contrast,INEH-inspired,9968,9968,True
VFR100_60_2,2,1140702219,Elite-only,NEH,10045,10045,True
VFR100_60_2,2,1140702219,Elite-only,NEH-TBKK2,10063,10063,True
VFR100_60_2,2,1140702219,Elite-only,KK2-style-NEH,10243,10243,True
VFR100_60_2,2,1140702219,Elite-only,FRB4-p1,9995,9995,True
VFR100_60_2,2,1140702219,Elite-only,INEH-inspired,10024,10024,True
VFR100_60_2,2,1140702219,Contrast,NEH,10045,10045,True
VFR100_60_2,2,1140702219,Contrast,NEH-TBKK2,10063,10063,True
VFR100_60_2,2,1140702219,Contrast,KK2-style-NEH,10243,10243,True
VFR100_60_2,2,1140702219,Contrast,FRB4-p1,10013,10013,True
VFR100_60_2,2,1140702219,Contrast,INEH-inspired,9998,9998,True
VFR100_60_2,3,1140703228,Elite-only,NEH,10045,10045,True
VFR100_60_2,3,1140703228,Elite-only,NEH-TBKK2,10063,10063,True
VFR100_60_2,3,1140703228,Elite-only,KK2-style-NEH,10243,10243,True
VFR100_60_2,3,1140703228,Elite-only,FRB4-p1,10041,10041,True
VFR100_60_2,3,1140703228,Elite-only,INEH-inspired,10040,10040,True
VFR100_60_2,3,1140703228,Contrast,NEH,10045,10045,True
VFR100_60_2,3,1140703228,Contrast,NEH-TBKK2,10058,10058,True
VFR100_60_2,3,1140703228,Contrast,KK2-style-NEH,10243,10243,True
VFR100_60_2,3,1140703228,Contrast,FRB4-p1,10076,10076,True
VFR100_60_2,3,1140703228,Contrast,INEH-inspired,10019,10019,True
VFR100_60_2,4,1140704237,Elite-only,NEH,10045,10045,True
VFR100_60_2,4,1140704237,Elite-only,NEH-TBKK2,10063,10063,True
VFR100_60_2,4,1140704237,Elite-only,KK2-style-NEH,10243,10243,True
VFR100_60_2,4,1140704237,Elite-only,FRB4-p1,10026,10026,True
VFR100_60_2,4,1140704237,Elite-only,INEH-inspired,9965,9965,True
VFR100_60_2,4,1140704237,Contrast,NEH,10045,10045,True
VFR100_60_2,4,1140704237,Contrast,NEH-TBKK2,10063,10063,True
VFR100_60_2,4,1140704237,Contrast,KK2-style-NEH,10243,10243,True
VFR100_60_2,4,1140704237,Contrast,FRB4-p1,9912,9912,True
VFR100_60_2,4,1140704237,Contrast,INEH-inspired,10031,10031,True
VFR100_60_2,5,1140705246,Elite-only,NEH,10045,10045,True
VFR100_60_2,5,1140705246,Elite-only,NEH-TBKK2,10063,10063,True
VFR100_60_2,5,1140705246,Elite-only,KK2-style-NEH,10243,10243,True
VFR100_60_2,5,1140705246,Elite-only,FRB4-p1,10048,10048,True
VFR100_60_2,5,1140705246,Elite-only,INEH-inspired,9973,9973,True
VFR100_60_2,5,1140705246,Contrast,NEH,10045,10045,True
VFR100_60_2,5,1140705246,Contrast,NEH-TBKK2,10063,10063,True
VFR100_60_2,5,1140705246,Contrast,KK2-style-NEH,10243,10243,True
VFR100_60_2,5,1140705246,Contrast,FRB4-p1,10078,10078,True
VFR100_60_2,5,1140705246,Contrast,INEH-inspired,9931,9931,True
VFR100_60_3,1,1140801210,Elite-only,NEH,9759,9759,True
VFR100_60_3,1,1140801210,Elite-only,NEH-TBKK2,9789,9789,True
VFR100_60_3,1,1140801210,Elite-only,KK2-style-NEH,9893,9893,True
VFR100_60_3,1,1140801210,Elite-only,FRB4-p1,9728,9728,True
VFR100_60_3,1,1140801210,Elite-only,INEH-inspired,9770,9770,True
VFR100_60_3,1,1140801210,Contrast,NEH,9759,9759,True
VFR100_60_3,1,1140801210,Contrast,NEH-TBKK2,9789,9789,True
VFR100_60_3,1,1140801210,Contrast,KK2-style-NEH,9893,9893,True
VFR100_60_3,1,1140801210,Contrast,FRB4-p1,9703,9703,True
VFR100_60_3,1,1140801210,Contrast,INEH-inspired,9727,9727,True
VFR100_60_3,2,1140802219,Elite-only,NEH,9759,9759,True
VFR100_60_3,2,1140802219,Elite-only,NEH-TBKK2,9789,9789,True
VFR100_60_3,2,1140802219,Elite-only,KK2-style-NEH,9893,9893,True
VFR100_60_3,2,1140802219,Elite-only,FRB4-p1,9678,9678,True
VFR100_60_3,2,1140802219,Elite-only,INEH-inspired,9724,9724,True
VFR100_60_3,2,1140802219,Contrast,NEH,9759,9759,True
VFR100_60_3,2,1140802219,Contrast,NEH-TBKK2,9789,9789,True
VFR100_60_3,2,1140802219,Contrast,KK2-style-NEH,9893,9893,True
VFR100_60_3,2,1140802219,Contrast,FRB4-p1,9700,9700,True
VFR100_60_3,2,1140802219,Contrast,INEH-inspired,9798,9798,True
VFR100_60_3,3,1140803228,Elite-only,NEH,9759,9759,True
VFR100_60_3,3,1140803228,Elite-only,NEH-TBKK2,9789,9789,True
VFR100_60_3,3,1140803228,Elite-only,KK2-style-NEH,9899,9899,True
VFR100_60_3,3,1140803228,Elite-only,FRB4-p1,9715,9715,True
VFR100_60_3,3,1140803228,Elite-only,INEH-inspired,9789,9789,True
VFR100_60_3,3,1140803228,Contrast,NEH,9759,9759,True
VFR100_60_3,3,1140803228,Contrast,NEH-TBKK2,9789,9789,True
VFR100_60_3,3,1140803228,Contrast,KK2-style-NEH,9893,9893,True
VFR100_60_3,3,1140803228,Contrast,FRB4-p1,9690,9690,True
VFR100_60_3,3,1140803228,Contrast,INEH-inspired,9783,9783,True
VFR100_60_3,4,1140804237,Elite-only,NEH,9759,9759,True
VFR100_60_3,4,1140804237,Elite-only,NEH-TBKK2,9789,9789,True
VFR100_60_3,4,1140804237,Elite-only,KK2-style-NEH,9893,9893,True
VFR100_60_3,4,1140804237,Elite-only,FRB4-p1,9726,9726,True
VFR100_60_3,4,1140804237,Elite-only,INEH-inspired,9754,9754,True
VFR100_60_3,4,1140804237,Contrast,NEH,9759,9759,True
VFR100_60_3,4,1140804237,Contrast,NEH-TBKK2,9789,9789,True
VFR100_60_3,4,1140804237,Contrast,KK2-style-NEH,9893,9893,True
VFR100_60_3,4,1140804237,Contrast,FRB4-p1,9685,9685,True
VFR100_60_3,4,1140804237,Contrast,INEH-inspired,9820,9820,True
VFR100_60_3,5,1140805246,Elite-only,NEH,9759,9759,True
VFR100_60_3,5,1140805246,Elite-only,NEH-TBKK2,9789,9789,True
VFR100_60_3,5,1140805246,Elite-only,KK2-style-NEH,9899,9899,True
VFR100_60_3,5,1140805246,Elite-only,FRB4-p1,9693,9693,True
VFR100_60_3,5,1140805246,Elite-only,INEH-inspired,9725,9725,True
VFR100_60_3,5,1140805246,Contrast,NEH,9759,9759,True
VFR100_60_3,5,1140805246,Contrast,NEH-TBKK2,9789,9789,True
VFR100_60_3,5,1140805246,Contrast,KK2-style-NEH,9893,9893,True
VFR100_60_3,5,1140805246,Contrast,FRB4-p1,9689,9689,True
VFR100_60_3,5,1140805246,Contrast,INEH-inspired,9718,9718,True
VFR100_60_4,1,1140901210,Elite-only,NEH,9830,9830,True
VFR100_60_4,1,1140901210,Elite-only,NEH-TBKK2,9845,9845,True
VFR100_60_4,1,1140901210,Elite-only,KK2-style-NEH,10083,10083,True
VFR100_60_4,1,1140901210,Elite-only,FRB4-p1,9755,9755,True
VFR100_60_4,1,1140901210,Elite-only,INEH-inspired,9878,9878,True
VFR100_60_4,1,1140901210,Contrast,NEH,9860,9860,True
VFR100_60_4,1,1140901210,Contrast,NEH-TBKK2,9852,9852,True
VFR100_60_4,1,1140901210,Contrast,KK2-style-NEH,10083,10083,True
VFR100_60_4,1,1140901210,Contrast,FRB4-p1,9817,9817,True
VFR100_60_4,1,1140901210,Contrast,INEH-inspired,9867,9867,True
VFR100_60_4,2,1140902219,Elite-only,NEH,9860,9860,True
VFR100_60_4,2,1140902219,Elite-only,NEH-TBKK2,9852,9852,True
VFR100_60_4,2,1140902219,Elite-only,KK2-style-NEH,10083,10083,True
VFR100_60_4,2,1140902219,Elite-only,FRB4-p1,9732,9732,True
VFR100_60_4,2,1140902219,Elite-only,INEH-inspired,9809,9809,True
VFR100_60_4,2,1140902219,Contrast,NEH,9860,9860,True
VFR100_60_4,2,1140902219,Contrast,NEH-TBKK2,9852,9852,True
VFR100_60_4,2,1140902219,Contrast,KK2-style-NEH,10083,10083,True
VFR100_60_4,2,1140902219,Contrast,FRB4-p1,9913,9913,True
VFR100_60_4,2,1140902219,Contrast,INEH-inspired,9881,9881,True
VFR100_60_4,3,1140903228,Elite-only,NEH,9860,9860,True
VFR100_60_4,3,1140903228,Elite-only,NEH-TBKK2,9852,9852,True
VFR100_60_4,3,1140903228,Elite-only,KK2-style-NEH,10083,10083,True
VFR100_60_4,3,1140903228,Elite-only,FRB4-p1,9778,9778,True
VFR100_60_4,3,1140903228,Elite-only,INEH-inspired,9890,9890,True
VFR100_60_4,3,1140903228,Contrast,NEH,9860,9860,True
VFR100_60_4,3,1140903228,Contrast,NEH-TBKK2,9852,9852,True
VFR100_60_4,3,1140903228,Contrast,KK2-style-NEH,10083,10083,True
VFR100_60_4,3,1140903228,Contrast,FRB4-p1,9802,9802,True
VFR100_60_4,3,1140903228,Contrast,INEH-inspired,9810,9810,True
VFR100_60_4,4,1140904237,Elite-only,NEH,9860,9860,True
VFR100_60_4,4,1140904237,Elite-only,NEH-TBKK2,9852,9852,True
VFR100_60_4,4,1140904237,Elite-only,KK2-style-NEH,9985,9985,True
VFR100_60_4,4,1140904237,Elite-only,FRB4-p1,9865,9865,True
VFR100_60_4,4,1140904237,Elite-only,INEH-inspired,9802,9802,True
VFR100_60_4,4,1140904237,Contrast,NEH,9860,9860,True
VFR100_60_4,4,1140904237,Contrast,NEH-TBKK2,9852,9852,True
VFR100_60_4,4,1140904237,Contrast,KK2-style-NEH,10083,10083,True
VFR100_60_4,4,1140904237,Contrast,FRB4-p1,9730,9730,True
VFR100_60_4,4,1140904237,Contrast,INEH-inspired,9895,9895,True
VFR100_60_4,5,1140905246,Elite-only,NEH,9860,9860,True
VFR100_60_4,5,1140905246,Elite-only,NEH-TBKK2,9852,9852,True
VFR100_60_4,5,1140905246,Elite-only,KK2-style-NEH,10083,10083,True
VFR100_60_4,5,1140905246,Elite-only,FRB4-p1,9792,9792,True
VFR100_60_4,5,1140905246,Elite-only,INEH-inspired,9784,9784,True
VFR100_60_4,5,1140905246,Contrast,NEH,9860,9860,True
VFR100_60_4,5,1140905246,Contrast,NEH-TBKK2,9852,9852,True
VFR100_60_4,5,1140905246,Contrast,KK2-style-NEH,10083,10083,True
VFR100_60_4,5,1140905246,Contrast,FRB4-p1,9790,9790,True
VFR100_60_4,5,1140905246,Contrast,INEH-inspired,9773,9773,True
VFR100_60_5,1,1141001210,Elite-only,NEH,9897,9897,True
VFR100_60_5,1,1141001210,Elite-only,NEH-TBKK2,9920,9920,True
VFR100_60_5,1,1141001210,Elite-only,KK2-style-NEH,10103,10103,True
VFR100_60_5,1,1141001210,Elite-only,FRB4-p1,9835,9835,True
VFR100_60_5,1,1141001210,Elite-only,INEH-inspired,9837,9837,True
VFR100_60_5,1,1141001210,Contrast,NEH,9897,9897,True
VFR100_60_5,1,1141001210,Contrast,NEH-TBKK2,9920,9920,True
VFR100_60_5,1,1141001210,Contrast,KK2-style-NEH,10103,10103,True
VFR100_60_5,1,1141001210,Contrast,FRB4-p1,9781,9781,True
VFR100_60_5,1,1141001210,Contrast,INEH-inspired,9869,9869,True
VFR100_60_5,2,1141002219,Elite-only,NEH,9897,9897,True
VFR100_60_5,2,1141002219,Elite-only,NEH-TBKK2,9920,9920,True
VFR100_60_5,2,1141002219,Elite-only,KK2-style-NEH,10103,10103,True
VFR100_60_5,2,1141002219,Elite-only,FRB4-p1,9814,9814,True
VFR100_60_5,2,1141002219,Elite-only,INEH-inspired,9863,9863,True
VFR100_60_5,2,1141002219,Contrast,NEH,9897,9897,True
VFR100_60_5,2,1141002219,Contrast,NEH-TBKK2,9920,9920,True
VFR100_60_5,2,1141002219,Contrast,KK2-style-NEH,10103,10103,True
VFR100_60_5,2,1141002219,Contrast,FRB4-p1,9853,9853,True
VFR100_60_5,2,1141002219,Contrast,INEH-inspired,9951,9951,True
VFR100_60_5,3,1141003228,Elite-only,NEH,9897,9897,True
VFR100_60_5,3,1141003228,Elite-only,NEH-TBKK2,9920,9920,True
VFR100_60_5,3,1141003228,Elite-only,KK2-style-NEH,10103,10103,True
VFR100_60_5,3,1141003228,Elite-only,FRB4-p1,9746,9746,True
VFR100_60_5,3,1141003228,Elite-only,INEH-inspired,9865,9865,True
VFR100_60_5,3,1141003228,Contrast,NEH,9897,9897,True
VFR100_60_5,3,1141003228,Contrast,NEH-TBKK2,9920,9920,True
VFR100_60_5,3,1141003228,Contrast,KK2-style-NEH,10103,10103,True
VFR100_60_5,3,1141003228,Contrast,FRB4-p1,9842,9842,True
VFR100_60_5,3,1141003228,Contrast,INEH-inspired,9895,9895,True
VFR100_60_5,4,1141004237,Elite-only,NEH,9897,9897,True
VFR100_60_5,4,1141004237,Elite-only,NEH-TBKK2,9902,9902,True
VFR100_60_5,4,1141004237,Elite-only,KK2-style-NEH,10103,10103,True
VFR100_60_5,4,1141004237,Elite-only,FRB4-p1,9783,9783,True
VFR100_60_5,4,1141004237,Elite-only,INEH-inspired,9835,9835,True
VFR100_60_5,4,1141004237,Contrast,NEH,9945,9945,True
VFR100_60_5,4,1141004237,Contrast,NEH-TBKK2,9920,9920,True
VFR100_60_5,4,1141004237,Contrast,KK2-style-NEH,10103,10103,True
VFR100_60_5,4,1141004237,Contrast,FRB4-p1,9882,9882,True
VFR100_60_5,4,1141004237,Contrast,INEH-inspired,9878,9878,True
VFR100_60_5,5,1141005246,Elite-only,NEH,9897,9897,True
VFR100_60_5,5,1141005246,Elite-only,NEH-TBKK2,9920,9920,True
VFR100_60_5,5,1141005246,Elite-only,KK2-style-NEH,10064,10064,True
VFR100_60_5,5,1141005246,Elite-only,FRB4-p1,9862,9862,True
VFR100_60_5,5,1141005246,Elite-only,INEH-inspired,9838,9838,True
VFR100_60_5,5,1141005246,Contrast,NEH,9897,9897,True
VFR100_60_5,5,1141005246,Contrast,NEH-TBKK2,9920,9920,True
VFR100_60_5,5,1141005246,Contrast,KK2-style-NEH,10103,10103,True
VFR100_60_5,5,1141005246,Contrast,FRB4-p1,9839,9839,True
VFR100_60_5,5,1141005246,Contrast,INEH-inspired,9922,9922,True
VFR100_60_6,1,1141101210,Elite-only,NEH,10166,10166,True
VFR100_60_6,1,1141101210,Elite-only,NEH-TBKK2,10140,10140,True
VFR100_60_6,1,1141101210,Elite-only,KK2-style-NEH,10192,10192,True
VFR100_60_6,1,1141101210,Elite-only,FRB4-p1,9997,9997,True
VFR100_60_6,1,1141101210,Elite-only,INEH-inspired,10121,10121,True
VFR100_60_6,1,1141101210,Contrast,NEH,10166,10166,True
VFR100_60_6,1,1141101210,Contrast,NEH-TBKK2,10140,10140,True
VFR100_60_6,1,1141101210,Contrast,KK2-style-NEH,10192,10192,True
VFR100_60_6,1,1141101210,Contrast,FRB4-p1,9989,9989,True
VFR100_60_6,1,1141101210,Contrast,INEH-inspired,10101,10101,True
VFR100_60_6,2,1141102219,Elite-only,NEH,10166,10166,True
VFR100_60_6,2,1141102219,Elite-only,NEH-TBKK2,10140,10140,True
VFR100_60_6,2,1141102219,Elite-only,KK2-style-NEH,10192,10192,True
VFR100_60_6,2,1141102219,Elite-only,FRB4-p1,10044,10044,True
VFR100_60_6,2,1141102219,Elite-only,INEH-inspired,10019,10019,True
VFR100_60_6,2,1141102219,Contrast,NEH,10166,10166,True
VFR100_60_6,2,1141102219,Contrast,NEH-TBKK2,10140,10140,True
VFR100_60_6,2,1141102219,Contrast,KK2-style-NEH,10192,10192,True
VFR100_60_6,2,1141102219,Contrast,FRB4-p1,10069,10069,True
VFR100_60_6,2,1141102219,Contrast,INEH-inspired,10142,10142,True
VFR100_60_6,3,1141103228,Elite-only,NEH,10166,10166,True
VFR100_60_6,3,1141103228,Elite-only,NEH-TBKK2,10140,10140,True
VFR100_60_6,3,1141103228,Elite-only,KK2-style-NEH,10192,10192,True
VFR100_60_6,3,1141103228,Elite-only,FRB4-p1,9983,9983,True
VFR100_60_6,3,1141103228,Elite-only,INEH-inspired,10023,10023,True
VFR100_60_6,3,1141103228,Contrast,NEH,10166,10166,True
VFR100_60_6,3,1141103228,Contrast,NEH-TBKK2,10140,10140,True
VFR100_60_6,3,1141103228,Contrast,KK2-style-NEH,10192,10192,True
VFR100_60_6,3,1141103228,Contrast,FRB4-p1,10033,10033,True
VFR100_60_6,3,1141103228,Contrast,INEH-inspired,10024,10024,True
VFR100_60_6,4,1141104237,Elite-only,NEH,10166,10166,True
VFR100_60_6,4,1141104237,Elite-only,NEH-TBKK2,10140,10140,True
VFR100_60_6,4,1141104237,Elite-only,KK2-style-NEH,10192,10192,True
VFR100_60_6,4,1141104237,Elite-only,FRB4-p1,10099,10099,True
VFR100_60_6,4,1141104237,Elite-only,INEH-inspired,10115,10115,True
VFR100_60_6,4,1141104237,Contrast,NEH,10195,10195,True
VFR100_60_6,4,1141104237,Contrast,NEH-TBKK2,10140,10140,True
VFR100_60_6,4,1141104237,Contrast,KK2-style-NEH,10192,10192,True
VFR100_60_6,4,1141104237,Contrast,FRB4-p1,10053,10053,True
VFR100_60_6,4,1141104237,Contrast,INEH-inspired,10074,10074,True
VFR100_60_6,5,1141105246,Elite-only,NEH,10166,10166,True
VFR100_60_6,5,1141105246,Elite-only,NEH-TBKK2,10140,10140,True
VFR100_60_6,5,1141105246,Elite-only,KK2-style-NEH,10192,10192,True
VFR100_60_6,5,1141105246,Elite-only,FRB4-p1,10057,10057,True
VFR100_60_6,5,1141105246,Elite-only,INEH-inspired,10073,10073,True
VFR100_60_6,5,1141105246,Contrast,NEH,10195,10195,True
VFR100_60_6,5,1141105246,Contrast,NEH-TBKK2,10140,10140,True
VFR100_60_6,5,1141105246,Contrast,KK2-style-NEH,10192,10192,True
VFR100_60_6,5,1141105246,Contrast,FRB4-p1,10107,10107,True
VFR100_60_6,5,1141105246,Contrast,INEH-inspired,10087,10087,True
VFR100_60_7,1,1141201210,Elite-only,NEH,9793,9793,True
VFR100_60_7,1,1141201210,Elite-only,NEH-TBKK2,9793,9793,True
VFR100_60_7,1,1141201210,Elite-only,KK2-style-NEH,9985,9985,True
VFR100_60_7,1,1141201210,Elite-only,FRB4-p1,9730,9730,True
VFR100_60_7,1,1141201210,Elite-only,INEH-inspired,9675,9675,True
VFR100_60_7,1,1141201210,Contrast,NEH,9793,9793,True
VFR100_60_7,1,1141201210,Contrast,NEH-TBKK2,9793,9793,True
VFR100_60_7,1,1141201210,Contrast,KK2-style-NEH,9985,9985,True
VFR100_60_7,1,1141201210,Contrast,FRB4-p1,9767,9767,True
VFR100_60_7,1,1141201210,Contrast,INEH-inspired,9848,9848,True
VFR100_60_7,2,1141202219,Elite-only,NEH,9793,9793,True
VFR100_60_7,2,1141202219,Elite-only,NEH-TBKK2,9793,9793,True
VFR100_60_7,2,1141202219,Elite-only,KK2-style-NEH,9985,9985,True
VFR100_60_7,2,1141202219,Elite-only,FRB4-p1,9742,9742,True
VFR100_60_7,2,1141202219,Elite-only,INEH-inspired,9734,9734,True
VFR100_60_7,2,1141202219,Contrast,NEH,9793,9793,True
VFR100_60_7,2,1141202219,Contrast,NEH-TBKK2,9793,9793,True
VFR100_60_7,2,1141202219,Contrast,KK2-style-NEH,9985,9985,True
VFR100_60_7,2,1141202219,Contrast,FRB4-p1,9684,9684,True
VFR100_60_7,2,1141202219,Contrast,INEH-inspired,9829,9829,True
VFR100_60_7,3,1141203228,Elite-only,NEH,9793,9793,True
VFR100_60_7,3,1141203228,Elite-only,NEH-TBKK2,9793,9793,True
VFR100_60_7,3,1141203228,Elite-only,KK2-style-NEH,9985,9985,True
VFR100_60_7,3,1141203228,Elite-only,FRB4-p1,9717,9717,True
VFR100_60_7,3,1141203228,Elite-only,INEH-inspired,9841,9841,True
VFR100_60_7,3,1141203228,Contrast,NEH,9793,9793,True
VFR100_60_7,3,1141203228,Contrast,NEH-TBKK2,9793,9793,True
VFR100_60_7,3,1141203228,Contrast,KK2-style-NEH,9985,9985,True
VFR100_60_7,3,1141203228,Contrast,FRB4-p1,9757,9757,True
VFR100_60_7,3,1141203228,Contrast,INEH-inspired,9801,9801,True
VFR100_60_7,4,1141204237,Elite-only,NEH,9793,9793,True
VFR100_60_7,4,1141204237,Elite-only,NEH-TBKK2,9793,9793,True
VFR100_60_7,4,1141204237,Elite-only,KK2-style-NEH,9985,9985,True
VFR100_60_7,4,1141204237,Elite-only,FRB4-p1,9751,9751,True
VFR100_60_7,4,1141204237,Elite-only,INEH-inspired,9784,9784,True
VFR100_60_7,4,1141204237,Contrast,NEH,9793,9793,True
VFR100_60_7,4,1141204237,Contrast,NEH-TBKK2,9793,9793,True
VFR100_60_7,4,1141204237,Contrast,KK2-style-NEH,9985,9985,True
VFR100_60_7,4,1141204237,Contrast,FRB4-p1,9705,9705,True
VFR100_60_7,4,1141204237,Contrast,INEH-inspired,9852,9852,True
VFR100_60_7,5,1141205246,Elite-only,NEH,9793,9793,True
VFR100_60_7,5,1141205246,Elite-only,NEH-TBKK2,9793,9793,True
VFR100_60_7,5,1141205246,Elite-only,KK2-style-NEH,9985,9985,True
VFR100_60_7,5,1141205246,Elite-only,FRB4-p1,9759,9759,True
VFR100_60_7,5,1141205246,Elite-only,INEH-inspired,9746,9746,True
VFR100_60_7,5,1141205246,Contrast,NEH,9793,9793,True
VFR100_60_7,5,1141205246,Contrast,NEH-TBKK2,9793,9793,True
VFR100_60_7,5,1141205246,Contrast,KK2-style-NEH,9985,9985,True
VFR100_60_7,5,1141205246,Contrast,FRB4-p1,9697,9697,True
VFR100_60_7,5,1141205246,Contrast,INEH-inspired,9853,9853,True
VFR100_60_8,1,1141301210,Elite-only,NEH,10017,10017,True
VFR100_60_8,1,1141301210,Elite-only,NEH-TBKK2,10037,10037,True
VFR100_60_8,1,1141301210,Elite-only,KK2-style-NEH,10186,10186,True
VFR100_60_8,1,1141301210,Elite-only,FRB4-p1,9905,9905,True
VFR100_60_8,1,1141301210,Elite-only,INEH-inspired,9924,9924,True
VFR100_60_8,1,1141301210,Contrast,NEH,10017,10017,True
VFR100_60_8,1,1141301210,Contrast,NEH-TBKK2,10037,10037,True
VFR100_60_8,1,1141301210,Contrast,KK2-style-NEH,10186,10186,True
VFR100_60_8,1,1141301210,Contrast,FRB4-p1,9892,9892,True
VFR100_60_8,1,1141301210,Contrast,INEH-inspired,9988,9988,True
VFR100_60_8,2,1141302219,Elite-only,NEH,10017,10017,True
VFR100_60_8,2,1141302219,Elite-only,NEH-TBKK2,10029,10029,True
VFR100_60_8,2,1141302219,Elite-only,KK2-style-NEH,10186,10186,True
VFR100_60_8,2,1141302219,Elite-only,FRB4-p1,9939,9939,True
VFR100_60_8,2,1141302219,Elite-only,INEH-inspired,9936,9936,True
VFR100_60_8,2,1141302219,Contrast,NEH,10017,10017,True
VFR100_60_8,2,1141302219,Contrast,NEH-TBKK2,10029,10029,True
VFR100_60_8,2,1141302219,Contrast,KK2-style-NEH,10186,10186,True
VFR100_60_8,2,1141302219,Contrast,FRB4-p1,9926,9926,True
VFR100_60_8,2,1141302219,Contrast,INEH-inspired,9978,9978,True
VFR100_60_8,3,1141303228,Elite-only,NEH,10017,10017,True
VFR100_60_8,3,1141303228,Elite-only,NEH-TBKK2,10037,10037,True
VFR100_60_8,3,1141303228,Elite-only,KK2-style-NEH,10186,10186,True
VFR100_60_8,3,1141303228,Elite-only,FRB4-p1,9939,9939,True
VFR100_60_8,3,1141303228,Elite-only,INEH-inspired,9974,9974,True
VFR100_60_8,3,1141303228,Contrast,NEH,10017,10017,True
VFR100_60_8,3,1141303228,Contrast,NEH-TBKK2,10037,10037,True
VFR100_60_8,3,1141303228,Contrast,KK2-style-NEH,10186,10186,True
VFR100_60_8,3,1141303228,Contrast,FRB4-p1,9868,9868,True
VFR100_60_8,3,1141303228,Contrast,INEH-inspired,9929,9929,True
VFR100_60_8,4,1141304237,Elite-only,NEH,10017,10017,True
VFR100_60_8,4,1141304237,Elite-only,NEH-TBKK2,10037,10037,True
VFR100_60_8,4,1141304237,Elite-only,KK2-style-NEH,10186,10186,True
VFR100_60_8,4,1141304237,Elite-only,FRB4-p1,9880,9880,True
VFR100_60_8,4,1141304237,Elite-only,INEH-inspired,9964,9964,True
VFR100_60_8,4,1141304237,Contrast,NEH,10017,10017,True
VFR100_60_8,4,1141304237,Contrast,NEH-TBKK2,10037,10037,True
VFR100_60_8,4,1141304237,Contrast,KK2-style-NEH,10186,10186,True
VFR100_60_8,4,1141304237,Contrast,FRB4-p1,9926,9926,True
VFR100_60_8,4,1141304237,Contrast,INEH-inspired,9969,9969,True
VFR100_60_8,5,1141305246,Elite-only,NEH,10051,10051,True
VFR100_60_8,5,1141305246,Elite-only,NEH-TBKK2,10110,10110,True
VFR100_60_8,5,1141305246,Elite-only,KK2-style-NEH,10186,10186,True
VFR100_60_8,5,1141305246,Elite-only,FRB4-p1,9941,9941,True
VFR100_60_8,5,1141305246,Elite-only,INEH-inspired,9937,9937,True
VFR100_60_8,5,1141305246,Contrast,NEH,10017,10017,True
VFR100_60_8,5,1141305246,Contrast,NEH-TBKK2,10029,10029,True
VFR100_60_8,5,1141305246,Contrast,KK2-style-NEH,10186,10186,True
VFR100_60_8,5,1141305246,Contrast,FRB4-p1,9875,9875,True
VFR100_60_8,5,1141305246,Contrast,INEH-inspired,9900,9900,True
VFR100_60_9,1,1141401210,Elite-only,NEH,9991,9991,True
VFR100_60_9,1,1141401210,Elite-only,NEH-TBKK2,9969,9969,True
VFR100_60_9,1,1141401210,Elite-only,KK2-style-NEH,10008,10008,True
VFR100_60_9,1,1141401210,Elite-only,FRB4-p1,9918,9918,True
VFR100_60_9,1,1141401210,Elite-only,INEH-inspired,9996,9996,True
VFR100_60_9,1,1141401210,Contrast,NEH,9991,9991,True
VFR100_60_9,1,1141401210,Contrast,NEH-TBKK2,9969,9969,True
VFR100_60_9,1,1141401210,Contrast,KK2-style-NEH,10008,10008,True
VFR100_60_9,1,1141401210,Contrast,FRB4-p1,9938,9938,True
VFR100_60_9,1,1141401210,Contrast,INEH-inspired,9938,9938,True
VFR100_60_9,2,1141402219,Elite-only,NEH,9991,9991,True
VFR100_60_9,2,1141402219,Elite-only,NEH-TBKK2,9969,9969,True
VFR100_60_9,2,1141402219,Elite-only,KK2-style-NEH,10035,10035,True
VFR100_60_9,2,1141402219,Elite-only,FRB4-p1,9939,9939,True
VFR100_60_9,2,1141402219,Elite-only,INEH-inspired,9953,9953,True
VFR100_60_9,2,1141402219,Contrast,NEH,9991,9991,True
VFR100_60_9,2,1141402219,Contrast,NEH-TBKK2,9969,9969,True
VFR100_60_9,2,1141402219,Contrast,KK2-style-NEH,10035,10035,True
VFR100_60_9,2,1141402219,Contrast,FRB4-p1,9858,9858,True
VFR100_60_9,2,1141402219,Contrast,INEH-inspired,9972,9972,True
VFR100_60_9,3,1141403228,Elite-only,NEH,9991,9991,True
VFR100_60_9,3,1141403228,Elite-only,NEH-TBKK2,9969,9969,True
VFR100_60_9,3,1141403228,Elite-only,KK2-style-NEH,10008,10008,True
VFR100_60_9,3,1141403228,Elite-only,FRB4-p1,9862,9862,True
VFR100_60_9,3,1141403228,Elite-only,INEH-inspired,9887,9887,True
VFR100_60_9,3,1141403228,Contrast,NEH,9991,9991,True
VFR100_60_9,3,1141403228,Contrast,NEH-TBKK2,9969,9969,True
VFR100_60_9,3,1141403228,Contrast,KK2-style-NEH,10035,10035,True
VFR100_60_9,3,1141403228,Contrast,FRB4-p1,9886,9886,True
VFR100_60_9,3,1141403228,Contrast,INEH-inspired,9984,9984,True
VFR100_60_9,4,1141404237,Elite-only,NEH,9991,9991,True
VFR100_60_9,4,1141404237,Elite-only,NEH-TBKK2,9969,9969,True
VFR100_60_9,4,1141404237,Elite-only,KK2-style-NEH,10008,10008,True
VFR100_60_9,4,1141404237,Elite-only,FRB4-p1,9834,9834,True
VFR100_60_9,4,1141404237,Elite-only,INEH-inspired,9891,9891,True
VFR100_60_9,4,1141404237,Contrast,NEH,9991,9991,True
VFR100_60_9,4,1141404237,Contrast,NEH-TBKK2,9969,9969,True
VFR100_60_9,4,1141404237,Contrast,KK2-style-NEH,10035,10035,True
VFR100_60_9,4,1141404237,Contrast,FRB4-p1,9859,9859,True
VFR100_60_9,4,1141404237,Contrast,INEH-inspired,9921,9921,True
VFR100_60_9,5,1141405246,Elite-only,NEH,9944,9944,True
VFR100_60_9,5,1141405246,Elite-only,NEH-TBKK2,9962,9962,True
VFR100_60_9,5,1141405246,Elite-only,KK2-style-NEH,10008,10008,True
VFR100_60_9,5,1141405246,Elite-only,FRB4-p1,9909,9909,True
VFR100_60_9,5,1141405246,Elite-only,INEH-inspired,9897,9897,True
VFR100_60_9,5,1141405246,Contrast,NEH,9944,9944,True
VFR100_60_9,5,1141405246,Contrast,NEH-TBKK2,9981,9981,True
VFR100_60_9,5,1141405246,Contrast,KK2-style-NEH,10035,10035,True
VFR100_60_9,5,1141405246,Contrast,FRB4-p1,9906,9906,True
VFR100_60_9,5,1141405246,Contrast,INEH-inspired,9928,9928,True
VFR100_60_10,1,1141501210,Elite-only,NEH,10046,10046,True
VFR100_60_10,1,1141501210,Elite-only,NEH-TBKK2,10025,10025,True
VFR100_60_10,1,1141501210,Elite-only,KK2-style-NEH,10208,10208,True
VFR100_60_10,1,1141501210,Elite-only,FRB4-p1,9894,9894,True
VFR100_60_10,1,1141501210,Elite-only,INEH-inspired,9968,9968,True
VFR100_60_10,1,1141501210,Contrast,NEH,10081,10081,True
VFR100_60_10,1,1141501210,Contrast,NEH-TBKK2,10025,10025,True
VFR100_60_10,1,1141501210,Contrast,KK2-style-NEH,10208,10208,True
VFR100_60_10,1,1141501210,Contrast,FRB4-p1,9911,9911,True
VFR100_60_10,1,1141501210,Contrast,INEH-inspired,9997,9997,True
VFR100_60_10,2,1141502219,Elite-only,NEH,10081,10081,True
VFR100_60_10,2,1141502219,Elite-only,NEH-TBKK2,10025,10025,True
VFR100_60_10,2,1141502219,Elite-only,KK2-style-NEH,10208,10208,True
VFR100_60_10,2,1141502219,Elite-only,FRB4-p1,9923,9923,True
VFR100_60_10,2,1141502219,Elite-only,INEH-inspired,10009,10009,True
VFR100_60_10,2,1141502219,Contrast,NEH,10081,10081,True
VFR100_60_10,2,1141502219,Contrast,NEH-TBKK2,10025,10025,True
VFR100_60_10,2,1141502219,Contrast,KK2-style-NEH,10208,10208,True
VFR100_60_10,2,1141502219,Contrast,FRB4-p1,9928,9928,True
VFR100_60_10,2,1141502219,Contrast,INEH-inspired,9940,9940,True
VFR100_60_10,3,1141503228,Elite-only,NEH,10046,10046,True
VFR100_60_10,3,1141503228,Elite-only,NEH-TBKK2,10025,10025,True
VFR100_60_10,3,1141503228,Elite-only,KK2-style-NEH,10208,10208,True
VFR100_60_10,3,1141503228,Elite-only,FRB4-p1,9952,9952,True
VFR100_60_10,3,1141503228,Elite-only,INEH-inspired,10042,10042,True
VFR100_60_10,3,1141503228,Contrast,NEH,10081,10081,True
VFR100_60_10,3,1141503228,Contrast,NEH-TBKK2,10025,10025,True
VFR100_60_10,3,1141503228,Contrast,KK2-style-NEH,10208,10208,True
VFR100_60_10,3,1141503228,Contrast,FRB4-p1,9915,9915,True
VFR100_60_10,3,1141503228,Contrast,INEH-inspired,9893,9893,True
VFR100_60_10,4,1141504237,Elite-only,NEH,10046,10046,True
VFR100_60_10,4,1141504237,Elite-only,NEH-TBKK2,10025,10025,True
VFR100_60_10,4,1141504237,Elite-only,KK2-style-NEH,10208,10208,True
VFR100_60_10,4,1141504237,Elite-only,FRB4-p1,9945,9945,True
VFR100_60_10,4,1141504237,Elite-only,INEH-inspired,10094,10094,True
VFR100_60_10,4,1141504237,Contrast,NEH,10046,10046,True
VFR100_60_10,4,1141504237,Contrast,NEH-TBKK2,10025,10025,True
VFR100_60_10,4,1141504237,Contrast,KK2-style-NEH,10208,10208,True
VFR100_60_10,4,1141504237,Contrast,FRB4-p1,9920,9920,True
VFR100_60_10,4,1141504237,Contrast,INEH-inspired,10005,10005,True
VFR100_60_10,5,1141505246,Elite-only,NEH,10046,10046,True
VFR100_60_10,5,1141505246,Elite-only,NEH-TBKK2,10025,10025,True
VFR100_60_10,5,1141505246,Elite-only,KK2-style-NEH,10208,10208,True
VFR100_60_10,5,1141505246,Elite-only,FRB4-p1,9961,9961,True
VFR100_60_10,5,1141505246,Elite-only,INEH-inspired,9877,9877,True
VFR100_60_10,5,1141505246,Contrast,NEH,10081,10081,True
VFR100_60_10,5,1141505246,Contrast,NEH-TBKK2,10025,10025,True
VFR100_60_10,5,1141505246,Contrast,KK2-style-NEH,10208,10208,True
VFR100_60_10,5,1141505246,Contrast,FRB4-p1,9974,9974,True
VFR100_60_10,5,1141505246,Contrast,INEH-inspired,10029,10029,True
