ProblemID,Group,Config,Mining,Family,MeanCmax
Ta100_10_1,100×10,Baseline,Contrast,FRB4-p1,5836.2
Ta100_10_1,100×10,Baseline,Contrast,INEH-inspired,5878.0
Ta100_10_1,100×10,Baseline,Contrast,KK2-style-NEH,5977.0
Ta100_10_1,100×10,Baseline,Contrast,NEH,5877.6
Ta100_10_1,100×10,Baseline,Contrast,NEH-TBKK2,5887.4
Ta100_10_1,100×10,Baseline,Elite-only,FRB4-p1,5810.0
Ta100_10_1,100×10,Baseline,Elite-only,INEH-inspired,5858.6
Ta100_10_1,100×10,Baseline,Elite-only,KK2-style-NEH,5959.0
Ta100_10_1,100×10,Baseline,Elite-only,NEH,5861.8
Ta100_10_1,100×10,Baseline,Elite-only,NEH-TBKK2,5896.6
Ta100_10_1,100×10,Elite_025,Contrast,FRB4-p1,5820.2
Ta100_10_1,100×10,Elite_025,Contrast,INEH-inspired,5866.8
Ta100_10_1,100×10,Elite_025,Contrast,KK2-style-NEH,5975.2
Ta100_10_1,100×10,Elite_025,Contrast,NEH,5880.8
Ta100_10_1,100×10,Elite_025,Contrast,NEH-TBKK2,5897.4
Ta100_10_1,100×10,Elite_025,Elite-only,FRB4-p1,5819.8
Ta100_10_1,100×10,Elite_025,Elite-only,INEH-inspired,5873.0
Ta100_10_1,100×10,Elite_025,Elite-only,KK2-style-NEH,5947.4
Ta100_10_1,100×10,Elite_025,Elite-only,NEH,5854.6
Ta100_10_1,100×10,Elite_025,Elite-only,NEH-TBKK2,5895.2
Ta100_10_1,100×10,Elite_10,Contrast,FRB4-p1,5824.0
Ta100_10_1,100×10,Elite_10,Contrast,INEH-inspired,5860.6
Ta100_10_1,100×10,Elite_10,Contrast,KK2-style-NEH,5978.4
Ta100_10_1,100×10,Elite_10,Contrast,NEH,5865.4
Ta100_10_1,100×10,Elite_10,Contrast,NEH-TBKK2,5894.8
Ta100_10_1,100×10,Elite_10,Elite-only,FRB4-p1,5826.4
Ta100_10_1,100×10,Elite_10,Elite-only,INEH-inspired,5867.4
Ta100_10_1,100×10,Elite_10,Elite-only,KK2-style-NEH,5957.6
Ta100_10_1,100×10,Elite_10,Elite-only,NEH,5846.6
Ta100_10_1,100×10,Elite_10,Elite-only,NEH-TBKK2,5891.6
Ta100_10_1,100×10,PRules_2n,Contrast,FRB4-p1,5824.8
Ta100_10_1,100×10,PRules_2n,Contrast,INEH-inspired,5859.8
Ta100_10_1,100×10,PRules_2n,Contrast,KK2-style-NEH,5941.0
Ta100_10_1,100×10,PRules_2n,Contrast,NEH,5882.0
Ta100_10_1,100×10,PRules_2n,Contrast,NEH-TBKK2,5891.6
Ta100_10_1,100×10,PRules_2n,Elite-only,FRB4-p1,5808.4
Ta100_10_1,100×10,PRules_2n,Elite-only,INEH-inspired,5874.2
Ta100_10_1,100×10,PRules_2n,Elite-only,KK2-style-NEH,5954.0
Ta100_10_1,100×10,PRules_2n,Elite-only,NEH,5858.6
Ta100_10_1,100×10,PRules_2n,Elite-only,NEH-TBKK2,5892.6
Ta100_10_1,100×10,PRules_4n,Contrast,FRB4-p1,5832.8
Ta100_10_1,100×10,PRules_4n,Contrast,INEH-inspired,5865.0
Ta100_10_1,100×10,PRules_4n,Contrast,KK2-style-NEH,5950.6
Ta100_10_1,100×10,PRules_4n,Contrast,NEH,5887.8
Ta100_10_1,100×10,PRules_4n,Contrast,NEH-TBKK2,5883.2
Ta100_10_1,100×10,PRules_4n,Elite-only,FRB4-p1,5822.0
Ta100_10_1,100×10,PRules_4n,Elite-only,INEH-inspired,5868.4
Ta100_10_1,100×10,PRules_4n,Elite-only,KK2-style-NEH,5950.0
Ta100_10_1,100×10,PRules_4n,Elite-only,NEH,5861.8
Ta100_10_1,100×10,PRules_4n,Elite-only,NEH-TBKK2,5862.0
Ta100_10_1,100×10,Poor_05,Contrast,FRB4-p1,5817.4
Ta100_10_1,100×10,Poor_05,Contrast,INEH-inspired,5880.6
Ta100_10_1,100×10,Poor_05,Contrast,KK2-style-NEH,5981.0
Ta100_10_1,100×10,Poor_05,Contrast,NEH,5873.8
Ta100_10_1,100×10,Poor_05,Contrast,NEH-TBKK2,5888.4
Ta100_10_1,100×10,Poor_05,Elite-only,FRB4-p1,5810.0
Ta100_10_1,100×10,Poor_05,Elite-only,INEH-inspired,5858.6
Ta100_10_1,100×10,Poor_05,Elite-only,KK2-style-NEH,5959.0
Ta100_10_1,100×10,Poor_05,Elite-only,NEH,5861.8
Ta100_10_1,100×10,Poor_05,Elite-only,NEH-TBKK2,5896.6
Ta100_10_1,100×10,Poor_20,Contrast,FRB4-p1,5829.0
Ta100_10_1,100×10,Poor_20,Contrast,INEH-inspired,5852.2
Ta100_10_1,100×10,Poor_20,Contrast,KK2-style-NEH,5965.6
Ta100_10_1,100×10,Poor_20,Contrast,NEH,5882.8
Ta100_10_1,100×10,Poor_20,Contrast,NEH-TBKK2,5883.4
Ta100_10_1,100×10,Poor_20,Elite-only,FRB4-p1,5810.0
Ta100_10_1,100×10,Poor_20,Elite-only,INEH-inspired,5858.6
Ta100_10_1,100×10,Poor_20,Elite-only,KK2-style-NEH,5959.0
Ta100_10_1,100×10,Poor_20,Elite-only,NEH,5861.8
Ta100_10_1,100×10,Poor_20,Elite-only,NEH-TBKK2,5896.6
Ta100_10_1,100×10,Regions_2,Contrast,FRB4-p1,5823.0
Ta100_10_1,100×10,Regions_2,Contrast,INEH-inspired,5879.6
Ta100_10_1,100×10,Regions_2,Contrast,KK2-style-NEH,5995.6
Ta100_10_1,100×10,Regions_2,Contrast,NEH,5841.0
Ta100_10_1,100×10,Regions_2,Contrast,NEH-TBKK2,5868.2
Ta100_10_1,100×10,Regions_2,Elite-only,FRB4-p1,5828.2
Ta100_10_1,100×10,Regions_2,Elite-only,INEH-inspired,5869.8
Ta100_10_1,100×10,Regions_2,Elite-only,KK2-style-NEH,6018.6
Ta100_10_1,100×10,Regions_2,Elite-only,NEH,5854.2
Ta100_10_1,100×10,Regions_2,Elite-only,NEH-TBKK2,5878.4
Ta100_10_1,100×10,Regions_8,Contrast,FRB4-p1,5834.2
Ta100_10_1,100×10,Regions_8,Contrast,INEH-inspired,5872.0
Ta100_10_1,100×10,Regions_8,Contrast,KK2-style-NEH,5990.8
Ta100_10_1,100×10,Regions_8,Contrast,NEH,5880.2
Ta100_10_1,100×10,Regions_8,Contrast,NEH-TBKK2,5869.4
Ta100_10_1,100×10,Regions_8,Elite-only,FRB4-p1,5829.2
Ta100_10_1,100×10,Regions_8,Elite-only,INEH-inspired,5847.0
Ta100_10_1,100×10,Regions_8,Elite-only,KK2-style-NEH,6005.4
Ta100_10_1,100×10,Regions_8,Elite-only,NEH,5856.8
Ta100_10_1,100×10,Regions_8,Elite-only,NEH-TBKK2,5888.2
Ta100_10_1,100×10,q_2,Contrast,FRB4-p1,5834.2
Ta100_10_1,100×10,q_2,Contrast,INEH-inspired,5864.6
Ta100_10_1,100×10,q_2,Contrast,KK2-style-NEH,5977.0
Ta100_10_1,100×10,q_2,Contrast,NEH,5877.6
Ta100_10_1,100×10,q_2,Contrast,NEH-TBKK2,5887.4
Ta100_10_1,100×10,q_2,Elite-only,FRB4-p1,5827.8
Ta100_10_1,100×10,q_2,Elite-only,INEH-inspired,5884.0
Ta100_10_1,100×10,q_2,Elite-only,KK2-style-NEH,5959.0
Ta100_10_1,100×10,q_2,Elite-only,NEH,5861.8
Ta100_10_1,100×10,q_2,Elite-only,NEH-TBKK2,5896.6
Ta100_10_1,100×10,q_6,Contrast,FRB4-p1,5835.2
Ta100_10_1,100×10,q_6,Contrast,INEH-inspired,5857.4
Ta100_10_1,100×10,q_6,Contrast,KK2-style-NEH,5977.0
Ta100_10_1,100×10,q_6,Contrast,NEH,5877.6
Ta100_10_1,100×10,q_6,Contrast,NEH-TBKK2,5887.4
Ta100_10_1,100×10,q_6,Elite-only,FRB4-p1,5814.6
Ta100_10_1,100×10,q_6,Elite-only,INEH-inspired,5853.0
Ta100_10_1,100×10,q_6,Elite-only,KK2-style-NEH,5959.0
Ta100_10_1,100×10,q_6,Elite-only,NEH,5861.8
Ta100_10_1,100×10,q_6,Elite-only,NEH-TBKK2,5896.6
Ta100_10_10,100×10,Baseline,Contrast,FRB4-p1,5903.0
Ta100_10_10,100×10,Baseline,Contrast,INEH-inspired,5909.4
Ta100_10_10,100×10,Baseline,Contrast,KK2-style-NEH,5934.4
Ta100_10_10,100×10,Baseline,Contrast,NEH,5909.2
Ta100_10_10,100×10,Baseline,Contrast,NEH-TBKK2,5920.4
Ta100_10_10,100×10,Baseline,Elite-only,FRB4-p1,5903.0
Ta100_10_10,100×10,Baseline,Elite-only,INEH-inspired,5905.8
Ta100_10_10,100×10,Baseline,Elite-only,KK2-style-NEH,5947.4
Ta100_10_10,100×10,Baseline,Elite-only,NEH,5923.2
Ta100_10_10,100×10,Baseline,Elite-only,NEH-TBKK2,5913.6
Ta100_10_10,100×10,Elite_025,Contrast,FRB4-p1,5903.0
Ta100_10_10,100×10,Elite_025,Contrast,INEH-inspired,5904.2
Ta100_10_10,100×10,Elite_025,Contrast,KK2-style-NEH,5937.6
Ta100_10_10,100×10,Elite_025,Contrast,NEH,5920.6
Ta100_10_10,100×10,Elite_025,Contrast,NEH-TBKK2,5914.6
Ta100_10_10,100×10,Elite_025,Elite-only,FRB4-p1,5898.4
Ta100_10_10,100×10,Elite_025,Elite-only,INEH-inspired,5903.0
Ta100_10_10,100×10,Elite_025,Elite-only,KK2-style-NEH,5960.4
Ta100_10_10,100×10,Elite_025,Elite-only,NEH,5922.6
Ta100_10_10,100×10,Elite_025,Elite-only,NEH-TBKK2,5921.6
Ta100_10_10,100×10,Elite_10,Contrast,FRB4-p1,5903.0
Ta100_10_10,100×10,Elite_10,Contrast,INEH-inspired,5903.0
Ta100_10_10,100×10,Elite_10,Contrast,KK2-style-NEH,5929.8
Ta100_10_10,100×10,Elite_10,Contrast,NEH,5913.4
Ta100_10_10,100×10,Elite_10,Contrast,NEH-TBKK2,5903.0
Ta100_10_10,100×10,Elite_10,Elite-only,FRB4-p1,5903.0
Ta100_10_10,100×10,Elite_10,Elite-only,INEH-inspired,5903.0
Ta100_10_10,100×10,Elite_10,Elite-only,KK2-style-NEH,5937.0
Ta100_10_10,100×10,Elite_10,Elite-only,NEH,5915.4
Ta100_10_10,100×10,Elite_10,Elite-only,NEH-TBKK2,5914.2
Ta100_10_10,100×10,PRules_2n,Contrast,FRB4-p1,5895.6
Ta100_10_10,100×10,PRules_2n,Contrast,INEH-inspired,5904.4
Ta100_10_10,100×10,PRules_2n,Contrast,KK2-style-NEH,5956.4
Ta100_10_10,100×10,PRules_2n,Contrast,NEH,5906.8
Ta100_10_10,100×10,PRules_2n,Contrast,NEH-TBKK2,5911.2
Ta100_10_10,100×10,PRules_2n,Elite-only,FRB4-p1,5903.0
Ta100_10_10,100×10,PRules_2n,Elite-only,INEH-inspired,5903.2
Ta100_10_10,100×10,PRules_2n,Elite-only,KK2-style-NEH,5955.8
Ta100_10_10,100×10,PRules_2n,Elite-only,NEH,5933.4
Ta100_10_10,100×10,PRules_2n,Elite-only,NEH-TBKK2,5911.6
Ta100_10_10,100×10,PRules_4n,Contrast,FRB4-p1,5897.0
Ta100_10_10,100×10,PRules_4n,Contrast,INEH-inspired,5904.2
Ta100_10_10,100×10,PRules_4n,Contrast,KK2-style-NEH,5939.6
Ta100_10_10,100×10,PRules_4n,Contrast,NEH,5909.2
Ta100_10_10,100×10,PRules_4n,Contrast,NEH-TBKK2,5920.4
Ta100_10_10,100×10,PRules_4n,Elite-only,FRB4-p1,5883.4
Ta100_10_10,100×10,PRules_4n,Elite-only,INEH-inspired,5904.2
Ta100_10_10,100×10,PRules_4n,Elite-only,KK2-style-NEH,5943.6
Ta100_10_10,100×10,PRules_4n,Elite-only,NEH,5906.8
Ta100_10_10,100×10,PRules_4n,Elite-only,NEH-TBKK2,5916.6
Ta100_10_10,100×10,Poor_05,Contrast,FRB4-p1,5903.0
Ta100_10_10,100×10,Poor_05,Contrast,INEH-inspired,5903.0
Ta100_10_10,100×10,Poor_05,Contrast,KK2-style-NEH,5926.4
Ta100_10_10,100×10,Poor_05,Contrast,NEH,5910.4
Ta100_10_10,100×10,Poor_05,Contrast,NEH-TBKK2,5932.8
Ta100_10_10,100×10,Poor_05,Elite-only,FRB4-p1,5903.0
Ta100_10_10,100×10,Poor_05,Elite-only,INEH-inspired,5905.8
Ta100_10_10,100×10,Poor_05,Elite-only,KK2-style-NEH,5947.4
Ta100_10_10,100×10,Poor_05,Elite-only,NEH,5923.2
Ta100_10_10,100×10,Poor_05,Elite-only,NEH-TBKK2,5913.6
Ta100_10_10,100×10,Poor_20,Contrast,FRB4-p1,5903.0
Ta100_10_10,100×10,Poor_20,Contrast,INEH-inspired,5903.0
Ta100_10_10,100×10,Poor_20,Contrast,KK2-style-NEH,5933.6
Ta100_10_10,100×10,Poor_20,Contrast,NEH,5911.8
Ta100_10_10,100×10,Poor_20,Contrast,NEH-TBKK2,5926.2
Ta100_10_10,100×10,Poor_20,Elite-only,FRB4-p1,5903.0
Ta100_10_10,100×10,Poor_20,Elite-only,INEH-inspired,5905.8
Ta100_10_10,100×10,Poor_20,Elite-only,KK2-style-NEH,5947.4
Ta100_10_10,100×10,Poor_20,Elite-only,NEH,5923.2
Ta100_10_10,100×10,Poor_20,Elite-only,NEH-TBKK2,5913.6
Ta100_10_10,100×10,Regions_2,Contrast,FRB4-p1,5899.4
Ta100_10_10,100×10,Regions_2,Contrast,INEH-inspired,5903.0
Ta100_10_10,100×10,Regions_2,Contrast,KK2-style-NEH,6006.2
Ta100_10_10,100×10,Regions_2,Contrast,NEH,5915.2
Ta100_10_10,100×10,Regions_2,Contrast,NEH-TBKK2,5903.8
Ta100_10_10,100×10,Regions_2,Elite-only,FRB4-p1,5899.6
Ta100_10_10,100×10,Regions_2,Elite-only,INEH-inspired,5903.0
Ta100_10_10,100×10,Regions_2,Elite-only,KK2-style-NEH,6029.8
Ta100_10_10,100×10,Regions_2,Elite-only,NEH,5906.6
Ta100_10_10,100×10,Regions_2,Elite-only,NEH-TBKK2,5920.4
Ta100_10_10,100×10,Regions_8,Contrast,FRB4-p1,5903.0
Ta100_10_10,100×10,Regions_8,Contrast,INEH-inspired,5903.0
Ta100_10_10,100×10,Regions_8,Contrast,KK2-style-NEH,5954.4
Ta100_10_10,100×10,Regions_8,Contrast,NEH,5909.0
Ta100_10_10,100×10,Regions_8,Contrast,NEH-TBKK2,5939.6
Ta100_10_10,100×10,Regions_8,Elite-only,FRB4-p1,5898.6
Ta100_10_10,100×10,Regions_8,Elite-only,INEH-inspired,5905.6
Ta100_10_10,100×10,Regions_8,Elite-only,KK2-style-NEH,5908.8
Ta100_10_10,100×10,Regions_8,Elite-only,NEH,5912.8
Ta100_10_10,100×10,Regions_8,Elite-only,NEH-TBKK2,5944.8
Ta100_10_10,100×10,q_2,Contrast,FRB4-p1,5903.0
Ta100_10_10,100×10,q_2,Contrast,INEH-inspired,5904.4
Ta100_10_10,100×10,q_2,Contrast,KK2-style-NEH,5934.4
Ta100_10_10,100×10,q_2,Contrast,NEH,5909.2
Ta100_10_10,100×10,q_2,Contrast,NEH-TBKK2,5920.4
Ta100_10_10,100×10,q_2,Elite-only,FRB4-p1,5898.6
Ta100_10_10,100×10,q_2,Elite-only,INEH-inspired,5904.8
Ta100_10_10,100×10,q_2,Elite-only,KK2-style-NEH,5947.4
Ta100_10_10,100×10,q_2,Elite-only,NEH,5923.2
Ta100_10_10,100×10,q_2,Elite-only,NEH-TBKK2,5913.6
Ta100_10_10,100×10,q_6,Contrast,FRB4-p1,5903.0
Ta100_10_10,100×10,q_6,Contrast,INEH-inspired,5912.2
Ta100_10_10,100×10,q_6,Contrast,KK2-style-NEH,5934.4
Ta100_10_10,100×10,q_6,Contrast,NEH,5909.2
Ta100_10_10,100×10,q_6,Contrast,NEH-TBKK2,5920.4
Ta100_10_10,100×10,q_6,Elite-only,FRB4-p1,5898.4
Ta100_10_10,100×10,q_6,Elite-only,INEH-inspired,5903.6
Ta100_10_10,100×10,q_6,Elite-only,KK2-style-NEH,5947.4
Ta100_10_10,100×10,q_6,Elite-only,NEH,5923.2
Ta100_10_10,100×10,q_6,Elite-only,NEH-TBKK2,5913.6
Ta100_20_1,100×20,Baseline,Contrast,FRB4-p1,6507.0
Ta100_20_1,100×20,Baseline,Contrast,INEH-inspired,6513.2
Ta100_20_1,100×20,Baseline,Contrast,KK2-style-NEH,6659.4
Ta100_20_1,100×20,Baseline,Contrast,NEH,6573.0
Ta100_20_1,100×20,Baseline,Contrast,NEH-TBKK2,6539.0
Ta100_20_1,100×20,Baseline,Elite-only,FRB4-p1,6478.0
Ta100_20_1,100×20,Baseline,Elite-only,INEH-inspired,6539.6
Ta100_20_1,100×20,Baseline,Elite-only,KK2-style-NEH,6663.4
Ta100_20_1,100×20,Baseline,Elite-only,NEH,6573.0
Ta100_20_1,100×20,Baseline,Elite-only,NEH-TBKK2,6538.4
Ta100_20_1,100×20,Elite_025,Contrast,FRB4-p1,6497.6
Ta100_20_1,100×20,Elite_025,Contrast,INEH-inspired,6524.0
Ta100_20_1,100×20,Elite_025,Contrast,KK2-style-NEH,6670.2
Ta100_20_1,100×20,Elite_025,Contrast,NEH,6573.0
Ta100_20_1,100×20,Elite_025,Contrast,NEH-TBKK2,6539.0
Ta100_20_1,100×20,Elite_025,Elite-only,FRB4-p1,6460.8
Ta100_20_1,100×20,Elite_025,Elite-only,INEH-inspired,6521.2
Ta100_20_1,100×20,Elite_025,Elite-only,KK2-style-NEH,6664.2
Ta100_20_1,100×20,Elite_025,Elite-only,NEH,6574.0
Ta100_20_1,100×20,Elite_025,Elite-only,NEH-TBKK2,6541.4
Ta100_20_1,100×20,Elite_10,Contrast,FRB4-p1,6492.4
Ta100_20_1,100×20,Elite_10,Contrast,INEH-inspired,6496.4
Ta100_20_1,100×20,Elite_10,Contrast,KK2-style-NEH,6659.4
Ta100_20_1,100×20,Elite_10,Contrast,NEH,6573.0
Ta100_20_1,100×20,Elite_10,Contrast,NEH-TBKK2,6549.4
Ta100_20_1,100×20,Elite_10,Elite-only,FRB4-p1,6500.0
Ta100_20_1,100×20,Elite_10,Elite-only,INEH-inspired,6575.4
Ta100_20_1,100×20,Elite_10,Elite-only,KK2-style-NEH,6660.2
Ta100_20_1,100×20,Elite_10,Elite-only,NEH,6573.0
Ta100_20_1,100×20,Elite_10,Elite-only,NEH-TBKK2,6538.4
Ta100_20_1,100×20,PRules_2n,Contrast,FRB4-p1,6527.8
Ta100_20_1,100×20,PRules_2n,Contrast,INEH-inspired,6507.0
Ta100_20_1,100×20,PRules_2n,Contrast,KK2-style-NEH,6661.6
Ta100_20_1,100×20,PRules_2n,Contrast,NEH,6573.0
Ta100_20_1,100×20,PRules_2n,Contrast,NEH-TBKK2,6539.0
Ta100_20_1,100×20,PRules_2n,Elite-only,FRB4-p1,6510.0
Ta100_20_1,100×20,PRules_2n,Elite-only,INEH-inspired,6526.2
Ta100_20_1,100×20,PRules_2n,Elite-only,KK2-style-NEH,6664.2
Ta100_20_1,100×20,PRules_2n,Elite-only,NEH,6573.0
Ta100_20_1,100×20,PRules_2n,Elite-only,NEH-TBKK2,6538.4
Ta100_20_1,100×20,PRules_4n,Contrast,FRB4-p1,6504.0
Ta100_20_1,100×20,PRules_4n,Contrast,INEH-inspired,6531.4
Ta100_20_1,100×20,PRules_4n,Contrast,KK2-style-NEH,6679.4
Ta100_20_1,100×20,PRules_4n,Contrast,NEH,6576.6
Ta100_20_1,100×20,PRules_4n,Contrast,NEH-TBKK2,6539.0
Ta100_20_1,100×20,PRules_4n,Elite-only,FRB4-p1,6499.4
Ta100_20_1,100×20,PRules_4n,Elite-only,INEH-inspired,6518.0
Ta100_20_1,100×20,PRules_4n,Elite-only,KK2-style-NEH,6661.0
Ta100_20_1,100×20,PRules_4n,Elite-only,NEH,6576.6
Ta100_20_1,100×20,PRules_4n,Elite-only,NEH-TBKK2,6538.4
Ta100_20_1,100×20,Poor_05,Contrast,FRB4-p1,6487.0
Ta100_20_1,100×20,Poor_05,Contrast,INEH-inspired,6536.6
Ta100_20_1,100×20,Poor_05,Contrast,KK2-style-NEH,6658.2
Ta100_20_1,100×20,Poor_05,Contrast,NEH,6573.0
Ta100_20_1,100×20,Poor_05,Contrast,NEH-TBKK2,6557.2
Ta100_20_1,100×20,Poor_05,Elite-only,FRB4-p1,6478.0
Ta100_20_1,100×20,Poor_05,Elite-only,INEH-inspired,6539.6
Ta100_20_1,100×20,Poor_05,Elite-only,KK2-style-NEH,6663.4
Ta100_20_1,100×20,Poor_05,Elite-only,NEH,6573.0
Ta100_20_1,100×20,Poor_05,Elite-only,NEH-TBKK2,6538.4
Ta100_20_1,100×20,Poor_20,Contrast,FRB4-p1,6512.2
Ta100_20_1,100×20,Poor_20,Contrast,INEH-inspired,6511.0
Ta100_20_1,100×20,Poor_20,Contrast,KK2-style-NEH,6661.8
Ta100_20_1,100×20,Poor_20,Contrast,NEH,6573.0
Ta100_20_1,100×20,Poor_20,Contrast,NEH-TBKK2,6542.2
Ta100_20_1,100×20,Poor_20,Elite-only,FRB4-p1,6478.0
Ta100_20_1,100×20,Poor_20,Elite-only,INEH-inspired,6539.6
Ta100_20_1,100×20,Poor_20,Elite-only,KK2-style-NEH,6663.4
Ta100_20_1,100×20,Poor_20,Elite-only,NEH,6573.0
Ta100_20_1,100×20,Poor_20,Elite-only,NEH-TBKK2,6538.4
Ta100_20_1,100×20,Regions_2,Contrast,FRB4-p1,6494.2
Ta100_20_1,100×20,Regions_2,Contrast,INEH-inspired,6516.0
Ta100_20_1,100×20,Regions_2,Contrast,KK2-style-NEH,6667.4
Ta100_20_1,100×20,Regions_2,Contrast,NEH,6561.4
Ta100_20_1,100×20,Regions_2,Contrast,NEH-TBKK2,6589.6
Ta100_20_1,100×20,Regions_2,Elite-only,FRB4-p1,6479.0
Ta100_20_1,100×20,Regions_2,Elite-only,INEH-inspired,6524.6
Ta100_20_1,100×20,Regions_2,Elite-only,KK2-style-NEH,6675.8
Ta100_20_1,100×20,Regions_2,Elite-only,NEH,6566.0
Ta100_20_1,100×20,Regions_2,Elite-only,NEH-TBKK2,6578.6
Ta100_20_1,100×20,Regions_8,Contrast,FRB4-p1,6486.8
Ta100_20_1,100×20,Regions_8,Contrast,INEH-inspired,6526.0
Ta100_20_1,100×20,Regions_8,Contrast,KK2-style-NEH,6681.8
Ta100_20_1,100×20,Regions_8,Contrast,NEH,6549.6
Ta100_20_1,100×20,Regions_8,Contrast,NEH-TBKK2,6556.8
Ta100_20_1,100×20,Regions_8,Elite-only,FRB4-p1,6490.8
Ta100_20_1,100×20,Regions_8,Elite-only,INEH-inspired,6548.8
Ta100_20_1,100×20,Regions_8,Elite-only,KK2-style-NEH,6646.2
Ta100_20_1,100×20,Regions_8,Elite-only,NEH,6553.4
Ta100_20_1,100×20,Regions_8,Elite-only,NEH-TBKK2,6564.8
Ta100_20_1,100×20,q_2,Contrast,FRB4-p1,6504.2
Ta100_20_1,100×20,q_2,Contrast,INEH-inspired,6524.6
Ta100_20_1,100×20,q_2,Contrast,KK2-style-NEH,6659.4
Ta100_20_1,100×20,q_2,Contrast,NEH,6573.0
Ta100_20_1,100×20,q_2,Contrast,NEH-TBKK2,6539.0
Ta100_20_1,100×20,q_2,Elite-only,FRB4-p1,6480.6
Ta100_20_1,100×20,q_2,Elite-only,INEH-inspired,6556.6
Ta100_20_1,100×20,q_2,Elite-only,KK2-style-NEH,6663.4
Ta100_20_1,100×20,q_2,Elite-only,NEH,6573.0
Ta100_20_1,100×20,q_2,Elite-only,NEH-TBKK2,6538.4
Ta100_20_1,100×20,q_6,Contrast,FRB4-p1,6479.4
Ta100_20_1,100×20,q_6,Contrast,INEH-inspired,6527.2
Ta100_20_1,100×20,q_6,Contrast,KK2-style-NEH,6659.4
Ta100_20_1,100×20,q_6,Contrast,NEH,6573.0
Ta100_20_1,100×20,q_6,Contrast,NEH-TBKK2,6539.0
Ta100_20_1,100×20,q_6,Elite-only,FRB4-p1,6493.2
Ta100_20_1,100×20,q_6,Elite-only,INEH-inspired,6509.6
Ta100_20_1,100×20,q_6,Elite-only,KK2-style-NEH,6663.4
Ta100_20_1,100×20,q_6,Elite-only,NEH,6573.0
Ta100_20_1,100×20,q_6,Elite-only,NEH-TBKK2,6538.4
Ta100_20_10,100×20,Baseline,Contrast,FRB4-p1,6629.6
Ta100_20_10,100×20,Baseline,Contrast,INEH-inspired,6719.6
Ta100_20_10,100×20,Baseline,Contrast,KK2-style-NEH,6815.0
Ta100_20_10,100×20,Baseline,Contrast,NEH,6689.4
Ta100_20_10,100×20,Baseline,Contrast,NEH-TBKK2,6682.0
Ta100_20_10,100×20,Baseline,Elite-only,FRB4-p1,6657.8
Ta100_20_10,100×20,Baseline,Elite-only,INEH-inspired,6671.8
Ta100_20_10,100×20,Baseline,Elite-only,KK2-style-NEH,6820.6
Ta100_20_10,100×20,Baseline,Elite-only,NEH,6682.6
Ta100_20_10,100×20,Baseline,Elite-only,NEH-TBKK2,6681.0
Ta100_20_10,100×20,Elite_025,Contrast,FRB4-p1,6660.8
Ta100_20_10,100×20,Elite_025,Contrast,INEH-inspired,6694.6
Ta100_20_10,100×20,Elite_025,Contrast,KK2-style-NEH,6815.0
Ta100_20_10,100×20,Elite_025,Contrast,NEH,6698.2
Ta100_20_10,100×20,Elite_025,Contrast,NEH-TBKK2,6681.0
Ta100_20_10,100×20,Elite_025,Elite-only,FRB4-p1,6644.2
Ta100_20_10,100×20,Elite_025,Elite-only,INEH-inspired,6672.4
Ta100_20_10,100×20,Elite_025,Elite-only,KK2-style-NEH,6826.2
Ta100_20_10,100×20,Elite_025,Elite-only,NEH,6695.4
Ta100_20_10,100×20,Elite_025,Elite-only,NEH-TBKK2,6681.0
Ta100_20_10,100×20,Elite_10,Contrast,FRB4-p1,6668.6
Ta100_20_10,100×20,Elite_10,Contrast,INEH-inspired,6690.8
Ta100_20_10,100×20,Elite_10,Contrast,KK2-style-NEH,6815.0
Ta100_20_10,100×20,Elite_10,Contrast,NEH,6688.6
Ta100_20_10,100×20,Elite_10,Contrast,NEH-TBKK2,6681.0
Ta100_20_10,100×20,Elite_10,Elite-only,FRB4-p1,6670.0
Ta100_20_10,100×20,Elite_10,Elite-only,INEH-inspired,6690.8
Ta100_20_10,100×20,Elite_10,Elite-only,KK2-style-NEH,6815.0
Ta100_20_10,100×20,Elite_10,Elite-only,NEH,6686.0
Ta100_20_10,100×20,Elite_10,Elite-only,NEH-TBKK2,6681.0
Ta100_20_10,100×20,PRules_2n,Contrast,FRB4-p1,6647.2
Ta100_20_10,100×20,PRules_2n,Contrast,INEH-inspired,6714.6
Ta100_20_10,100×20,PRules_2n,Contrast,KK2-style-NEH,6815.0
Ta100_20_10,100×20,PRules_2n,Contrast,NEH,6688.0
Ta100_20_10,100×20,PRules_2n,Contrast,NEH-TBKK2,6687.2
Ta100_20_10,100×20,PRules_2n,Elite-only,FRB4-p1,6665.0
Ta100_20_10,100×20,PRules_2n,Elite-only,INEH-inspired,6685.4
Ta100_20_10,100×20,PRules_2n,Elite-only,KK2-style-NEH,6815.0
Ta100_20_10,100×20,PRules_2n,Elite-only,NEH,6691.6
Ta100_20_10,100×20,PRules_2n,Elite-only,NEH-TBKK2,6681.0
Ta100_20_10,100×20,PRules_4n,Contrast,FRB4-p1,6639.6
Ta100_20_10,100×20,PRules_4n,Contrast,INEH-inspired,6701.8
Ta100_20_10,100×20,PRules_4n,Contrast,KK2-style-NEH,6803.2
Ta100_20_10,100×20,PRules_4n,Contrast,NEH,6702.2
Ta100_20_10,100×20,PRules_4n,Contrast,NEH-TBKK2,6687.0
Ta100_20_10,100×20,PRules_4n,Elite-only,FRB4-p1,6676.0
Ta100_20_10,100×20,PRules_4n,Elite-only,INEH-inspired,6688.0
Ta100_20_10,100×20,PRules_4n,Elite-only,KK2-style-NEH,6837.4
Ta100_20_10,100×20,PRules_4n,Elite-only,NEH,6691.4
Ta100_20_10,100×20,PRules_4n,Elite-only,NEH-TBKK2,6682.2
Ta100_20_10,100×20,Poor_05,Contrast,FRB4-p1,6647.4
Ta100_20_10,100×20,Poor_05,Contrast,INEH-inspired,6699.8
Ta100_20_10,100×20,Poor_05,Contrast,KK2-style-NEH,6815.0
Ta100_20_10,100×20,Poor_05,Contrast,NEH,6688.6
Ta100_20_10,100×20,Poor_05,Contrast,NEH-TBKK2,6683.2
Ta100_20_10,100×20,Poor_05,Elite-only,FRB4-p1,6657.8
Ta100_20_10,100×20,Poor_05,Elite-only,INEH-inspired,6671.8
Ta100_20_10,100×20,Poor_05,Elite-only,KK2-style-NEH,6820.6
Ta100_20_10,100×20,Poor_05,Elite-only,NEH,6682.6
Ta100_20_10,100×20,Poor_05,Elite-only,NEH-TBKK2,6681.0
Ta100_20_10,100×20,Poor_20,Contrast,FRB4-p1,6640.6
Ta100_20_10,100×20,Poor_20,Contrast,INEH-inspired,6687.6
Ta100_20_10,100×20,Poor_20,Contrast,KK2-style-NEH,6815.0
Ta100_20_10,100×20,Poor_20,Contrast,NEH,6688.6
Ta100_20_10,100×20,Poor_20,Contrast,NEH-TBKK2,6681.0
Ta100_20_10,100×20,Poor_20,Elite-only,FRB4-p1,6657.8
Ta100_20_10,100×20,Poor_20,Elite-only,INEH-inspired,6671.8
Ta100_20_10,100×20,Poor_20,Elite-only,KK2-style-NEH,6820.6
Ta100_20_10,100×20,Poor_20,Elite-only,NEH,6682.6
Ta100_20_10,100×20,Poor_20,Elite-only,NEH-TBKK2,6681.0
Ta100_20_10,100×20,Regions_2,Contrast,FRB4-p1,6623.2
Ta100_20_10,100×20,Regions_2,Contrast,INEH-inspired,6696.6
Ta100_20_10,100×20,Regions_2,Contrast,KK2-style-NEH,6829.0
Ta100_20_10,100×20,Regions_2,Contrast,NEH,6713.2
Ta100_20_10,100×20,Regions_2,Contrast,NEH-TBKK2,6685.2
Ta100_20_10,100×20,Regions_2,Elite-only,FRB4-p1,6635.0
Ta100_20_10,100×20,Regions_2,Elite-only,INEH-inspired,6699.8
Ta100_20_10,100×20,Regions_2,Elite-only,KK2-style-NEH,6829.0
Ta100_20_10,100×20,Regions_2,Elite-only,NEH,6696.2
Ta100_20_10,100×20,Regions_2,Elite-only,NEH-TBKK2,6677.0
Ta100_20_10,100×20,Regions_8,Contrast,FRB4-p1,6658.0
Ta100_20_10,100×20,Regions_8,Contrast,INEH-inspired,6681.4
Ta100_20_10,100×20,Regions_8,Contrast,KK2-style-NEH,6778.0
Ta100_20_10,100×20,Regions_8,Contrast,NEH,6711.2
Ta100_20_10,100×20,Regions_8,Contrast,NEH-TBKK2,6715.6
Ta100_20_10,100×20,Regions_8,Elite-only,FRB4-p1,6640.4
Ta100_20_10,100×20,Regions_8,Elite-only,INEH-inspired,6685.2
Ta100_20_10,100×20,Regions_8,Elite-only,KK2-style-NEH,6826.0
Ta100_20_10,100×20,Regions_8,Elite-only,NEH,6701.6
Ta100_20_10,100×20,Regions_8,Elite-only,NEH-TBKK2,6714.6
Ta100_20_10,100×20,q_2,Contrast,FRB4-p1,6644.4
Ta100_20_10,100×20,q_2,Contrast,INEH-inspired,6667.8
Ta100_20_10,100×20,q_2,Contrast,KK2-style-NEH,6815.0
Ta100_20_10,100×20,q_2,Contrast,NEH,6689.4
Ta100_20_10,100×20,q_2,Contrast,NEH-TBKK2,6682.0
Ta100_20_10,100×20,q_2,Elite-only,FRB4-p1,6665.2
Ta100_20_10,100×20,q_2,Elite-only,INEH-inspired,6698.8
Ta100_20_10,100×20,q_2,Elite-only,KK2-style-NEH,6820.6
Ta100_20_10,100×20,q_2,Elite-only,NEH,6682.6
Ta100_20_10,100×20,q_2,Elite-only,NEH-TBKK2,6681.0
Ta100_20_10,100×20,q_6,Contrast,FRB4-p1,6642.4
Ta100_20_10,100×20,q_6,Contrast,INEH-inspired,6633.8
Ta100_20_10,100×20,q_6,Contrast,KK2-style-NEH,6815.0
Ta100_20_10,100×20,q_6,Contrast,NEH,6689.4
Ta100_20_10,100×20,q_6,Contrast,NEH-TBKK2,6682.0
Ta100_20_10,100×20,q_6,Elite-only,FRB4-p1,6615.0
Ta100_20_10,100×20,q_6,Elite-only,INEH-inspired,6654.6
Ta100_20_10,100×20,q_6,Elite-only,KK2-style-NEH,6820.6
Ta100_20_10,100×20,q_6,Elite-only,NEH,6682.6
Ta100_20_10,100×20,q_6,Elite-only,NEH-TBKK2,6681.0
Ta100_5_1,100×5,Baseline,Contrast,FRB4-p1,5503.8
Ta100_5_1,100×5,Baseline,Contrast,INEH-inspired,5524.4
Ta100_5_1,100×5,Baseline,Contrast,KK2-style-NEH,5581.6
Ta100_5_1,100×5,Baseline,Contrast,NEH,5516.0
Ta100_5_1,100×5,Baseline,Contrast,NEH-TBKK2,5519.0
Ta100_5_1,100×5,Baseline,Elite-only,FRB4-p1,5506.4
Ta100_5_1,100×5,Baseline,Elite-only,INEH-inspired,5529.0
Ta100_5_1,100×5,Baseline,Elite-only,KK2-style-NEH,5565.6
Ta100_5_1,100×5,Baseline,Elite-only,NEH,5516.0
Ta100_5_1,100×5,Baseline,Elite-only,NEH-TBKK2,5523.2
Ta100_5_1,100×5,Elite_025,Contrast,FRB4-p1,5507.6
Ta100_5_1,100×5,Elite_025,Contrast,INEH-inspired,5523.4
Ta100_5_1,100×5,Elite_025,Contrast,KK2-style-NEH,5569.4
Ta100_5_1,100×5,Elite_025,Contrast,NEH,5516.0
Ta100_5_1,100×5,Elite_025,Contrast,NEH-TBKK2,5527.0
Ta100_5_1,100×5,Elite_025,Elite-only,FRB4-p1,5504.6
Ta100_5_1,100×5,Elite_025,Elite-only,INEH-inspired,5536.8
Ta100_5_1,100×5,Elite_025,Elite-only,KK2-style-NEH,5564.8
Ta100_5_1,100×5,Elite_025,Elite-only,NEH,5514.8
Ta100_5_1,100×5,Elite_025,Elite-only,NEH-TBKK2,5510.6
Ta100_5_1,100×5,Elite_10,Contrast,FRB4-p1,5510.0
Ta100_5_1,100×5,Elite_10,Contrast,INEH-inspired,5525.0
Ta100_5_1,100×5,Elite_10,Contrast,KK2-style-NEH,5569.4
Ta100_5_1,100×5,Elite_10,Contrast,NEH,5516.0
Ta100_5_1,100×5,Elite_10,Contrast,NEH-TBKK2,5519.0
Ta100_5_1,100×5,Elite_10,Elite-only,FRB4-p1,5512.8
Ta100_5_1,100×5,Elite_10,Elite-only,INEH-inspired,5535.8
Ta100_5_1,100×5,Elite_10,Elite-only,KK2-style-NEH,5572.2
Ta100_5_1,100×5,Elite_10,Elite-only,NEH,5516.0
Ta100_5_1,100×5,Elite_10,Elite-only,NEH-TBKK2,5527.0
Ta100_5_1,100×5,PRules_2n,Contrast,FRB4-p1,5504.0
Ta100_5_1,100×5,PRules_2n,Contrast,INEH-inspired,5532.8
Ta100_5_1,100×5,PRules_2n,Contrast,KK2-style-NEH,5588.0
Ta100_5_1,100×5,PRules_2n,Contrast,NEH,5516.0
Ta100_5_1,100×5,PRules_2n,Contrast,NEH-TBKK2,5525.6
Ta100_5_1,100×5,PRules_2n,Elite-only,FRB4-p1,5506.4
Ta100_5_1,100×5,PRules_2n,Elite-only,INEH-inspired,5521.0
Ta100_5_1,100×5,PRules_2n,Elite-only,KK2-style-NEH,5575.0
Ta100_5_1,100×5,PRules_2n,Elite-only,NEH,5516.0
Ta100_5_1,100×5,PRules_2n,Elite-only,NEH-TBKK2,5523.2
Ta100_5_1,100×5,PRules_4n,Contrast,FRB4-p1,5505.8
Ta100_5_1,100×5,PRules_4n,Contrast,INEH-inspired,5526.4
Ta100_5_1,100×5,PRules_4n,Contrast,KK2-style-NEH,5557.2
Ta100_5_1,100×5,PRules_4n,Contrast,NEH,5516.0
Ta100_5_1,100×5,PRules_4n,Contrast,NEH-TBKK2,5519.0
Ta100_5_1,100×5,PRules_4n,Elite-only,FRB4-p1,5501.8
Ta100_5_1,100×5,PRules_4n,Elite-only,INEH-inspired,5519.2
Ta100_5_1,100×5,PRules_4n,Elite-only,KK2-style-NEH,5549.4
Ta100_5_1,100×5,PRules_4n,Elite-only,NEH,5516.0
Ta100_5_1,100×5,PRules_4n,Elite-only,NEH-TBKK2,5523.2
Ta100_5_1,100×5,Poor_05,Contrast,FRB4-p1,5508.0
Ta100_5_1,100×5,Poor_05,Contrast,INEH-inspired,5522.6
Ta100_5_1,100×5,Poor_05,Contrast,KK2-style-NEH,5577.2
Ta100_5_1,100×5,Poor_05,Contrast,NEH,5516.0
Ta100_5_1,100×5,Poor_05,Contrast,NEH-TBKK2,5503.0
Ta100_5_1,100×5,Poor_05,Elite-only,FRB4-p1,5506.4
Ta100_5_1,100×5,Poor_05,Elite-only,INEH-inspired,5529.0
Ta100_5_1,100×5,Poor_05,Elite-only,KK2-style-NEH,5565.6
Ta100_5_1,100×5,Poor_05,Elite-only,NEH,5516.0
Ta100_5_1,100×5,Poor_05,Elite-only,NEH-TBKK2,5523.2
Ta100_5_1,100×5,Poor_20,Contrast,FRB4-p1,5509.8
Ta100_5_1,100×5,Poor_20,Contrast,INEH-inspired,5532.0
Ta100_5_1,100×5,Poor_20,Contrast,KK2-style-NEH,5577.0
Ta100_5_1,100×5,Poor_20,Contrast,NEH,5516.0
Ta100_5_1,100×5,Poor_20,Contrast,NEH-TBKK2,5523.2
Ta100_5_1,100×5,Poor_20,Elite-only,FRB4-p1,5506.4
Ta100_5_1,100×5,Poor_20,Elite-only,INEH-inspired,5529.0
Ta100_5_1,100×5,Poor_20,Elite-only,KK2-style-NEH,5565.6
Ta100_5_1,100×5,Poor_20,Elite-only,NEH,5516.0
Ta100_5_1,100×5,Poor_20,Elite-only,NEH-TBKK2,5523.2
Ta100_5_1,100×5,Regions_2,Contrast,FRB4-p1,5501.4
Ta100_5_1,100×5,Regions_2,Contrast,INEH-inspired,5522.6
Ta100_5_1,100×5,Regions_2,Contrast,KK2-style-NEH,5578.6
Ta100_5_1,100×5,Regions_2,Contrast,NEH,5516.0
Ta100_5_1,100×5,Regions_2,Contrast,NEH-TBKK2,5515.0
Ta100_5_1,100×5,Regions_2,Elite-only,FRB4-p1,5497.6
Ta100_5_1,100×5,Regions_2,Elite-only,INEH-inspired,5529.8
Ta100_5_1,100×5,Regions_2,Elite-only,KK2-style-NEH,5572.4
Ta100_5_1,100×5,Regions_2,Elite-only,NEH,5516.0
Ta100_5_1,100×5,Regions_2,Elite-only,NEH-TBKK2,5515.0
Ta100_5_1,100×5,Regions_8,Contrast,FRB4-p1,5520.0
Ta100_5_1,100×5,Regions_8,Contrast,INEH-inspired,5514.8
Ta100_5_1,100×5,Regions_8,Contrast,KK2-style-NEH,5549.0
Ta100_5_1,100×5,Regions_8,Contrast,NEH,5525.4
Ta100_5_1,100×5,Regions_8,Contrast,NEH-TBKK2,5535.0
Ta100_5_1,100×5,Regions_8,Elite-only,FRB4-p1,5505.6
Ta100_5_1,100×5,Regions_8,Elite-only,INEH-inspired,5523.4
Ta100_5_1,100×5,Regions_8,Elite-only,KK2-style-NEH,5559.6
Ta100_5_1,100×5,Regions_8,Elite-only,NEH,5525.8
Ta100_5_1,100×5,Regions_8,Elite-only,NEH-TBKK2,5525.8
Ta100_5_1,100×5,q_2,Contrast,FRB4-p1,5510.0
Ta100_5_1,100×5,q_2,Contrast,INEH-inspired,5528.2
Ta100_5_1,100×5,q_2,Contrast,KK2-style-NEH,5581.6
Ta100_5_1,100×5,q_2,Contrast,NEH,5516.0
Ta100_5_1,100×5,q_2,Contrast,NEH-TBKK2,5519.0
Ta100_5_1,100×5,q_2,Elite-only,FRB4-p1,5505.6
Ta100_5_1,100×5,q_2,Elite-only,INEH-inspired,5526.4
Ta100_5_1,100×5,q_2,Elite-only,KK2-style-NEH,5565.6
Ta100_5_1,100×5,q_2,Elite-only,NEH,5516.0
Ta100_5_1,100×5,q_2,Elite-only,NEH-TBKK2,5523.2
Ta100_5_1,100×5,q_6,Contrast,FRB4-p1,5503.8
Ta100_5_1,100×5,q_6,Contrast,INEH-inspired,5522.2
Ta100_5_1,100×5,q_6,Contrast,KK2-style-NEH,5581.6
Ta100_5_1,100×5,q_6,Contrast,NEH,5516.0
Ta100_5_1,100×5,q_6,Contrast,NEH-TBKK2,5519.0
Ta100_5_1,100×5,q_6,Elite-only,FRB4-p1,5502.8
Ta100_5_1,100×5,q_6,Elite-only,INEH-inspired,5519.2
Ta100_5_1,100×5,q_6,Elite-only,KK2-style-NEH,5565.6
Ta100_5_1,100×5,q_6,Elite-only,NEH,5516.0
Ta100_5_1,100×5,q_6,Elite-only,NEH-TBKK2,5523.2
Ta100_5_10,100×5,Baseline,Contrast,FRB4-p1,5345.0
Ta100_5_10,100×5,Baseline,Contrast,INEH-inspired,5334.0
Ta100_5_10,100×5,Baseline,Contrast,KK2-style-NEH,5352.0
Ta100_5_10,100×5,Baseline,Contrast,NEH,5352.8
Ta100_5_10,100×5,Baseline,Contrast,NEH-TBKK2,5345.0
Ta100_5_10,100×5,Baseline,Elite-only,FRB4-p1,5336.6
Ta100_5_10,100×5,Baseline,Elite-only,INEH-inspired,5343.6
Ta100_5_10,100×5,Baseline,Elite-only,KK2-style-NEH,5355.8
Ta100_5_10,100×5,Baseline,Elite-only,NEH,5350.2
Ta100_5_10,100×5,Baseline,Elite-only,NEH-TBKK2,5350.0
Ta100_5_10,100×5,Elite_025,Contrast,FRB4-p1,5335.2
Ta100_5_10,100×5,Elite_025,Contrast,INEH-inspired,5345.2
Ta100_5_10,100×5,Elite_025,Contrast,KK2-style-NEH,5351.2
Ta100_5_10,100×5,Elite_025,Contrast,NEH,5352.2
Ta100_5_10,100×5,Elite_025,Contrast,NEH-TBKK2,5347.6
Ta100_5_10,100×5,Elite_025,Elite-only,FRB4-p1,5334.8
Ta100_5_10,100×5,Elite_025,Elite-only,INEH-inspired,5342.4
Ta100_5_10,100×5,Elite_025,Elite-only,KK2-style-NEH,5348.6
Ta100_5_10,100×5,Elite_025,Elite-only,NEH,5351.2
Ta100_5_10,100×5,Elite_025,Elite-only,NEH-TBKK2,5352.4
Ta100_5_10,100×5,Elite_10,Contrast,FRB4-p1,5338.4
Ta100_5_10,100×5,Elite_10,Contrast,INEH-inspired,5342.4
Ta100_5_10,100×5,Elite_10,Contrast,KK2-style-NEH,5359.6
Ta100_5_10,100×5,Elite_10,Contrast,NEH,5352.0
Ta100_5_10,100×5,Elite_10,Contrast,NEH-TBKK2,5345.8
Ta100_5_10,100×5,Elite_10,Elite-only,FRB4-p1,5335.8
Ta100_5_10,100×5,Elite_10,Elite-only,INEH-inspired,5343.6
Ta100_5_10,100×5,Elite_10,Elite-only,KK2-style-NEH,5348.6
Ta100_5_10,100×5,Elite_10,Elite-only,NEH,5349.4
Ta100_5_10,100×5,Elite_10,Elite-only,NEH-TBKK2,5344.4
Ta100_5_10,100×5,PRules_2n,Contrast,FRB4-p1,5340.0
Ta100_5_10,100×5,PRules_2n,Contrast,INEH-inspired,5339.8
Ta100_5_10,100×5,PRules_2n,Contrast,KK2-style-NEH,5351.6
Ta100_5_10,100×5,PRules_2n,Contrast,NEH,5352.0
Ta100_5_10,100×5,PRules_2n,Contrast,NEH-TBKK2,5348.6
Ta100_5_10,100×5,PRules_2n,Elite-only,FRB4-p1,5343.0
Ta100_5_10,100×5,PRules_2n,Elite-only,INEH-inspired,5346.0
Ta100_5_10,100×5,PRules_2n,Elite-only,KK2-style-NEH,5356.4
Ta100_5_10,100×5,PRules_2n,Elite-only,NEH,5350.2
Ta100_5_10,100×5,PRules_2n,Elite-only,NEH-TBKK2,5350.6
Ta100_5_10,100×5,PRules_4n,Contrast,FRB4-p1,5342.4
Ta100_5_10,100×5,PRules_4n,Contrast,INEH-inspired,5339.4
Ta100_5_10,100×5,PRules_4n,Contrast,KK2-style-NEH,5356.0
Ta100_5_10,100×5,PRules_4n,Contrast,NEH,5352.4
Ta100_5_10,100×5,PRules_4n,Contrast,NEH-TBKK2,5341.6
Ta100_5_10,100×5,PRules_4n,Elite-only,FRB4-p1,5335.0
Ta100_5_10,100×5,PRules_4n,Elite-only,INEH-inspired,5344.8
Ta100_5_10,100×5,PRules_4n,Elite-only,KK2-style-NEH,5351.2
Ta100_5_10,100×5,PRules_4n,Elite-only,NEH,5353.0
Ta100_5_10,100×5,PRules_4n,Elite-only,NEH-TBKK2,5346.8
Ta100_5_10,100×5,Poor_05,Contrast,FRB4-p1,5337.8
Ta100_5_10,100×5,Poor_05,Contrast,INEH-inspired,5342.4
Ta100_5_10,100×5,Poor_05,Contrast,KK2-style-NEH,5349.4
Ta100_5_10,100×5,Poor_05,Contrast,NEH,5350.6
Ta100_5_10,100×5,Poor_05,Contrast,NEH-TBKK2,5341.6
Ta100_5_10,100×5,Poor_05,Elite-only,FRB4-p1,5336.6
Ta100_5_10,100×5,Poor_05,Elite-only,INEH-inspired,5343.6
Ta100_5_10,100×5,Poor_05,Elite-only,KK2-style-NEH,5355.8
Ta100_5_10,100×5,Poor_05,Elite-only,NEH,5350.2
Ta100_5_10,100×5,Poor_05,Elite-only,NEH-TBKK2,5350.0
Ta100_5_10,100×5,Poor_20,Contrast,FRB4-p1,5336.8
Ta100_5_10,100×5,Poor_20,Contrast,INEH-inspired,5346.0
Ta100_5_10,100×5,Poor_20,Contrast,KK2-style-NEH,5347.4
Ta100_5_10,100×5,Poor_20,Contrast,NEH,5351.6
Ta100_5_10,100×5,Poor_20,Contrast,NEH-TBKK2,5339.0
Ta100_5_10,100×5,Poor_20,Elite-only,FRB4-p1,5336.6
Ta100_5_10,100×5,Poor_20,Elite-only,INEH-inspired,5343.6
Ta100_5_10,100×5,Poor_20,Elite-only,KK2-style-NEH,5355.8
Ta100_5_10,100×5,Poor_20,Elite-only,NEH,5350.2
Ta100_5_10,100×5,Poor_20,Elite-only,NEH-TBKK2,5350.0
Ta100_5_10,100×5,Regions_2,Contrast,FRB4-p1,5346.0
Ta100_5_10,100×5,Regions_2,Contrast,INEH-inspired,5333.0
Ta100_5_10,100×5,Regions_2,Contrast,KK2-style-NEH,5345.2
Ta100_5_10,100×5,Regions_2,Contrast,NEH,5354.0
Ta100_5_10,100×5,Regions_2,Contrast,NEH-TBKK2,5354.0
Ta100_5_10,100×5,Regions_2,Elite-only,FRB4-p1,5339.6
Ta100_5_10,100×5,Regions_2,Elite-only,INEH-inspired,5334.6
Ta100_5_10,100×5,Regions_2,Elite-only,KK2-style-NEH,5345.4
Ta100_5_10,100×5,Regions_2,Elite-only,NEH,5354.0
Ta100_5_10,100×5,Regions_2,Elite-only,NEH-TBKK2,5353.0
Ta100_5_10,100×5,Regions_8,Contrast,FRB4-p1,5332.2
Ta100_5_10,100×5,Regions_8,Contrast,INEH-inspired,5345.2
Ta100_5_10,100×5,Regions_8,Contrast,KK2-style-NEH,5348.6
Ta100_5_10,100×5,Regions_8,Contrast,NEH,5346.8
Ta100_5_10,100×5,Regions_8,Contrast,NEH-TBKK2,5350.6
Ta100_5_10,100×5,Regions_8,Elite-only,FRB4-p1,5339.4
Ta100_5_10,100×5,Regions_8,Elite-only,INEH-inspired,5342.4
Ta100_5_10,100×5,Regions_8,Elite-only,KK2-style-NEH,5358.8
Ta100_5_10,100×5,Regions_8,Elite-only,NEH,5352.4
Ta100_5_10,100×5,Regions_8,Elite-only,NEH-TBKK2,5349.6
Ta100_5_10,100×5,q_2,Contrast,FRB4-p1,5337.2
Ta100_5_10,100×5,q_2,Contrast,INEH-inspired,5343.0
Ta100_5_10,100×5,q_2,Contrast,KK2-style-NEH,5352.0
Ta100_5_10,100×5,q_2,Contrast,NEH,5352.8
Ta100_5_10,100×5,q_2,Contrast,NEH-TBKK2,5345.0
Ta100_5_10,100×5,q_2,Elite-only,FRB4-p1,5340.0
Ta100_5_10,100×5,q_2,Elite-only,INEH-inspired,5346.0
Ta100_5_10,100×5,q_2,Elite-only,KK2-style-NEH,5355.8
Ta100_5_10,100×5,q_2,Elite-only,NEH,5350.2
Ta100_5_10,100×5,q_2,Elite-only,NEH-TBKK2,5350.0
Ta100_5_10,100×5,q_6,Contrast,FRB4-p1,5337.8
Ta100_5_10,100×5,q_6,Contrast,INEH-inspired,5334.4
Ta100_5_10,100×5,q_6,Contrast,KK2-style-NEH,5352.0
Ta100_5_10,100×5,q_6,Contrast,NEH,5352.8
Ta100_5_10,100×5,q_6,Contrast,NEH-TBKK2,5345.0
Ta100_5_10,100×5,q_6,Elite-only,FRB4-p1,5342.4
Ta100_5_10,100×5,q_6,Elite-only,INEH-inspired,5342.4
Ta100_5_10,100×5,q_6,Elite-only,KK2-style-NEH,5355.8
Ta100_5_10,100×5,q_6,Elite-only,NEH,5350.2
Ta100_5_10,100×5,q_6,Elite-only,NEH-TBKK2,5350.0
Ta200_10_1,200×10,Baseline,Contrast,FRB4-p1,10918.2
Ta200_10_1,200×10,Baseline,Contrast,INEH-inspired,10941.8
Ta200_10_1,200×10,Baseline,Contrast,KK2-style-NEH,11035.0
Ta200_10_1,200×10,Baseline,Contrast,NEH,10959.8
Ta200_10_1,200×10,Baseline,Contrast,NEH-TBKK2,10964.4
Ta200_10_1,200×10,Baseline,Elite-only,FRB4-p1,10943.0
Ta200_10_1,200×10,Baseline,Elite-only,INEH-inspired,10943.8
Ta200_10_1,200×10,Baseline,Elite-only,KK2-style-NEH,11004.6
Ta200_10_1,200×10,Baseline,Elite-only,NEH,10939.0
Ta200_10_1,200×10,Baseline,Elite-only,NEH-TBKK2,10969.4
Ta200_10_1,200×10,Elite_025,Contrast,FRB4-p1,10946.6
Ta200_10_1,200×10,Elite_025,Contrast,INEH-inspired,10942.4
Ta200_10_1,200×10,Elite_025,Contrast,KK2-style-NEH,10972.2
Ta200_10_1,200×10,Elite_025,Contrast,NEH,10945.6
Ta200_10_1,200×10,Elite_025,Contrast,NEH-TBKK2,10966.2
Ta200_10_1,200×10,Elite_025,Elite-only,FRB4-p1,10919.6
Ta200_10_1,200×10,Elite_025,Elite-only,INEH-inspired,10943.2
Ta200_10_1,200×10,Elite_025,Elite-only,KK2-style-NEH,11023.2
Ta200_10_1,200×10,Elite_025,Elite-only,NEH,10949.2
Ta200_10_1,200×10,Elite_025,Elite-only,NEH-TBKK2,10968.4
Ta200_10_1,200×10,Elite_10,Contrast,FRB4-p1,10923.0
Ta200_10_1,200×10,Elite_10,Contrast,INEH-inspired,10947.6
Ta200_10_1,200×10,Elite_10,Contrast,KK2-style-NEH,10986.4
Ta200_10_1,200×10,Elite_10,Contrast,NEH,10968.0
Ta200_10_1,200×10,Elite_10,Contrast,NEH-TBKK2,10955.4
Ta200_10_1,200×10,Elite_10,Elite-only,FRB4-p1,10933.0
Ta200_10_1,200×10,Elite_10,Elite-only,INEH-inspired,10939.2
Ta200_10_1,200×10,Elite_10,Elite-only,KK2-style-NEH,11003.0
Ta200_10_1,200×10,Elite_10,Elite-only,NEH,10953.6
Ta200_10_1,200×10,Elite_10,Elite-only,NEH-TBKK2,10965.8
Ta200_10_1,200×10,PRules_2n,Contrast,FRB4-p1,10940.4
Ta200_10_1,200×10,PRules_2n,Contrast,INEH-inspired,10942.4
Ta200_10_1,200×10,PRules_2n,Contrast,KK2-style-NEH,11015.6
Ta200_10_1,200×10,PRules_2n,Contrast,NEH,10953.2
Ta200_10_1,200×10,PRules_2n,Contrast,NEH-TBKK2,10965.4
Ta200_10_1,200×10,PRules_2n,Elite-only,FRB4-p1,10926.6
Ta200_10_1,200×10,PRules_2n,Elite-only,INEH-inspired,10945.8
Ta200_10_1,200×10,PRules_2n,Elite-only,KK2-style-NEH,11011.8
Ta200_10_1,200×10,PRules_2n,Elite-only,NEH,10976.2
Ta200_10_1,200×10,PRules_2n,Elite-only,NEH-TBKK2,10965.4
Ta200_10_1,200×10,PRules_4n,Contrast,FRB4-p1,10920.4
Ta200_10_1,200×10,PRules_4n,Contrast,INEH-inspired,10940.4
Ta200_10_1,200×10,PRules_4n,Contrast,KK2-style-NEH,10985.0
Ta200_10_1,200×10,PRules_4n,Contrast,NEH,10953.8
Ta200_10_1,200×10,PRules_4n,Contrast,NEH-TBKK2,10956.6
Ta200_10_1,200×10,PRules_4n,Elite-only,FRB4-p1,10929.6
Ta200_10_1,200×10,PRules_4n,Elite-only,INEH-inspired,10948.4
Ta200_10_1,200×10,PRules_4n,Elite-only,KK2-style-NEH,10976.0
Ta200_10_1,200×10,PRules_4n,Elite-only,NEH,10934.4
Ta200_10_1,200×10,PRules_4n,Elite-only,NEH-TBKK2,10961.4
Ta200_10_1,200×10,Poor_05,Contrast,FRB4-p1,10927.4
Ta200_10_1,200×10,Poor_05,Contrast,INEH-inspired,10947.2
Ta200_10_1,200×10,Poor_05,Contrast,KK2-style-NEH,11009.4
Ta200_10_1,200×10,Poor_05,Contrast,NEH,10951.6
Ta200_10_1,200×10,Poor_05,Contrast,NEH-TBKK2,10945.2
Ta200_10_1,200×10,Poor_05,Elite-only,FRB4-p1,10943.0
Ta200_10_1,200×10,Poor_05,Elite-only,INEH-inspired,10943.8
Ta200_10_1,200×10,Poor_05,Elite-only,KK2-style-NEH,11004.6
Ta200_10_1,200×10,Poor_05,Elite-only,NEH,10939.0
Ta200_10_1,200×10,Poor_05,Elite-only,NEH-TBKK2,10969.4
Ta200_10_1,200×10,Poor_20,Contrast,FRB4-p1,10914.2
Ta200_10_1,200×10,Poor_20,Contrast,INEH-inspired,10943.0
Ta200_10_1,200×10,Poor_20,Contrast,KK2-style-NEH,11021.6
Ta200_10_1,200×10,Poor_20,Contrast,NEH,10962.0
Ta200_10_1,200×10,Poor_20,Contrast,NEH-TBKK2,10963.2
Ta200_10_1,200×10,Poor_20,Elite-only,FRB4-p1,10943.0
Ta200_10_1,200×10,Poor_20,Elite-only,INEH-inspired,10943.8
Ta200_10_1,200×10,Poor_20,Elite-only,KK2-style-NEH,11004.6
Ta200_10_1,200×10,Poor_20,Elite-only,NEH,10939.0
Ta200_10_1,200×10,Poor_20,Elite-only,NEH-TBKK2,10969.4
Ta200_10_1,200×10,Regions_2,Contrast,FRB4-p1,10926.0
Ta200_10_1,200×10,Regions_2,Contrast,INEH-inspired,10946.4
Ta200_10_1,200×10,Regions_2,Contrast,KK2-style-NEH,11024.6
Ta200_10_1,200×10,Regions_2,Contrast,NEH,10942.0
Ta200_10_1,200×10,Regions_2,Contrast,NEH-TBKK2,10956.0
Ta200_10_1,200×10,Regions_2,Elite-only,FRB4-p1,10920.4
Ta200_10_1,200×10,Regions_2,Elite-only,INEH-inspired,10939.6
Ta200_10_1,200×10,Regions_2,Elite-only,KK2-style-NEH,11003.8
Ta200_10_1,200×10,Regions_2,Elite-only,NEH,10939.6
Ta200_10_1,200×10,Regions_2,Elite-only,NEH-TBKK2,10941.2
Ta200_10_1,200×10,Regions_8,Contrast,FRB4-p1,10931.0
Ta200_10_1,200×10,Regions_8,Contrast,INEH-inspired,10950.0
Ta200_10_1,200×10,Regions_8,Contrast,KK2-style-NEH,11007.4
Ta200_10_1,200×10,Regions_8,Contrast,NEH,10956.0
Ta200_10_1,200×10,Regions_8,Contrast,NEH-TBKK2,10948.4
Ta200_10_1,200×10,Regions_8,Elite-only,FRB4-p1,10936.0
Ta200_10_1,200×10,Regions_8,Elite-only,INEH-inspired,10924.0
Ta200_10_1,200×10,Regions_8,Elite-only,KK2-style-NEH,11011.4
Ta200_10_1,200×10,Regions_8,Elite-only,NEH,10958.4
Ta200_10_1,200×10,Regions_8,Elite-only,NEH-TBKK2,10980.6
Ta200_10_1,200×10,q_2,Contrast,FRB4-p1,10948.2
Ta200_10_1,200×10,q_2,Contrast,INEH-inspired,10949.6
Ta200_10_1,200×10,q_2,Contrast,KK2-style-NEH,11035.0
Ta200_10_1,200×10,q_2,Contrast,NEH,10959.8
Ta200_10_1,200×10,q_2,Contrast,NEH-TBKK2,10964.4
Ta200_10_1,200×10,q_2,Elite-only,FRB4-p1,10928.2
Ta200_10_1,200×10,q_2,Elite-only,INEH-inspired,10949.2
Ta200_10_1,200×10,q_2,Elite-only,KK2-style-NEH,11004.6
Ta200_10_1,200×10,q_2,Elite-only,NEH,10939.0
Ta200_10_1,200×10,q_2,Elite-only,NEH-TBKK2,10969.4
Ta200_10_1,200×10,q_6,Contrast,FRB4-p1,10919.4
Ta200_10_1,200×10,q_6,Contrast,INEH-inspired,10939.6
Ta200_10_1,200×10,q_6,Contrast,KK2-style-NEH,11035.0
Ta200_10_1,200×10,q_6,Contrast,NEH,10959.8
Ta200_10_1,200×10,q_6,Contrast,NEH-TBKK2,10964.4
Ta200_10_1,200×10,q_6,Elite-only,FRB4-p1,10925.4
Ta200_10_1,200×10,q_6,Elite-only,INEH-inspired,10948.0
Ta200_10_1,200×10,q_6,Elite-only,KK2-style-NEH,11004.6
Ta200_10_1,200×10,q_6,Elite-only,NEH,10939.0
Ta200_10_1,200×10,q_6,Elite-only,NEH-TBKK2,10969.4
Ta200_10_10,200×10,Baseline,Contrast,FRB4-p1,10781.6
Ta200_10_10,200×10,Baseline,Contrast,INEH-inspired,10801.0
Ta200_10_10,200×10,Baseline,Contrast,KK2-style-NEH,10874.8
Ta200_10_10,200×10,Baseline,Contrast,NEH,10774.4
Ta200_10_10,200×10,Baseline,Contrast,NEH-TBKK2,10795.6
Ta200_10_10,200×10,Baseline,Elite-only,FRB4-p1,10769.0
Ta200_10_10,200×10,Baseline,Elite-only,INEH-inspired,10790.4
Ta200_10_10,200×10,Baseline,Elite-only,KK2-style-NEH,10905.0
Ta200_10_10,200×10,Baseline,Elite-only,NEH,10773.6
Ta200_10_10,200×10,Baseline,Elite-only,NEH-TBKK2,10789.2
Ta200_10_10,200×10,Elite_025,Contrast,FRB4-p1,10783.8
Ta200_10_10,200×10,Elite_025,Contrast,INEH-inspired,10804.4
Ta200_10_10,200×10,Elite_025,Contrast,KK2-style-NEH,10894.6
Ta200_10_10,200×10,Elite_025,Contrast,NEH,10763.8
Ta200_10_10,200×10,Elite_025,Contrast,NEH-TBKK2,10812.8
Ta200_10_10,200×10,Elite_025,Elite-only,FRB4-p1,10774.2
Ta200_10_10,200×10,Elite_025,Elite-only,INEH-inspired,10811.6
Ta200_10_10,200×10,Elite_025,Elite-only,KK2-style-NEH,10899.4
Ta200_10_10,200×10,Elite_025,Elite-only,NEH,10772.0
Ta200_10_10,200×10,Elite_025,Elite-only,NEH-TBKK2,10786.4
Ta200_10_10,200×10,Elite_10,Contrast,FRB4-p1,10770.4
Ta200_10_10,200×10,Elite_10,Contrast,INEH-inspired,10802.4
Ta200_10_10,200×10,Elite_10,Contrast,KK2-style-NEH,10895.2
Ta200_10_10,200×10,Elite_10,Contrast,NEH,10773.4
Ta200_10_10,200×10,Elite_10,Contrast,NEH-TBKK2,10778.2
Ta200_10_10,200×10,Elite_10,Elite-only,FRB4-p1,10781.0
Ta200_10_10,200×10,Elite_10,Elite-only,INEH-inspired,10806.2
Ta200_10_10,200×10,Elite_10,Elite-only,KK2-style-NEH,10908.4
Ta200_10_10,200×10,Elite_10,Elite-only,NEH,10760.2
Ta200_10_10,200×10,Elite_10,Elite-only,NEH-TBKK2,10783.6
Ta200_10_10,200×10,PRules_2n,Contrast,FRB4-p1,10773.6
Ta200_10_10,200×10,PRules_2n,Contrast,INEH-inspired,10782.8
Ta200_10_10,200×10,PRules_2n,Contrast,KK2-style-NEH,10896.0
Ta200_10_10,200×10,PRules_2n,Contrast,NEH,10782.6
Ta200_10_10,200×10,PRules_2n,Contrast,NEH-TBKK2,10785.6
Ta200_10_10,200×10,PRules_2n,Elite-only,FRB4-p1,10767.0
Ta200_10_10,200×10,PRules_2n,Elite-only,INEH-inspired,10791.0
Ta200_10_10,200×10,PRules_2n,Elite-only,KK2-style-NEH,10881.4
Ta200_10_10,200×10,PRules_2n,Elite-only,NEH,10775.0
Ta200_10_10,200×10,PRules_2n,Elite-only,NEH-TBKK2,10779.4
Ta200_10_10,200×10,PRules_4n,Contrast,FRB4-p1,10783.4
Ta200_10_10,200×10,PRules_4n,Contrast,INEH-inspired,10787.2
Ta200_10_10,200×10,PRules_4n,Contrast,KK2-style-NEH,10887.6
Ta200_10_10,200×10,PRules_4n,Contrast,NEH,10767.6
Ta200_10_10,200×10,PRules_4n,Contrast,NEH-TBKK2,10792.0
Ta200_10_10,200×10,PRules_4n,Elite-only,FRB4-p1,10786.6
Ta200_10_10,200×10,PRules_4n,Elite-only,INEH-inspired,10796.8
Ta200_10_10,200×10,PRules_4n,Elite-only,KK2-style-NEH,10877.2
Ta200_10_10,200×10,PRules_4n,Elite-only,NEH,10771.2
Ta200_10_10,200×10,PRules_4n,Elite-only,NEH-TBKK2,10799.0
Ta200_10_10,200×10,Poor_05,Contrast,FRB4-p1,10780.8
Ta200_10_10,200×10,Poor_05,Contrast,INEH-inspired,10812.0
Ta200_10_10,200×10,Poor_05,Contrast,KK2-style-NEH,10907.8
Ta200_10_10,200×10,Poor_05,Contrast,NEH,10787.0
Ta200_10_10,200×10,Poor_05,Contrast,NEH-TBKK2,10790.2
Ta200_10_10,200×10,Poor_05,Elite-only,FRB4-p1,10769.0
Ta200_10_10,200×10,Poor_05,Elite-only,INEH-inspired,10790.4
Ta200_10_10,200×10,Poor_05,Elite-only,KK2-style-NEH,10905.0
Ta200_10_10,200×10,Poor_05,Elite-only,NEH,10773.6
Ta200_10_10,200×10,Poor_05,Elite-only,NEH-TBKK2,10789.2
Ta200_10_10,200×10,Poor_20,Contrast,FRB4-p1,10777.0
Ta200_10_10,200×10,Poor_20,Contrast,INEH-inspired,10786.0
Ta200_10_10,200×10,Poor_20,Contrast,KK2-style-NEH,10890.8
Ta200_10_10,200×10,Poor_20,Contrast,NEH,10774.2
Ta200_10_10,200×10,Poor_20,Contrast,NEH-TBKK2,10779.8
Ta200_10_10,200×10,Poor_20,Elite-only,FRB4-p1,10769.0
Ta200_10_10,200×10,Poor_20,Elite-only,INEH-inspired,10790.4
Ta200_10_10,200×10,Poor_20,Elite-only,KK2-style-NEH,10905.0
Ta200_10_10,200×10,Poor_20,Elite-only,NEH,10773.6
Ta200_10_10,200×10,Poor_20,Elite-only,NEH-TBKK2,10789.2
Ta200_10_10,200×10,Regions_2,Contrast,FRB4-p1,10753.0
Ta200_10_10,200×10,Regions_2,Contrast,INEH-inspired,10799.8
Ta200_10_10,200×10,Regions_2,Contrast,KK2-style-NEH,11045.0
Ta200_10_10,200×10,Regions_2,Contrast,NEH,10787.6
Ta200_10_10,200×10,Regions_2,Contrast,NEH-TBKK2,10801.0
Ta200_10_10,200×10,Regions_2,Elite-only,FRB4-p1,10776.8
Ta200_10_10,200×10,Regions_2,Elite-only,INEH-inspired,10827.0
Ta200_10_10,200×10,Regions_2,Elite-only,KK2-style-NEH,11032.4
Ta200_10_10,200×10,Regions_2,Elite-only,NEH,10786.2
Ta200_10_10,200×10,Regions_2,Elite-only,NEH-TBKK2,10834.8
Ta200_10_10,200×10,Regions_8,Contrast,FRB4-p1,10776.6
Ta200_10_10,200×10,Regions_8,Contrast,INEH-inspired,10792.2
Ta200_10_10,200×10,Regions_8,Contrast,KK2-style-NEH,10907.4
Ta200_10_10,200×10,Regions_8,Contrast,NEH,10802.0
Ta200_10_10,200×10,Regions_8,Contrast,NEH-TBKK2,10791.6
Ta200_10_10,200×10,Regions_8,Elite-only,FRB4-p1,10781.2
Ta200_10_10,200×10,Regions_8,Elite-only,INEH-inspired,10795.8
Ta200_10_10,200×10,Regions_8,Elite-only,KK2-style-NEH,10922.2
Ta200_10_10,200×10,Regions_8,Elite-only,NEH,10780.8
Ta200_10_10,200×10,Regions_8,Elite-only,NEH-TBKK2,10820.6
Ta200_10_10,200×10,q_2,Contrast,FRB4-p1,10789.4
Ta200_10_10,200×10,q_2,Contrast,INEH-inspired,10804.6
Ta200_10_10,200×10,q_2,Contrast,KK2-style-NEH,10874.8
Ta200_10_10,200×10,q_2,Contrast,NEH,10774.4
Ta200_10_10,200×10,q_2,Contrast,NEH-TBKK2,10795.6
Ta200_10_10,200×10,q_2,Elite-only,FRB4-p1,10776.6
Ta200_10_10,200×10,q_2,Elite-only,INEH-inspired,10810.8
Ta200_10_10,200×10,q_2,Elite-only,KK2-style-NEH,10905.0
Ta200_10_10,200×10,q_2,Elite-only,NEH,10773.6
Ta200_10_10,200×10,q_2,Elite-only,NEH-TBKK2,10789.2
Ta200_10_10,200×10,q_6,Contrast,FRB4-p1,10768.6
Ta200_10_10,200×10,q_6,Contrast,INEH-inspired,10806.2
Ta200_10_10,200×10,q_6,Contrast,KK2-style-NEH,10874.8
Ta200_10_10,200×10,q_6,Contrast,NEH,10774.4
Ta200_10_10,200×10,q_6,Contrast,NEH-TBKK2,10795.6
Ta200_10_10,200×10,q_6,Elite-only,FRB4-p1,10772.0
Ta200_10_10,200×10,q_6,Elite-only,INEH-inspired,10778.2
Ta200_10_10,200×10,q_6,Elite-only,KK2-style-NEH,10905.0
Ta200_10_10,200×10,q_6,Elite-only,NEH,10773.6
Ta200_10_10,200×10,q_6,Elite-only,NEH-TBKK2,10789.2
Ta200_20_1,200×20,Baseline,Contrast,FRB4-p1,11554.4
Ta200_20_1,200×20,Baseline,Contrast,INEH-inspired,11618.4
Ta200_20_1,200×20,Baseline,Contrast,KK2-style-NEH,11811.6
Ta200_20_1,200×20,Baseline,Contrast,NEH,11601.4
Ta200_20_1,200×20,Baseline,Contrast,NEH-TBKK2,11579.2
Ta200_20_1,200×20,Baseline,Elite-only,FRB4-p1,11518.8
Ta200_20_1,200×20,Baseline,Elite-only,INEH-inspired,11603.4
Ta200_20_1,200×20,Baseline,Elite-only,KK2-style-NEH,11822.2
Ta200_20_1,200×20,Baseline,Elite-only,NEH,11584.2
Ta200_20_1,200×20,Baseline,Elite-only,NEH-TBKK2,11594.8
Ta200_20_1,200×20,Elite_025,Contrast,FRB4-p1,11549.2
Ta200_20_1,200×20,Elite_025,Contrast,INEH-inspired,11620.2
Ta200_20_1,200×20,Elite_025,Contrast,KK2-style-NEH,11830.6
Ta200_20_1,200×20,Elite_025,Contrast,NEH,11613.2
Ta200_20_1,200×20,Elite_025,Contrast,NEH-TBKK2,11611.0
Ta200_20_1,200×20,Elite_025,Elite-only,FRB4-p1,11520.2
Ta200_20_1,200×20,Elite_025,Elite-only,INEH-inspired,11616.6
Ta200_20_1,200×20,Elite_025,Elite-only,KK2-style-NEH,11859.6
Ta200_20_1,200×20,Elite_025,Elite-only,NEH,11567.4
Ta200_20_1,200×20,Elite_025,Elite-only,NEH-TBKK2,11601.6
Ta200_20_1,200×20,Elite_10,Contrast,FRB4-p1,11530.8
Ta200_20_1,200×20,Elite_10,Contrast,INEH-inspired,11626.8
Ta200_20_1,200×20,Elite_10,Contrast,KK2-style-NEH,11820.0
Ta200_20_1,200×20,Elite_10,Contrast,NEH,11606.8
Ta200_20_1,200×20,Elite_10,Contrast,NEH-TBKK2,11611.0
Ta200_20_1,200×20,Elite_10,Elite-only,FRB4-p1,11507.6
Ta200_20_1,200×20,Elite_10,Elite-only,INEH-inspired,11616.6
Ta200_20_1,200×20,Elite_10,Elite-only,KK2-style-NEH,11801.6
Ta200_20_1,200×20,Elite_10,Elite-only,NEH,11574.0
Ta200_20_1,200×20,Elite_10,Elite-only,NEH-TBKK2,11589.4
Ta200_20_1,200×20,PRules_2n,Contrast,FRB4-p1,11513.2
Ta200_20_1,200×20,PRules_2n,Contrast,INEH-inspired,11657.4
Ta200_20_1,200×20,PRules_2n,Contrast,KK2-style-NEH,11822.8
Ta200_20_1,200×20,PRules_2n,Contrast,NEH,11612.6
Ta200_20_1,200×20,PRules_2n,Contrast,NEH-TBKK2,11587.8
Ta200_20_1,200×20,PRules_2n,Elite-only,FRB4-p1,11523.4
Ta200_20_1,200×20,PRules_2n,Elite-only,INEH-inspired,11636.8
Ta200_20_1,200×20,PRules_2n,Elite-only,KK2-style-NEH,11814.8
Ta200_20_1,200×20,PRules_2n,Elite-only,NEH,11585.4
Ta200_20_1,200×20,PRules_2n,Elite-only,NEH-TBKK2,11606.2
Ta200_20_1,200×20,PRules_4n,Contrast,FRB4-p1,11506.6
Ta200_20_1,200×20,PRules_4n,Contrast,INEH-inspired,11573.6
Ta200_20_1,200×20,PRules_4n,Contrast,KK2-style-NEH,11826.0
Ta200_20_1,200×20,PRules_4n,Contrast,NEH,11612.4
Ta200_20_1,200×20,PRules_4n,Contrast,NEH-TBKK2,11602.8
Ta200_20_1,200×20,PRules_4n,Elite-only,FRB4-p1,11504.6
Ta200_20_1,200×20,PRules_4n,Elite-only,INEH-inspired,11608.0
Ta200_20_1,200×20,PRules_4n,Elite-only,KK2-style-NEH,11883.0
Ta200_20_1,200×20,PRules_4n,Elite-only,NEH,11608.0
Ta200_20_1,200×20,PRules_4n,Elite-only,NEH-TBKK2,11598.2
Ta200_20_1,200×20,Poor_05,Contrast,FRB4-p1,11505.2
Ta200_20_1,200×20,Poor_05,Contrast,INEH-inspired,11603.2
Ta200_20_1,200×20,Poor_05,Contrast,KK2-style-NEH,11854.2
Ta200_20_1,200×20,Poor_05,Contrast,NEH,11604.8
Ta200_20_1,200×20,Poor_05,Contrast,NEH-TBKK2,11581.8
Ta200_20_1,200×20,Poor_05,Elite-only,FRB4-p1,11518.8
Ta200_20_1,200×20,Poor_05,Elite-only,INEH-inspired,11603.4
Ta200_20_1,200×20,Poor_05,Elite-only,KK2-style-NEH,11822.2
Ta200_20_1,200×20,Poor_05,Elite-only,NEH,11584.2
Ta200_20_1,200×20,Poor_05,Elite-only,NEH-TBKK2,11594.8
Ta200_20_1,200×20,Poor_20,Contrast,FRB4-p1,11526.8
Ta200_20_1,200×20,Poor_20,Contrast,INEH-inspired,11615.2
Ta200_20_1,200×20,Poor_20,Contrast,KK2-style-NEH,11844.6
Ta200_20_1,200×20,Poor_20,Contrast,NEH,11580.0
Ta200_20_1,200×20,Poor_20,Contrast,NEH-TBKK2,11592.8
Ta200_20_1,200×20,Poor_20,Elite-only,FRB4-p1,11518.8
Ta200_20_1,200×20,Poor_20,Elite-only,INEH-inspired,11603.4
Ta200_20_1,200×20,Poor_20,Elite-only,KK2-style-NEH,11822.2
Ta200_20_1,200×20,Poor_20,Elite-only,NEH,11584.2
Ta200_20_1,200×20,Poor_20,Elite-only,NEH-TBKK2,11594.8
Ta200_20_1,200×20,Regions_2,Contrast,FRB4-p1,11515.4
Ta200_20_1,200×20,Regions_2,Contrast,INEH-inspired,11641.2
Ta200_20_1,200×20,Regions_2,Contrast,KK2-style-NEH,11855.2
Ta200_20_1,200×20,Regions_2,Contrast,NEH,11586.6
Ta200_20_1,200×20,Regions_2,Contrast,NEH-TBKK2,11625.4
Ta200_20_1,200×20,Regions_2,Elite-only,FRB4-p1,11512.6
Ta200_20_1,200×20,Regions_2,Elite-only,INEH-inspired,11656.0
Ta200_20_1,200×20,Regions_2,Elite-only,KK2-style-NEH,11848.8
Ta200_20_1,200×20,Regions_2,Elite-only,NEH,11594.4
Ta200_20_1,200×20,Regions_2,Elite-only,NEH-TBKK2,11618.8
Ta200_20_1,200×20,Regions_8,Contrast,FRB4-p1,11538.0
Ta200_20_1,200×20,Regions_8,Contrast,INEH-inspired,11611.6
Ta200_20_1,200×20,Regions_8,Contrast,KK2-style-NEH,11792.8
Ta200_20_1,200×20,Regions_8,Contrast,NEH,11570.6
Ta200_20_1,200×20,Regions_8,Contrast,NEH-TBKK2,11607.0
Ta200_20_1,200×20,Regions_8,Elite-only,FRB4-p1,11517.8
Ta200_20_1,200×20,Regions_8,Elite-only,INEH-inspired,11598.6
Ta200_20_1,200×20,Regions_8,Elite-only,KK2-style-NEH,11825.2
Ta200_20_1,200×20,Regions_8,Elite-only,NEH,11591.2
Ta200_20_1,200×20,Regions_8,Elite-only,NEH-TBKK2,11583.0
Ta200_20_1,200×20,q_2,Contrast,FRB4-p1,11529.0
Ta200_20_1,200×20,q_2,Contrast,INEH-inspired,11648.0
Ta200_20_1,200×20,q_2,Contrast,KK2-style-NEH,11811.6
Ta200_20_1,200×20,q_2,Contrast,NEH,11601.4
Ta200_20_1,200×20,q_2,Contrast,NEH-TBKK2,11579.2
Ta200_20_1,200×20,q_2,Elite-only,FRB4-p1,11540.6
Ta200_20_1,200×20,q_2,Elite-only,INEH-inspired,11654.6
Ta200_20_1,200×20,q_2,Elite-only,KK2-style-NEH,11822.2
Ta200_20_1,200×20,q_2,Elite-only,NEH,11584.2
Ta200_20_1,200×20,q_2,Elite-only,NEH-TBKK2,11594.8
Ta200_20_1,200×20,q_6,Contrast,FRB4-p1,11534.8
Ta200_20_1,200×20,q_6,Contrast,INEH-inspired,11618.0
Ta200_20_1,200×20,q_6,Contrast,KK2-style-NEH,11811.6
Ta200_20_1,200×20,q_6,Contrast,NEH,11601.4
Ta200_20_1,200×20,q_6,Contrast,NEH-TBKK2,11579.2
Ta200_20_1,200×20,q_6,Elite-only,FRB4-p1,11535.2
Ta200_20_1,200×20,q_6,Elite-only,INEH-inspired,11620.0
Ta200_20_1,200×20,q_6,Elite-only,KK2-style-NEH,11822.2
Ta200_20_1,200×20,q_6,Elite-only,NEH,11584.2
Ta200_20_1,200×20,q_6,Elite-only,NEH-TBKK2,11594.8
Ta200_20_10,200×20,Baseline,Contrast,FRB4-p1,11680.4
Ta200_20_10,200×20,Baseline,Contrast,INEH-inspired,11712.2
Ta200_20_10,200×20,Baseline,Contrast,KK2-style-NEH,11887.8
Ta200_20_10,200×20,Baseline,Contrast,NEH,11798.2
Ta200_20_10,200×20,Baseline,Contrast,NEH-TBKK2,11764.4
Ta200_20_10,200×20,Baseline,Elite-only,FRB4-p1,11667.0
Ta200_20_10,200×20,Baseline,Elite-only,INEH-inspired,11752.0
Ta200_20_10,200×20,Baseline,Elite-only,KK2-style-NEH,11916.0
Ta200_20_10,200×20,Baseline,Elite-only,NEH,11795.2
Ta200_20_10,200×20,Baseline,Elite-only,NEH-TBKK2,11795.6
Ta200_20_10,200×20,Elite_025,Contrast,FRB4-p1,11738.0
Ta200_20_10,200×20,Elite_025,Contrast,INEH-inspired,11704.4
Ta200_20_10,200×20,Elite_025,Contrast,KK2-style-NEH,11914.4
Ta200_20_10,200×20,Elite_025,Contrast,NEH,11818.0
Ta200_20_10,200×20,Elite_025,Contrast,NEH-TBKK2,11800.4
Ta200_20_10,200×20,Elite_025,Elite-only,FRB4-p1,11719.4
Ta200_20_10,200×20,Elite_025,Elite-only,INEH-inspired,11715.0
Ta200_20_10,200×20,Elite_025,Elite-only,KK2-style-NEH,11895.0
Ta200_20_10,200×20,Elite_025,Elite-only,NEH,11842.0
Ta200_20_10,200×20,Elite_025,Elite-only,NEH-TBKK2,11799.4
Ta200_20_10,200×20,Elite_10,Contrast,FRB4-p1,11690.8
Ta200_20_10,200×20,Elite_10,Contrast,INEH-inspired,11732.0
Ta200_20_10,200×20,Elite_10,Contrast,KK2-style-NEH,11906.0
Ta200_20_10,200×20,Elite_10,Contrast,NEH,11800.4
Ta200_20_10,200×20,Elite_10,Contrast,NEH-TBKK2,11783.4
Ta200_20_10,200×20,Elite_10,Elite-only,FRB4-p1,11720.8
Ta200_20_10,200×20,Elite_10,Elite-only,INEH-inspired,11742.4
Ta200_20_10,200×20,Elite_10,Elite-only,KK2-style-NEH,11895.8
Ta200_20_10,200×20,Elite_10,Elite-only,NEH,11808.4
Ta200_20_10,200×20,Elite_10,Elite-only,NEH-TBKK2,11783.2
Ta200_20_10,200×20,PRules_2n,Contrast,FRB4-p1,11695.6
Ta200_20_10,200×20,PRules_2n,Contrast,INEH-inspired,11750.0
Ta200_20_10,200×20,PRules_2n,Contrast,KK2-style-NEH,11902.2
Ta200_20_10,200×20,PRules_2n,Contrast,NEH,11861.2
Ta200_20_10,200×20,PRules_2n,Contrast,NEH-TBKK2,11796.2
Ta200_20_10,200×20,PRules_2n,Elite-only,FRB4-p1,11719.0
Ta200_20_10,200×20,PRules_2n,Elite-only,INEH-inspired,11724.2
Ta200_20_10,200×20,PRules_2n,Elite-only,KK2-style-NEH,11924.4
Ta200_20_10,200×20,PRules_2n,Elite-only,NEH,11820.2
Ta200_20_10,200×20,PRules_2n,Elite-only,NEH-TBKK2,11795.6
Ta200_20_10,200×20,PRules_4n,Contrast,FRB4-p1,11691.0
Ta200_20_10,200×20,PRules_4n,Contrast,INEH-inspired,11717.8
Ta200_20_10,200×20,PRules_4n,Contrast,KK2-style-NEH,11919.0
Ta200_20_10,200×20,PRules_4n,Contrast,NEH,11816.8
Ta200_20_10,200×20,PRules_4n,Contrast,NEH-TBKK2,11787.8
Ta200_20_10,200×20,PRules_4n,Elite-only,FRB4-p1,11677.6
Ta200_20_10,200×20,PRules_4n,Elite-only,INEH-inspired,11695.6
Ta200_20_10,200×20,PRules_4n,Elite-only,KK2-style-NEH,11919.2
Ta200_20_10,200×20,PRules_4n,Elite-only,NEH,11791.4
Ta200_20_10,200×20,PRules_4n,Elite-only,NEH-TBKK2,11788.4
Ta200_20_10,200×20,Poor_05,Contrast,FRB4-p1,11680.6
Ta200_20_10,200×20,Poor_05,Contrast,INEH-inspired,11729.6
Ta200_20_10,200×20,Poor_05,Contrast,KK2-style-NEH,11901.4
Ta200_20_10,200×20,Poor_05,Contrast,NEH,11812.0
Ta200_20_10,200×20,Poor_05,Contrast,NEH-TBKK2,11760.0
Ta200_20_10,200×20,Poor_05,Elite-only,FRB4-p1,11667.0
Ta200_20_10,200×20,Poor_05,Elite-only,INEH-inspired,11752.0
Ta200_20_10,200×20,Poor_05,Elite-only,KK2-style-NEH,11916.0
Ta200_20_10,200×20,Poor_05,Elite-only,NEH,11795.2
Ta200_20_10,200×20,Poor_05,Elite-only,NEH-TBKK2,11795.6
Ta200_20_10,200×20,Poor_20,Contrast,FRB4-p1,11722.2
Ta200_20_10,200×20,Poor_20,Contrast,INEH-inspired,11713.6
Ta200_20_10,200×20,Poor_20,Contrast,KK2-style-NEH,11919.2
Ta200_20_10,200×20,Poor_20,Contrast,NEH,11807.8
Ta200_20_10,200×20,Poor_20,Contrast,NEH-TBKK2,11785.0
Ta200_20_10,200×20,Poor_20,Elite-only,FRB4-p1,11667.0
Ta200_20_10,200×20,Poor_20,Elite-only,INEH-inspired,11752.0
Ta200_20_10,200×20,Poor_20,Elite-only,KK2-style-NEH,11916.0
Ta200_20_10,200×20,Poor_20,Elite-only,NEH,11795.2
Ta200_20_10,200×20,Poor_20,Elite-only,NEH-TBKK2,11795.6
Ta200_20_10,200×20,Regions_2,Contrast,FRB4-p1,11736.8
Ta200_20_10,200×20,Regions_2,Contrast,INEH-inspired,11743.4
Ta200_20_10,200×20,Regions_2,Contrast,KK2-style-NEH,11963.0
Ta200_20_10,200×20,Regions_2,Contrast,NEH,11884.8
Ta200_20_10,200×20,Regions_2,Contrast,NEH-TBKK2,11810.2
Ta200_20_10,200×20,Regions_2,Elite-only,FRB4-p1,11686.8
Ta200_20_10,200×20,Regions_2,Elite-only,INEH-inspired,11724.2
Ta200_20_10,200×20,Regions_2,Elite-only,KK2-style-NEH,11951.6
Ta200_20_10,200×20,Regions_2,Elite-only,NEH,11897.0
Ta200_20_10,200×20,Regions_2,Elite-only,NEH-TBKK2,11822.8
Ta200_20_10,200×20,Regions_8,Contrast,FRB4-p1,11716.4
Ta200_20_10,200×20,Regions_8,Contrast,INEH-inspired,11691.2
Ta200_20_10,200×20,Regions_8,Contrast,KK2-style-NEH,11863.8
Ta200_20_10,200×20,Regions_8,Contrast,NEH,11814.8
Ta200_20_10,200×20,Regions_8,Contrast,NEH-TBKK2,11811.8
Ta200_20_10,200×20,Regions_8,Elite-only,FRB4-p1,11699.6
Ta200_20_10,200×20,Regions_8,Elite-only,INEH-inspired,11719.8
Ta200_20_10,200×20,Regions_8,Elite-only,KK2-style-NEH,11872.4
Ta200_20_10,200×20,Regions_8,Elite-only,NEH,11838.4
Ta200_20_10,200×20,Regions_8,Elite-only,NEH-TBKK2,11804.6
Ta200_20_10,200×20,q_2,Contrast,FRB4-p1,11731.6
Ta200_20_10,200×20,q_2,Contrast,INEH-inspired,11748.0
Ta200_20_10,200×20,q_2,Contrast,KK2-style-NEH,11887.8
Ta200_20_10,200×20,q_2,Contrast,NEH,11798.2
Ta200_20_10,200×20,q_2,Contrast,NEH-TBKK2,11764.4
Ta200_20_10,200×20,q_2,Elite-only,FRB4-p1,11690.4
Ta200_20_10,200×20,q_2,Elite-only,INEH-inspired,11780.4
Ta200_20_10,200×20,q_2,Elite-only,KK2-style-NEH,11916.0
Ta200_20_10,200×20,q_2,Elite-only,NEH,11795.2
Ta200_20_10,200×20,q_2,Elite-only,NEH-TBKK2,11795.6
Ta200_20_10,200×20,q_6,Contrast,FRB4-p1,11684.0
Ta200_20_10,200×20,q_6,Contrast,INEH-inspired,11729.2
Ta200_20_10,200×20,q_6,Contrast,KK2-style-NEH,11887.8
Ta200_20_10,200×20,q_6,Contrast,NEH,11798.2
Ta200_20_10,200×20,q_6,Contrast,NEH-TBKK2,11764.4
Ta200_20_10,200×20,q_6,Elite-only,FRB4-p1,11673.4
Ta200_20_10,200×20,q_6,Elite-only,INEH-inspired,11717.8
Ta200_20_10,200×20,q_6,Elite-only,KK2-style-NEH,11916.0
Ta200_20_10,200×20,q_6,Elite-only,NEH,11795.2
Ta200_20_10,200×20,q_6,Elite-only,NEH-TBKK2,11795.6
Ta20_10_1,20×10,Baseline,Contrast,FRB4-p1,1604.4
Ta20_10_1,20×10,Baseline,Contrast,INEH-inspired,1601.8
Ta20_10_1,20×10,Baseline,Contrast,KK2-style-NEH,1666.4
Ta20_10_1,20×10,Baseline,Contrast,NEH,1675.0
Ta20_10_1,20×10,Baseline,Contrast,NEH-TBKK2,1675.0
Ta20_10_1,20×10,Baseline,Elite-only,FRB4-p1,1592.0
Ta20_10_1,20×10,Baseline,Elite-only,INEH-inspired,1643.0
Ta20_10_1,20×10,Baseline,Elite-only,KK2-style-NEH,1660.0
Ta20_10_1,20×10,Baseline,Elite-only,NEH,1675.0
Ta20_10_1,20×10,Baseline,Elite-only,NEH-TBKK2,1675.0
Ta20_10_1,20×10,Elite_025,Contrast,FRB4-p1,1602.0
Ta20_10_1,20×10,Elite_025,Contrast,INEH-inspired,1627.0
Ta20_10_1,20×10,Elite_025,Contrast,KK2-style-NEH,1666.4
Ta20_10_1,20×10,Elite_025,Contrast,NEH,1675.0
Ta20_10_1,20×10,Elite_025,Contrast,NEH-TBKK2,1675.0
Ta20_10_1,20×10,Elite_025,Elite-only,FRB4-p1,1595.2
Ta20_10_1,20×10,Elite_025,Elite-only,INEH-inspired,1627.0
Ta20_10_1,20×10,Elite_025,Elite-only,KK2-style-NEH,1660.0
Ta20_10_1,20×10,Elite_025,Elite-only,NEH,1666.2
Ta20_10_1,20×10,Elite_025,Elite-only,NEH-TBKK2,1666.2
Ta20_10_1,20×10,Elite_10,Contrast,FRB4-p1,1606.0
Ta20_10_1,20×10,Elite_10,Contrast,INEH-inspired,1606.2
Ta20_10_1,20×10,Elite_10,Contrast,KK2-style-NEH,1668.0
Ta20_10_1,20×10,Elite_10,Contrast,NEH,1666.2
Ta20_10_1,20×10,Elite_10,Contrast,NEH-TBKK2,1666.2
Ta20_10_1,20×10,Elite_10,Elite-only,FRB4-p1,1592.0
Ta20_10_1,20×10,Elite_10,Elite-only,INEH-inspired,1637.8
Ta20_10_1,20×10,Elite_10,Elite-only,KK2-style-NEH,1660.0
Ta20_10_1,20×10,Elite_10,Elite-only,NEH,1675.0
Ta20_10_1,20×10,Elite_10,Elite-only,NEH-TBKK2,1675.0
Ta20_10_1,20×10,PRules_2n,Contrast,FRB4-p1,1602.0
Ta20_10_1,20×10,PRules_2n,Contrast,INEH-inspired,1606.6
Ta20_10_1,20×10,PRules_2n,Contrast,KK2-style-NEH,1666.4
Ta20_10_1,20×10,PRules_2n,Contrast,NEH,1675.0
Ta20_10_1,20×10,PRules_2n,Contrast,NEH-TBKK2,1675.0
Ta20_10_1,20×10,PRules_2n,Elite-only,FRB4-p1,1592.0
Ta20_10_1,20×10,PRules_2n,Elite-only,INEH-inspired,1633.4
Ta20_10_1,20×10,PRules_2n,Elite-only,KK2-style-NEH,1660.0
Ta20_10_1,20×10,PRules_2n,Elite-only,NEH,1675.0
Ta20_10_1,20×10,PRules_2n,Elite-only,NEH-TBKK2,1675.0
Ta20_10_1,20×10,PRules_4n,Contrast,FRB4-p1,1608.0
Ta20_10_1,20×10,PRules_4n,Contrast,INEH-inspired,1613.0
Ta20_10_1,20×10,PRules_4n,Contrast,KK2-style-NEH,1666.4
Ta20_10_1,20×10,PRules_4n,Contrast,NEH,1675.0
Ta20_10_1,20×10,PRules_4n,Contrast,NEH-TBKK2,1675.0
Ta20_10_1,20×10,PRules_4n,Elite-only,FRB4-p1,1608.0
Ta20_10_1,20×10,PRules_4n,Elite-only,INEH-inspired,1620.0
Ta20_10_1,20×10,PRules_4n,Elite-only,KK2-style-NEH,1660.0
Ta20_10_1,20×10,PRules_4n,Elite-only,NEH,1675.0
Ta20_10_1,20×10,PRules_4n,Elite-only,NEH-TBKK2,1675.0
Ta20_10_1,20×10,Poor_05,Contrast,FRB4-p1,1606.0
Ta20_10_1,20×10,Poor_05,Contrast,INEH-inspired,1616.6
Ta20_10_1,20×10,Poor_05,Contrast,KK2-style-NEH,1668.0
Ta20_10_1,20×10,Poor_05,Contrast,NEH,1675.0
Ta20_10_1,20×10,Poor_05,Contrast,NEH-TBKK2,1675.0
Ta20_10_1,20×10,Poor_05,Elite-only,FRB4-p1,1592.0
Ta20_10_1,20×10,Poor_05,Elite-only,INEH-inspired,1643.0
Ta20_10_1,20×10,Poor_05,Elite-only,KK2-style-NEH,1660.0
Ta20_10_1,20×10,Poor_05,Elite-only,NEH,1675.0
Ta20_10_1,20×10,Poor_05,Elite-only,NEH-TBKK2,1675.0
Ta20_10_1,20×10,Poor_20,Contrast,FRB4-p1,1596.0
Ta20_10_1,20×10,Poor_20,Contrast,INEH-inspired,1627.0
Ta20_10_1,20×10,Poor_20,Contrast,KK2-style-NEH,1661.6
Ta20_10_1,20×10,Poor_20,Contrast,NEH,1675.0
Ta20_10_1,20×10,Poor_20,Contrast,NEH-TBKK2,1675.0
Ta20_10_1,20×10,Poor_20,Elite-only,FRB4-p1,1592.0
Ta20_10_1,20×10,Poor_20,Elite-only,INEH-inspired,1643.0
Ta20_10_1,20×10,Poor_20,Elite-only,KK2-style-NEH,1660.0
Ta20_10_1,20×10,Poor_20,Elite-only,NEH,1675.0
Ta20_10_1,20×10,Poor_20,Elite-only,NEH-TBKK2,1675.0
Ta20_10_1,20×10,Regions_2,Contrast,FRB4-p1,1614.0
Ta20_10_1,20×10,Regions_2,Contrast,INEH-inspired,1602.0
Ta20_10_1,20×10,Regions_2,Contrast,KK2-style-NEH,1656.0
Ta20_10_1,20×10,Regions_2,Contrast,NEH,1680.0
Ta20_10_1,20×10,Regions_2,Contrast,NEH-TBKK2,1675.0
Ta20_10_1,20×10,Regions_2,Elite-only,FRB4-p1,1614.0
Ta20_10_1,20×10,Regions_2,Elite-only,INEH-inspired,1603.0
Ta20_10_1,20×10,Regions_2,Elite-only,KK2-style-NEH,1656.0
Ta20_10_1,20×10,Regions_2,Elite-only,NEH,1680.0
Ta20_10_1,20×10,Regions_2,Elite-only,NEH-TBKK2,1675.0
Ta20_10_1,20×10,Regions_8,Contrast,FRB4-p1,1614.8
Ta20_10_1,20×10,Regions_8,Contrast,INEH-inspired,1618.6
Ta20_10_1,20×10,Regions_8,Contrast,KK2-style-NEH,1669.0
Ta20_10_1,20×10,Regions_8,Contrast,NEH,1675.0
Ta20_10_1,20×10,Regions_8,Contrast,NEH-TBKK2,1675.0
Ta20_10_1,20×10,Regions_8,Elite-only,FRB4-p1,1608.6
Ta20_10_1,20×10,Regions_8,Elite-only,INEH-inspired,1618.4
Ta20_10_1,20×10,Regions_8,Elite-only,KK2-style-NEH,1668.0
Ta20_10_1,20×10,Regions_8,Elite-only,NEH,1675.0
Ta20_10_1,20×10,Regions_8,Elite-only,NEH-TBKK2,1675.0
Ta20_10_1,20×10,q_2,Contrast,FRB4-p1,1624.6
Ta20_10_1,20×10,q_2,Contrast,INEH-inspired,1644.0
Ta20_10_1,20×10,q_2,Contrast,KK2-style-NEH,1666.4
Ta20_10_1,20×10,q_2,Contrast,NEH,1675.0
Ta20_10_1,20×10,q_2,Contrast,NEH-TBKK2,1675.0
Ta20_10_1,20×10,q_2,Elite-only,FRB4-p1,1627.6
Ta20_10_1,20×10,q_2,Elite-only,INEH-inspired,1644.0
Ta20_10_1,20×10,q_2,Elite-only,KK2-style-NEH,1660.0
Ta20_10_1,20×10,q_2,Elite-only,NEH,1675.0
Ta20_10_1,20×10,q_2,Elite-only,NEH-TBKK2,1675.0
Ta20_10_1,20×10,q_6,Contrast,FRB4-p1,1596.8
Ta20_10_1,20×10,q_6,Contrast,INEH-inspired,1605.0
Ta20_10_1,20×10,q_6,Contrast,KK2-style-NEH,1666.4
Ta20_10_1,20×10,q_6,Contrast,NEH,1675.0
Ta20_10_1,20×10,q_6,Contrast,NEH-TBKK2,1675.0
Ta20_10_1,20×10,q_6,Elite-only,FRB4-p1,1592.0
Ta20_10_1,20×10,q_6,Elite-only,INEH-inspired,1623.2
Ta20_10_1,20×10,q_6,Elite-only,KK2-style-NEH,1660.0
Ta20_10_1,20×10,q_6,Elite-only,NEH,1675.0
Ta20_10_1,20×10,q_6,Elite-only,NEH-TBKK2,1675.0
Ta20_10_10,20×10,Baseline,Contrast,FRB4-p1,1643.0
Ta20_10_10,20×10,Baseline,Contrast,INEH-inspired,1643.0
Ta20_10_10,20×10,Baseline,Contrast,KK2-style-NEH,1749.0
Ta20_10_10,20×10,Baseline,Contrast,NEH,1646.4
Ta20_10_10,20×10,Baseline,Contrast,NEH-TBKK2,1646.4
Ta20_10_10,20×10,Baseline,Elite-only,FRB4-p1,1643.0
Ta20_10_10,20×10,Baseline,Elite-only,INEH-inspired,1641.0
Ta20_10_10,20×10,Baseline,Elite-only,KK2-style-NEH,1749.0
Ta20_10_10,20×10,Baseline,Elite-only,NEH,1653.0
Ta20_10_10,20×10,Baseline,Elite-only,NEH-TBKK2,1653.0
Ta20_10_10,20×10,Elite_025,Contrast,FRB4-p1,1643.0
Ta20_10_10,20×10,Elite_025,Contrast,INEH-inspired,1639.4
Ta20_10_10,20×10,Elite_025,Contrast,KK2-style-NEH,1749.0
Ta20_10_10,20×10,Elite_025,Contrast,NEH,1648.6
Ta20_10_10,20×10,Elite_025,Contrast,NEH-TBKK2,1648.6
Ta20_10_10,20×10,Elite_025,Elite-only,FRB4-p1,1639.6
Ta20_10_10,20×10,Elite_025,Elite-only,INEH-inspired,1641.2
Ta20_10_10,20×10,Elite_025,Elite-only,KK2-style-NEH,1750.2
Ta20_10_10,20×10,Elite_025,Elite-only,NEH,1653.0
Ta20_10_10,20×10,Elite_025,Elite-only,NEH-TBKK2,1653.0
Ta20_10_10,20×10,Elite_10,Contrast,FRB4-p1,1639.6
Ta20_10_10,20×10,Elite_10,Contrast,INEH-inspired,1640.0
Ta20_10_10,20×10,Elite_10,Contrast,KK2-style-NEH,1749.0
Ta20_10_10,20×10,Elite_10,Contrast,NEH,1646.4
Ta20_10_10,20×10,Elite_10,Contrast,NEH-TBKK2,1646.4
Ta20_10_10,20×10,Elite_10,Elite-only,FRB4-p1,1643.0
Ta20_10_10,20×10,Elite_10,Elite-only,INEH-inspired,1641.0
Ta20_10_10,20×10,Elite_10,Elite-only,KK2-style-NEH,1749.0
Ta20_10_10,20×10,Elite_10,Elite-only,NEH,1650.8
Ta20_10_10,20×10,Elite_10,Elite-only,NEH-TBKK2,1650.8
Ta20_10_10,20×10,PRules_2n,Contrast,FRB4-p1,1643.0
Ta20_10_10,20×10,PRules_2n,Contrast,INEH-inspired,1643.4
Ta20_10_10,20×10,PRules_2n,Contrast,KK2-style-NEH,1749.0
Ta20_10_10,20×10,PRules_2n,Contrast,NEH,1646.4
Ta20_10_10,20×10,PRules_2n,Contrast,NEH-TBKK2,1646.4
Ta20_10_10,20×10,PRules_2n,Elite-only,FRB4-p1,1651.0
Ta20_10_10,20×10,PRules_2n,Elite-only,INEH-inspired,1661.0
Ta20_10_10,20×10,PRules_2n,Elite-only,KK2-style-NEH,1748.0
Ta20_10_10,20×10,PRules_2n,Elite-only,NEH,1653.0
Ta20_10_10,20×10,PRules_2n,Elite-only,NEH-TBKK2,1653.0
Ta20_10_10,20×10,PRules_4n,Contrast,FRB4-p1,1626.0
Ta20_10_10,20×10,PRules_4n,Contrast,INEH-inspired,1634.4
Ta20_10_10,20×10,PRules_4n,Contrast,KK2-style-NEH,1749.0
Ta20_10_10,20×10,PRules_4n,Contrast,NEH,1653.0
Ta20_10_10,20×10,PRules_4n,Contrast,NEH-TBKK2,1653.0
Ta20_10_10,20×10,PRules_4n,Elite-only,FRB4-p1,1647.8
Ta20_10_10,20×10,PRules_4n,Elite-only,INEH-inspired,1641.0
Ta20_10_10,20×10,PRules_4n,Elite-only,KK2-style-NEH,1749.0
Ta20_10_10,20×10,PRules_4n,Elite-only,NEH,1653.0
Ta20_10_10,20×10,PRules_4n,Elite-only,NEH-TBKK2,1653.0
Ta20_10_10,20×10,Poor_05,Contrast,FRB4-p1,1643.0
Ta20_10_10,20×10,Poor_05,Contrast,INEH-inspired,1643.0
Ta20_10_10,20×10,Poor_05,Contrast,KK2-style-NEH,1749.0
Ta20_10_10,20×10,Poor_05,Contrast,NEH,1646.4
Ta20_10_10,20×10,Poor_05,Contrast,NEH-TBKK2,1646.4
Ta20_10_10,20×10,Poor_05,Elite-only,FRB4-p1,1643.0
Ta20_10_10,20×10,Poor_05,Elite-only,INEH-inspired,1641.0
Ta20_10_10,20×10,Poor_05,Elite-only,KK2-style-NEH,1749.0
Ta20_10_10,20×10,Poor_05,Elite-only,NEH,1653.0
Ta20_10_10,20×10,Poor_05,Elite-only,NEH-TBKK2,1653.0
Ta20_10_10,20×10,Poor_20,Contrast,FRB4-p1,1643.0
Ta20_10_10,20×10,Poor_20,Contrast,INEH-inspired,1643.0
Ta20_10_10,20×10,Poor_20,Contrast,KK2-style-NEH,1749.0
Ta20_10_10,20×10,Poor_20,Contrast,NEH,1646.4
Ta20_10_10,20×10,Poor_20,Contrast,NEH-TBKK2,1646.4
Ta20_10_10,20×10,Poor_20,Elite-only,FRB4-p1,1643.0
Ta20_10_10,20×10,Poor_20,Elite-only,INEH-inspired,1641.0
Ta20_10_10,20×10,Poor_20,Elite-only,KK2-style-NEH,1749.0
Ta20_10_10,20×10,Poor_20,Elite-only,NEH,1653.0
Ta20_10_10,20×10,Poor_20,Elite-only,NEH-TBKK2,1653.0
Ta20_10_10,20×10,Regions_2,Contrast,FRB4-p1,1620.0
Ta20_10_10,20×10,Regions_2,Contrast,INEH-inspired,1652.0
Ta20_10_10,20×10,Regions_2,Contrast,KK2-style-NEH,1749.0
Ta20_10_10,20×10,Regions_2,Contrast,NEH,1653.0
Ta20_10_10,20×10,Regions_2,Contrast,NEH-TBKK2,1653.0
Ta20_10_10,20×10,Regions_2,Elite-only,FRB4-p1,1615.0
Ta20_10_10,20×10,Regions_2,Elite-only,INEH-inspired,1623.0
Ta20_10_10,20×10,Regions_2,Elite-only,KK2-style-NEH,1749.0
Ta20_10_10,20×10,Regions_2,Elite-only,NEH,1653.0
Ta20_10_10,20×10,Regions_2,Elite-only,NEH-TBKK2,1653.0
Ta20_10_10,20×10,Regions_8,Contrast,FRB4-p1,1620.0
Ta20_10_10,20×10,Regions_8,Contrast,INEH-inspired,1636.6
Ta20_10_10,20×10,Regions_8,Contrast,KK2-style-NEH,1749.0
Ta20_10_10,20×10,Regions_8,Contrast,NEH,1653.0
Ta20_10_10,20×10,Regions_8,Contrast,NEH-TBKK2,1653.0
Ta20_10_10,20×10,Regions_8,Elite-only,FRB4-p1,1631.6
Ta20_10_10,20×10,Regions_8,Elite-only,INEH-inspired,1635.8
Ta20_10_10,20×10,Regions_8,Elite-only,KK2-style-NEH,1751.0
Ta20_10_10,20×10,Regions_8,Elite-only,NEH,1653.0
Ta20_10_10,20×10,Regions_8,Elite-only,NEH-TBKK2,1653.0
Ta20_10_10,20×10,q_2,Contrast,FRB4-p1,1630.0
Ta20_10_10,20×10,q_2,Contrast,INEH-inspired,1647.6
Ta20_10_10,20×10,q_2,Contrast,KK2-style-NEH,1749.0
Ta20_10_10,20×10,q_2,Contrast,NEH,1646.4
Ta20_10_10,20×10,q_2,Contrast,NEH-TBKK2,1646.4
Ta20_10_10,20×10,q_2,Elite-only,FRB4-p1,1631.2
Ta20_10_10,20×10,q_2,Elite-only,INEH-inspired,1645.0
Ta20_10_10,20×10,q_2,Elite-only,KK2-style-NEH,1749.0
Ta20_10_10,20×10,q_2,Elite-only,NEH,1653.0
Ta20_10_10,20×10,q_2,Elite-only,NEH-TBKK2,1653.0
Ta20_10_10,20×10,q_6,Contrast,FRB4-p1,1651.0
Ta20_10_10,20×10,q_6,Contrast,INEH-inspired,1658.0
Ta20_10_10,20×10,q_6,Contrast,KK2-style-NEH,1749.0
Ta20_10_10,20×10,q_6,Contrast,NEH,1646.4
Ta20_10_10,20×10,q_6,Contrast,NEH-TBKK2,1646.4
Ta20_10_10,20×10,q_6,Elite-only,FRB4-p1,1634.2
Ta20_10_10,20×10,q_6,Elite-only,INEH-inspired,1654.8
Ta20_10_10,20×10,q_6,Elite-only,KK2-style-NEH,1749.0
Ta20_10_10,20×10,q_6,Elite-only,NEH,1653.0
Ta20_10_10,20×10,q_6,Elite-only,NEH-TBKK2,1653.0
Ta20_20_1,20×20,Baseline,Contrast,FRB4-p1,2364.0
Ta20_20_1,20×20,Baseline,Contrast,INEH-inspired,2353.2
Ta20_20_1,20×20,Baseline,Contrast,KK2-style-NEH,2398.0
Ta20_20_1,20×20,Baseline,Contrast,NEH,2443.0
Ta20_20_1,20×20,Baseline,Contrast,NEH-TBKK2,2443.0
Ta20_20_1,20×20,Baseline,Elite-only,FRB4-p1,2347.4
Ta20_20_1,20×20,Baseline,Elite-only,INEH-inspired,2354.4
Ta20_20_1,20×20,Baseline,Elite-only,KK2-style-NEH,2398.0
Ta20_20_1,20×20,Baseline,Elite-only,NEH,2416.0
Ta20_20_1,20×20,Baseline,Elite-only,NEH-TBKK2,2416.0
Ta20_20_1,20×20,Elite_025,Contrast,FRB4-p1,2377.2
Ta20_20_1,20×20,Elite_025,Contrast,INEH-inspired,2359.4
Ta20_20_1,20×20,Elite_025,Contrast,KK2-style-NEH,2398.0
Ta20_20_1,20×20,Elite_025,Contrast,NEH,2443.0
Ta20_20_1,20×20,Elite_025,Contrast,NEH-TBKK2,2443.0
Ta20_20_1,20×20,Elite_025,Elite-only,FRB4-p1,2357.0
Ta20_20_1,20×20,Elite_025,Elite-only,INEH-inspired,2352.0
Ta20_20_1,20×20,Elite_025,Elite-only,KK2-style-NEH,2398.0
Ta20_20_1,20×20,Elite_025,Elite-only,NEH,2432.2
Ta20_20_1,20×20,Elite_025,Elite-only,NEH-TBKK2,2432.2
Ta20_20_1,20×20,Elite_10,Contrast,FRB4-p1,2364.0
Ta20_20_1,20×20,Elite_10,Contrast,INEH-inspired,2343.8
Ta20_20_1,20×20,Elite_10,Contrast,KK2-style-NEH,2398.0
Ta20_20_1,20×20,Elite_10,Contrast,NEH,2443.0
Ta20_20_1,20×20,Elite_10,Contrast,NEH-TBKK2,2443.0
Ta20_20_1,20×20,Elite_10,Elite-only,FRB4-p1,2345.0
Ta20_20_1,20×20,Elite_10,Elite-only,INEH-inspired,2364.0
Ta20_20_1,20×20,Elite_10,Elite-only,KK2-style-NEH,2398.0
Ta20_20_1,20×20,Elite_10,Elite-only,NEH,2416.0
Ta20_20_1,20×20,Elite_10,Elite-only,NEH-TBKK2,2416.0
Ta20_20_1,20×20,PRules_2n,Contrast,FRB4-p1,2354.0
Ta20_20_1,20×20,PRules_2n,Contrast,INEH-inspired,2350.6
Ta20_20_1,20×20,PRules_2n,Contrast,KK2-style-NEH,2398.0
Ta20_20_1,20×20,PRules_2n,Contrast,NEH,2421.4
Ta20_20_1,20×20,PRules_2n,Contrast,NEH-TBKK2,2421.4
Ta20_20_1,20×20,PRules_2n,Elite-only,FRB4-p1,2347.4
Ta20_20_1,20×20,PRules_2n,Elite-only,INEH-inspired,2350.4
Ta20_20_1,20×20,PRules_2n,Elite-only,KK2-style-NEH,2398.0
Ta20_20_1,20×20,PRules_2n,Elite-only,NEH,2416.0
Ta20_20_1,20×20,PRules_2n,Elite-only,NEH-TBKK2,2416.0
Ta20_20_1,20×20,PRules_4n,Contrast,FRB4-p1,2368.0
Ta20_20_1,20×20,PRules_4n,Contrast,INEH-inspired,2352.6
Ta20_20_1,20×20,PRules_4n,Contrast,KK2-style-NEH,2398.0
Ta20_20_1,20×20,PRules_4n,Contrast,NEH,2443.0
Ta20_20_1,20×20,PRules_4n,Contrast,NEH-TBKK2,2443.0
Ta20_20_1,20×20,PRules_4n,Elite-only,FRB4-p1,2375.0
Ta20_20_1,20×20,PRules_4n,Elite-only,INEH-inspired,2357.0
Ta20_20_1,20×20,PRules_4n,Elite-only,KK2-style-NEH,2398.0
Ta20_20_1,20×20,PRules_4n,Elite-only,NEH,2443.0
Ta20_20_1,20×20,PRules_4n,Elite-only,NEH-TBKK2,2443.0
Ta20_20_1,20×20,Poor_05,Contrast,FRB4-p1,2363.4
Ta20_20_1,20×20,Poor_05,Contrast,INEH-inspired,2361.6
Ta20_20_1,20×20,Poor_05,Contrast,KK2-style-NEH,2398.0
Ta20_20_1,20×20,Poor_05,Contrast,NEH,2443.0
Ta20_20_1,20×20,Poor_05,Contrast,NEH-TBKK2,2443.0
Ta20_20_1,20×20,Poor_05,Elite-only,FRB4-p1,2347.4
Ta20_20_1,20×20,Poor_05,Elite-only,INEH-inspired,2354.4
Ta20_20_1,20×20,Poor_05,Elite-only,KK2-style-NEH,2398.0
Ta20_20_1,20×20,Poor_05,Elite-only,NEH,2416.0
Ta20_20_1,20×20,Poor_05,Elite-only,NEH-TBKK2,2416.0
Ta20_20_1,20×20,Poor_20,Contrast,FRB4-p1,2372.8
Ta20_20_1,20×20,Poor_20,Contrast,INEH-inspired,2362.8
Ta20_20_1,20×20,Poor_20,Contrast,KK2-style-NEH,2398.0
Ta20_20_1,20×20,Poor_20,Contrast,NEH,2437.6
Ta20_20_1,20×20,Poor_20,Contrast,NEH-TBKK2,2437.6
Ta20_20_1,20×20,Poor_20,Elite-only,FRB4-p1,2347.4
Ta20_20_1,20×20,Poor_20,Elite-only,INEH-inspired,2354.4
Ta20_20_1,20×20,Poor_20,Elite-only,KK2-style-NEH,2398.0
Ta20_20_1,20×20,Poor_20,Elite-only,NEH,2416.0
Ta20_20_1,20×20,Poor_20,Elite-only,NEH-TBKK2,2416.0
Ta20_20_1,20×20,Regions_2,Contrast,FRB4-p1,2402.4
Ta20_20_1,20×20,Regions_2,Contrast,INEH-inspired,2356.2
Ta20_20_1,20×20,Regions_2,Contrast,KK2-style-NEH,2398.0
Ta20_20_1,20×20,Regions_2,Contrast,NEH,2443.0
Ta20_20_1,20×20,Regions_2,Contrast,NEH-TBKK2,2443.0
Ta20_20_1,20×20,Regions_2,Elite-only,FRB4-p1,2367.0
Ta20_20_1,20×20,Regions_2,Elite-only,INEH-inspired,2348.2
Ta20_20_1,20×20,Regions_2,Elite-only,KK2-style-NEH,2398.0
Ta20_20_1,20×20,Regions_2,Elite-only,NEH,2423.2
Ta20_20_1,20×20,Regions_2,Elite-only,NEH-TBKK2,2426.8
Ta20_20_1,20×20,Regions_8,Contrast,FRB4-p1,2358.8
Ta20_20_1,20×20,Regions_8,Contrast,INEH-inspired,2335.0
Ta20_20_1,20×20,Regions_8,Contrast,KK2-style-NEH,2398.0
Ta20_20_1,20×20,Regions_8,Contrast,NEH,2443.0
Ta20_20_1,20×20,Regions_8,Contrast,NEH-TBKK2,2443.0
Ta20_20_1,20×20,Regions_8,Elite-only,FRB4-p1,2360.0
Ta20_20_1,20×20,Regions_8,Elite-only,INEH-inspired,2336.8
Ta20_20_1,20×20,Regions_8,Elite-only,KK2-style-NEH,2398.0
Ta20_20_1,20×20,Regions_8,Elite-only,NEH,2443.0
Ta20_20_1,20×20,Regions_8,Elite-only,NEH-TBKK2,2443.0
Ta20_20_1,20×20,q_2,Contrast,FRB4-p1,2416.0
Ta20_20_1,20×20,q_2,Contrast,INEH-inspired,2377.0
Ta20_20_1,20×20,q_2,Contrast,KK2-style-NEH,2398.0
Ta20_20_1,20×20,q_2,Contrast,NEH,2443.0
Ta20_20_1,20×20,q_2,Contrast,NEH-TBKK2,2443.0
Ta20_20_1,20×20,q_2,Elite-only,FRB4-p1,2370.0
Ta20_20_1,20×20,q_2,Elite-only,INEH-inspired,2370.6
Ta20_20_1,20×20,q_2,Elite-only,KK2-style-NEH,2398.0
Ta20_20_1,20×20,q_2,Elite-only,NEH,2416.0
Ta20_20_1,20×20,q_2,Elite-only,NEH-TBKK2,2416.0
Ta20_20_1,20×20,q_6,Contrast,FRB4-p1,2362.8
Ta20_20_1,20×20,q_6,Contrast,INEH-inspired,2351.0
Ta20_20_1,20×20,q_6,Contrast,KK2-style-NEH,2398.0
Ta20_20_1,20×20,q_6,Contrast,NEH,2443.0
Ta20_20_1,20×20,q_6,Contrast,NEH-TBKK2,2443.0
Ta20_20_1,20×20,q_6,Elite-only,FRB4-p1,2355.4
Ta20_20_1,20×20,q_6,Elite-only,INEH-inspired,2344.6
Ta20_20_1,20×20,q_6,Elite-only,KK2-style-NEH,2398.0
Ta20_20_1,20×20,q_6,Elite-only,NEH,2416.0
Ta20_20_1,20×20,q_6,Elite-only,NEH-TBKK2,2416.0
Ta20_20_10,20×20,Baseline,Contrast,FRB4-p1,2250.0
Ta20_20_10,20×20,Baseline,Contrast,INEH-inspired,2259.0
Ta20_20_10,20×20,Baseline,Contrast,KK2-style-NEH,2342.0
Ta20_20_10,20×20,Baseline,Contrast,NEH,2257.0
Ta20_20_10,20×20,Baseline,Contrast,NEH-TBKK2,2257.0
Ta20_20_10,20×20,Baseline,Elite-only,FRB4-p1,2244.4
Ta20_20_10,20×20,Baseline,Elite-only,INEH-inspired,2259.0
Ta20_20_10,20×20,Baseline,Elite-only,KK2-style-NEH,2342.0
Ta20_20_10,20×20,Baseline,Elite-only,NEH,2257.0
Ta20_20_10,20×20,Baseline,Elite-only,NEH-TBKK2,2257.0
Ta20_20_10,20×20,Elite_025,Contrast,FRB4-p1,2250.0
Ta20_20_10,20×20,Elite_025,Contrast,INEH-inspired,2259.0
Ta20_20_10,20×20,Elite_025,Contrast,KK2-style-NEH,2342.0
Ta20_20_10,20×20,Elite_025,Contrast,NEH,2257.0
Ta20_20_10,20×20,Elite_025,Contrast,NEH-TBKK2,2257.0
Ta20_20_10,20×20,Elite_025,Elite-only,FRB4-p1,2244.4
Ta20_20_10,20×20,Elite_025,Elite-only,INEH-inspired,2259.0
Ta20_20_10,20×20,Elite_025,Elite-only,KK2-style-NEH,2342.0
Ta20_20_10,20×20,Elite_025,Elite-only,NEH,2257.0
Ta20_20_10,20×20,Elite_025,Elite-only,NEH-TBKK2,2257.0
Ta20_20_10,20×20,Elite_10,Contrast,FRB4-p1,2253.4
Ta20_20_10,20×20,Elite_10,Contrast,INEH-inspired,2259.0
Ta20_20_10,20×20,Elite_10,Contrast,KK2-style-NEH,2342.0
Ta20_20_10,20×20,Elite_10,Contrast,NEH,2257.0
Ta20_20_10,20×20,Elite_10,Contrast,NEH-TBKK2,2257.0
Ta20_20_10,20×20,Elite_10,Elite-only,FRB4-p1,2244.4
Ta20_20_10,20×20,Elite_10,Elite-only,INEH-inspired,2259.0
Ta20_20_10,20×20,Elite_10,Elite-only,KK2-style-NEH,2342.0
Ta20_20_10,20×20,Elite_10,Elite-only,NEH,2257.0
Ta20_20_10,20×20,Elite_10,Elite-only,NEH-TBKK2,2257.0
Ta20_20_10,20×20,PRules_2n,Contrast,FRB4-p1,2243.0
Ta20_20_10,20×20,PRules_2n,Contrast,INEH-inspired,2259.0
Ta20_20_10,20×20,PRules_2n,Contrast,KK2-style-NEH,2342.0
Ta20_20_10,20×20,PRules_2n,Contrast,NEH,2269.0
Ta20_20_10,20×20,PRules_2n,Contrast,NEH-TBKK2,2269.0
Ta20_20_10,20×20,PRules_2n,Elite-only,FRB4-p1,2243.0
Ta20_20_10,20×20,PRules_2n,Elite-only,INEH-inspired,2259.0
Ta20_20_10,20×20,PRules_2n,Elite-only,KK2-style-NEH,2342.0
Ta20_20_10,20×20,PRules_2n,Elite-only,NEH,2273.0
Ta20_20_10,20×20,PRules_2n,Elite-only,NEH-TBKK2,2273.0
Ta20_20_10,20×20,PRules_4n,Contrast,FRB4-p1,2262.0
Ta20_20_10,20×20,PRules_4n,Contrast,INEH-inspired,2233.4
Ta20_20_10,20×20,PRules_4n,Contrast,KK2-style-NEH,2342.0
Ta20_20_10,20×20,PRules_4n,Contrast,NEH,2257.0
Ta20_20_10,20×20,PRules_4n,Contrast,NEH-TBKK2,2257.0
Ta20_20_10,20×20,PRules_4n,Elite-only,FRB4-p1,2246.6
Ta20_20_10,20×20,PRules_4n,Elite-only,INEH-inspired,2259.0
Ta20_20_10,20×20,PRules_4n,Elite-only,KK2-style-NEH,2342.0
Ta20_20_10,20×20,PRules_4n,Elite-only,NEH,2257.0
Ta20_20_10,20×20,PRules_4n,Elite-only,NEH-TBKK2,2257.0
Ta20_20_10,20×20,Poor_05,Contrast,FRB4-p1,2254.8
Ta20_20_10,20×20,Poor_05,Contrast,INEH-inspired,2259.0
Ta20_20_10,20×20,Poor_05,Contrast,KK2-style-NEH,2342.0
Ta20_20_10,20×20,Poor_05,Contrast,NEH,2257.0
Ta20_20_10,20×20,Poor_05,Contrast,NEH-TBKK2,2257.0
Ta20_20_10,20×20,Poor_05,Elite-only,FRB4-p1,2244.4
Ta20_20_10,20×20,Poor_05,Elite-only,INEH-inspired,2259.0
Ta20_20_10,20×20,Poor_05,Elite-only,KK2-style-NEH,2342.0
Ta20_20_10,20×20,Poor_05,Elite-only,NEH,2257.0
Ta20_20_10,20×20,Poor_05,Elite-only,NEH-TBKK2,2257.0
Ta20_20_10,20×20,Poor_20,Contrast,FRB4-p1,2248.6
Ta20_20_10,20×20,Poor_20,Contrast,INEH-inspired,2259.0
Ta20_20_10,20×20,Poor_20,Contrast,KK2-style-NEH,2342.0
Ta20_20_10,20×20,Poor_20,Contrast,NEH,2257.0
Ta20_20_10,20×20,Poor_20,Contrast,NEH-TBKK2,2257.0
Ta20_20_10,20×20,Poor_20,Elite-only,FRB4-p1,2244.4
Ta20_20_10,20×20,Poor_20,Elite-only,INEH-inspired,2259.0
Ta20_20_10,20×20,Poor_20,Elite-only,KK2-style-NEH,2342.0
Ta20_20_10,20×20,Poor_20,Elite-only,NEH,2257.0
Ta20_20_10,20×20,Poor_20,Elite-only,NEH-TBKK2,2257.0
Ta20_20_10,20×20,Regions_2,Contrast,FRB4-p1,2244.6
Ta20_20_10,20×20,Regions_2,Contrast,INEH-inspired,2259.0
Ta20_20_10,20×20,Regions_2,Contrast,KK2-style-NEH,2342.0
Ta20_20_10,20×20,Regions_2,Contrast,NEH,2257.0
Ta20_20_10,20×20,Regions_2,Contrast,NEH-TBKK2,2257.0
Ta20_20_10,20×20,Regions_2,Elite-only,FRB4-p1,2264.0
Ta20_20_10,20×20,Regions_2,Elite-only,INEH-inspired,2229.4
Ta20_20_10,20×20,Regions_2,Elite-only,KK2-style-NEH,2342.0
Ta20_20_10,20×20,Regions_2,Elite-only,NEH,2257.0
Ta20_20_10,20×20,Regions_2,Elite-only,NEH-TBKK2,2257.0
Ta20_20_10,20×20,Regions_8,Contrast,FRB4-p1,2256.0
Ta20_20_10,20×20,Regions_8,Contrast,INEH-inspired,2262.8
Ta20_20_10,20×20,Regions_8,Contrast,KK2-style-NEH,2342.0
Ta20_20_10,20×20,Regions_8,Contrast,NEH,2257.0
Ta20_20_10,20×20,Regions_8,Contrast,NEH-TBKK2,2257.0
Ta20_20_10,20×20,Regions_8,Elite-only,FRB4-p1,2252.4
Ta20_20_10,20×20,Regions_8,Elite-only,INEH-inspired,2213.8
Ta20_20_10,20×20,Regions_8,Elite-only,KK2-style-NEH,2342.0
Ta20_20_10,20×20,Regions_8,Elite-only,NEH,2269.0
Ta20_20_10,20×20,Regions_8,Elite-only,NEH-TBKK2,2269.0
Ta20_20_10,20×20,q_2,Contrast,FRB4-p1,2269.0
Ta20_20_10,20×20,q_2,Contrast,INEH-inspired,2195.0
Ta20_20_10,20×20,q_2,Contrast,KK2-style-NEH,2342.0
Ta20_20_10,20×20,q_2,Contrast,NEH,2257.0
Ta20_20_10,20×20,q_2,Contrast,NEH-TBKK2,2257.0
Ta20_20_10,20×20,q_2,Elite-only,FRB4-p1,2269.0
Ta20_20_10,20×20,q_2,Elite-only,INEH-inspired,2233.4
Ta20_20_10,20×20,q_2,Elite-only,KK2-style-NEH,2342.0
Ta20_20_10,20×20,q_2,Elite-only,NEH,2257.0
Ta20_20_10,20×20,q_2,Elite-only,NEH-TBKK2,2257.0
Ta20_20_10,20×20,q_6,Contrast,FRB4-p1,2250.0
Ta20_20_10,20×20,q_6,Contrast,INEH-inspired,2259.0
Ta20_20_10,20×20,q_6,Contrast,KK2-style-NEH,2342.0
Ta20_20_10,20×20,q_6,Contrast,NEH,2257.0
Ta20_20_10,20×20,q_6,Contrast,NEH-TBKK2,2257.0
Ta20_20_10,20×20,q_6,Elite-only,FRB4-p1,2243.0
Ta20_20_10,20×20,q_6,Elite-only,INEH-inspired,2254.2
Ta20_20_10,20×20,q_6,Elite-only,KK2-style-NEH,2342.0
Ta20_20_10,20×20,q_6,Elite-only,NEH,2257.0
Ta20_20_10,20×20,q_6,Elite-only,NEH-TBKK2,2257.0
Ta20_5_1,20×5,Baseline,Contrast,FRB4-p1,1286.8
Ta20_5_1,20×5,Baseline,Contrast,INEH-inspired,1292.0
Ta20_5_1,20×5,Baseline,Contrast,KK2-style-NEH,1323.0
Ta20_5_1,20×5,Baseline,Contrast,NEH,1302.0
Ta20_5_1,20×5,Baseline,Contrast,NEH-TBKK2,1301.0
Ta20_5_1,20×5,Baseline,Elite-only,FRB4-p1,1286.4
Ta20_5_1,20×5,Baseline,Elite-only,INEH-inspired,1287.6
Ta20_5_1,20×5,Baseline,Elite-only,KK2-style-NEH,1302.2
Ta20_5_1,20×5,Baseline,Elite-only,NEH,1302.0
Ta20_5_1,20×5,Baseline,Elite-only,NEH-TBKK2,1301.0
Ta20_5_1,20×5,Elite_025,Contrast,FRB4-p1,1288.6
Ta20_5_1,20×5,Elite_025,Contrast,INEH-inspired,1292.2
Ta20_5_1,20×5,Elite_025,Contrast,KK2-style-NEH,1317.8
Ta20_5_1,20×5,Elite_025,Contrast,NEH,1302.0
Ta20_5_1,20×5,Elite_025,Contrast,NEH-TBKK2,1301.0
Ta20_5_1,20×5,Elite_025,Elite-only,FRB4-p1,1285.2
Ta20_5_1,20×5,Elite_025,Elite-only,INEH-inspired,1287.2
Ta20_5_1,20×5,Elite_025,Elite-only,KK2-style-NEH,1312.6
Ta20_5_1,20×5,Elite_025,Elite-only,NEH,1302.0
Ta20_5_1,20×5,Elite_025,Elite-only,NEH-TBKK2,1301.0
Ta20_5_1,20×5,Elite_10,Contrast,FRB4-p1,1287.8
Ta20_5_1,20×5,Elite_10,Contrast,INEH-inspired,1292.0
Ta20_5_1,20×5,Elite_10,Contrast,KK2-style-NEH,1323.0
Ta20_5_1,20×5,Elite_10,Contrast,NEH,1302.0
Ta20_5_1,20×5,Elite_10,Contrast,NEH-TBKK2,1301.0
Ta20_5_1,20×5,Elite_10,Elite-only,FRB4-p1,1286.2
Ta20_5_1,20×5,Elite_10,Elite-only,INEH-inspired,1289.0
Ta20_5_1,20×5,Elite_10,Elite-only,KK2-style-NEH,1297.0
Ta20_5_1,20×5,Elite_10,Elite-only,NEH,1302.0
Ta20_5_1,20×5,Elite_10,Elite-only,NEH-TBKK2,1301.0
Ta20_5_1,20×5,PRules_2n,Contrast,FRB4-p1,1279.0
Ta20_5_1,20×5,PRules_2n,Contrast,INEH-inspired,1289.2
Ta20_5_1,20×5,PRules_2n,Contrast,KK2-style-NEH,1323.0
Ta20_5_1,20×5,PRules_2n,Contrast,NEH,1302.0
Ta20_5_1,20×5,PRules_2n,Contrast,NEH-TBKK2,1301.0
Ta20_5_1,20×5,PRules_2n,Elite-only,FRB4-p1,1284.0
Ta20_5_1,20×5,PRules_2n,Elite-only,INEH-inspired,1283.4
Ta20_5_1,20×5,PRules_2n,Elite-only,KK2-style-NEH,1307.4
Ta20_5_1,20×5,PRules_2n,Elite-only,NEH,1299.8
Ta20_5_1,20×5,PRules_2n,Elite-only,NEH-TBKK2,1298.8
Ta20_5_1,20×5,PRules_4n,Contrast,FRB4-p1,1290.4
Ta20_5_1,20×5,PRules_4n,Contrast,INEH-inspired,1289.2
Ta20_5_1,20×5,PRules_4n,Contrast,KK2-style-NEH,1302.2
Ta20_5_1,20×5,PRules_4n,Contrast,NEH,1302.0
Ta20_5_1,20×5,PRules_4n,Contrast,NEH-TBKK2,1301.0
Ta20_5_1,20×5,PRules_4n,Elite-only,FRB4-p1,1278.0
Ta20_5_1,20×5,PRules_4n,Elite-only,INEH-inspired,1289.0
Ta20_5_1,20×5,PRules_4n,Elite-only,KK2-style-NEH,1297.0
Ta20_5_1,20×5,PRules_4n,Elite-only,NEH,1302.0
Ta20_5_1,20×5,PRules_4n,Elite-only,NEH-TBKK2,1301.0
Ta20_5_1,20×5,Poor_05,Contrast,FRB4-p1,1289.4
Ta20_5_1,20×5,Poor_05,Contrast,INEH-inspired,1292.0
Ta20_5_1,20×5,Poor_05,Contrast,KK2-style-NEH,1323.0
Ta20_5_1,20×5,Poor_05,Contrast,NEH,1302.0
Ta20_5_1,20×5,Poor_05,Contrast,NEH-TBKK2,1301.0
Ta20_5_1,20×5,Poor_05,Elite-only,FRB4-p1,1286.4
Ta20_5_1,20×5,Poor_05,Elite-only,INEH-inspired,1287.6
Ta20_5_1,20×5,Poor_05,Elite-only,KK2-style-NEH,1302.2
Ta20_5_1,20×5,Poor_05,Elite-only,NEH,1302.0
Ta20_5_1,20×5,Poor_05,Elite-only,NEH-TBKK2,1301.0
Ta20_5_1,20×5,Poor_20,Contrast,FRB4-p1,1286.8
Ta20_5_1,20×5,Poor_20,Contrast,INEH-inspired,1290.6
Ta20_5_1,20×5,Poor_20,Contrast,KK2-style-NEH,1312.6
Ta20_5_1,20×5,Poor_20,Contrast,NEH,1302.0
Ta20_5_1,20×5,Poor_20,Contrast,NEH-TBKK2,1301.0
Ta20_5_1,20×5,Poor_20,Elite-only,FRB4-p1,1286.4
Ta20_5_1,20×5,Poor_20,Elite-only,INEH-inspired,1287.6
Ta20_5_1,20×5,Poor_20,Elite-only,KK2-style-NEH,1302.2
Ta20_5_1,20×5,Poor_20,Elite-only,NEH,1302.0
Ta20_5_1,20×5,Poor_20,Elite-only,NEH-TBKK2,1301.0
Ta20_5_1,20×5,Regions_2,Contrast,FRB4-p1,1287.8
Ta20_5_1,20×5,Regions_2,Contrast,INEH-inspired,1290.0
Ta20_5_1,20×5,Regions_2,Contrast,KK2-style-NEH,1323.0
Ta20_5_1,20×5,Regions_2,Contrast,NEH,1286.6
Ta20_5_1,20×5,Regions_2,Contrast,NEH-TBKK2,1305.0
Ta20_5_1,20×5,Regions_2,Elite-only,FRB4-p1,1286.0
Ta20_5_1,20×5,Regions_2,Elite-only,INEH-inspired,1287.2
Ta20_5_1,20×5,Regions_2,Elite-only,KK2-style-NEH,1325.4
Ta20_5_1,20×5,Regions_2,Elite-only,NEH,1286.0
Ta20_5_1,20×5,Regions_2,Elite-only,NEH-TBKK2,1287.0
Ta20_5_1,20×5,Regions_8,Contrast,FRB4-p1,1293.8
Ta20_5_1,20×5,Regions_8,Contrast,INEH-inspired,1290.8
Ta20_5_1,20×5,Regions_8,Contrast,KK2-style-NEH,1302.2
Ta20_5_1,20×5,Regions_8,Contrast,NEH,1302.0
Ta20_5_1,20×5,Regions_8,Contrast,NEH-TBKK2,1302.0
Ta20_5_1,20×5,Regions_8,Elite-only,FRB4-p1,1287.0
Ta20_5_1,20×5,Regions_8,Elite-only,INEH-inspired,1295.6
Ta20_5_1,20×5,Regions_8,Elite-only,KK2-style-NEH,1313.0
Ta20_5_1,20×5,Regions_8,Elite-only,NEH,1302.0
Ta20_5_1,20×5,Regions_8,Elite-only,NEH-TBKK2,1302.0
Ta20_5_1,20×5,q_2,Contrast,FRB4-p1,1287.0
Ta20_5_1,20×5,q_2,Contrast,INEH-inspired,1279.0
Ta20_5_1,20×5,q_2,Contrast,KK2-style-NEH,1323.0
Ta20_5_1,20×5,q_2,Contrast,NEH,1302.0
Ta20_5_1,20×5,q_2,Contrast,NEH-TBKK2,1301.0
Ta20_5_1,20×5,q_2,Elite-only,FRB4-p1,1287.0
Ta20_5_1,20×5,q_2,Elite-only,INEH-inspired,1293.4
Ta20_5_1,20×5,q_2,Elite-only,KK2-style-NEH,1302.2
Ta20_5_1,20×5,q_2,Elite-only,NEH,1302.0
Ta20_5_1,20×5,q_2,Elite-only,NEH-TBKK2,1301.0
Ta20_5_1,20×5,q_6,Contrast,FRB4-p1,1286.0
Ta20_5_1,20×5,q_6,Contrast,INEH-inspired,1297.0
Ta20_5_1,20×5,q_6,Contrast,KK2-style-NEH,1323.0
Ta20_5_1,20×5,q_6,Contrast,NEH,1302.0
Ta20_5_1,20×5,q_6,Contrast,NEH-TBKK2,1301.0
Ta20_5_1,20×5,q_6,Elite-only,FRB4-p1,1282.8
Ta20_5_1,20×5,q_6,Elite-only,INEH-inspired,1289.0
Ta20_5_1,20×5,q_6,Elite-only,KK2-style-NEH,1302.2
Ta20_5_1,20×5,q_6,Elite-only,NEH,1302.0
Ta20_5_1,20×5,q_6,Elite-only,NEH-TBKK2,1301.0
Ta20_5_10,20×5,Baseline,Contrast,FRB4-p1,1118.2
Ta20_5_10,20×5,Baseline,Contrast,INEH-inspired,1129.4
Ta20_5_10,20×5,Baseline,Contrast,KK2-style-NEH,1165.6
Ta20_5_10,20×5,Baseline,Contrast,NEH,1151.0
Ta20_5_10,20×5,Baseline,Contrast,NEH-TBKK2,1151.0
Ta20_5_10,20×5,Baseline,Elite-only,FRB4-p1,1126.2
Ta20_5_10,20×5,Baseline,Elite-only,INEH-inspired,1137.2
Ta20_5_10,20×5,Baseline,Elite-only,KK2-style-NEH,1166.0
Ta20_5_10,20×5,Baseline,Elite-only,NEH,1157.0
Ta20_5_10,20×5,Baseline,Elite-only,NEH-TBKK2,1157.0
Ta20_5_10,20×5,Elite_025,Contrast,FRB4-p1,1120.0
Ta20_5_10,20×5,Elite_025,Contrast,INEH-inspired,1148.4
Ta20_5_10,20×5,Elite_025,Contrast,KK2-style-NEH,1162.2
Ta20_5_10,20×5,Elite_025,Contrast,NEH,1151.0
Ta20_5_10,20×5,Elite_025,Contrast,NEH-TBKK2,1151.0
Ta20_5_10,20×5,Elite_025,Elite-only,FRB4-p1,1138.6
Ta20_5_10,20×5,Elite_025,Elite-only,INEH-inspired,1136.6
Ta20_5_10,20×5,Elite_025,Elite-only,KK2-style-NEH,1158.8
Ta20_5_10,20×5,Elite_025,Elite-only,NEH,1155.0
Ta20_5_10,20×5,Elite_025,Elite-only,NEH-TBKK2,1155.0
Ta20_5_10,20×5,Elite_10,Contrast,FRB4-p1,1134.2
Ta20_5_10,20×5,Elite_10,Contrast,INEH-inspired,1128.0
Ta20_5_10,20×5,Elite_10,Contrast,KK2-style-NEH,1166.0
Ta20_5_10,20×5,Elite_10,Contrast,NEH,1151.0
Ta20_5_10,20×5,Elite_10,Contrast,NEH-TBKK2,1151.0
Ta20_5_10,20×5,Elite_10,Elite-only,FRB4-p1,1124.8
Ta20_5_10,20×5,Elite_10,Elite-only,INEH-inspired,1132.6
Ta20_5_10,20×5,Elite_10,Elite-only,KK2-style-NEH,1166.0
Ta20_5_10,20×5,Elite_10,Elite-only,NEH,1155.0
Ta20_5_10,20×5,Elite_10,Elite-only,NEH-TBKK2,1155.0
Ta20_5_10,20×5,PRules_2n,Contrast,FRB4-p1,1120.0
Ta20_5_10,20×5,PRules_2n,Contrast,INEH-inspired,1128.0
Ta20_5_10,20×5,PRules_2n,Contrast,KK2-style-NEH,1165.6
Ta20_5_10,20×5,PRules_2n,Contrast,NEH,1151.0
Ta20_5_10,20×5,PRules_2n,Contrast,NEH-TBKK2,1151.0
Ta20_5_10,20×5,PRules_2n,Elite-only,FRB4-p1,1126.2
Ta20_5_10,20×5,PRules_2n,Elite-only,INEH-inspired,1128.0
Ta20_5_10,20×5,PRules_2n,Elite-only,KK2-style-NEH,1151.0
Ta20_5_10,20×5,PRules_2n,Elite-only,NEH,1157.0
Ta20_5_10,20×5,PRules_2n,Elite-only,NEH-TBKK2,1157.0
Ta20_5_10,20×5,PRules_4n,Contrast,FRB4-p1,1110.2
Ta20_5_10,20×5,PRules_4n,Contrast,INEH-inspired,1125.0
Ta20_5_10,20×5,PRules_4n,Contrast,KK2-style-NEH,1166.0
Ta20_5_10,20×5,PRules_4n,Contrast,NEH,1151.0
Ta20_5_10,20×5,PRules_4n,Contrast,NEH-TBKK2,1151.0
Ta20_5_10,20×5,PRules_4n,Elite-only,FRB4-p1,1127.0
Ta20_5_10,20×5,PRules_4n,Elite-only,INEH-inspired,1128.0
Ta20_5_10,20×5,PRules_4n,Elite-only,KK2-style-NEH,1166.0
Ta20_5_10,20×5,PRules_4n,Elite-only,NEH,1157.0
Ta20_5_10,20×5,PRules_4n,Elite-only,NEH-TBKK2,1157.0
Ta20_5_10,20×5,Poor_05,Contrast,FRB4-p1,1128.6
Ta20_5_10,20×5,Poor_05,Contrast,INEH-inspired,1121.6
Ta20_5_10,20×5,Poor_05,Contrast,KK2-style-NEH,1166.0
Ta20_5_10,20×5,Poor_05,Contrast,NEH,1151.0
Ta20_5_10,20×5,Poor_05,Contrast,NEH-TBKK2,1151.0
Ta20_5_10,20×5,Poor_05,Elite-only,FRB4-p1,1126.2
Ta20_5_10,20×5,Poor_05,Elite-only,INEH-inspired,1137.2
Ta20_5_10,20×5,Poor_05,Elite-only,KK2-style-NEH,1166.0
Ta20_5_10,20×5,Poor_05,Elite-only,NEH,1157.0
Ta20_5_10,20×5,Poor_05,Elite-only,NEH-TBKK2,1157.0
Ta20_5_10,20×5,Poor_20,Contrast,FRB4-p1,1120.0
Ta20_5_10,20×5,Poor_20,Contrast,INEH-inspired,1141.8
Ta20_5_10,20×5,Poor_20,Contrast,KK2-style-NEH,1163.0
Ta20_5_10,20×5,Poor_20,Contrast,NEH,1151.0
Ta20_5_10,20×5,Poor_20,Contrast,NEH-TBKK2,1151.0
Ta20_5_10,20×5,Poor_20,Elite-only,FRB4-p1,1126.2
Ta20_5_10,20×5,Poor_20,Elite-only,INEH-inspired,1137.2
Ta20_5_10,20×5,Poor_20,Elite-only,KK2-style-NEH,1166.0
Ta20_5_10,20×5,Poor_20,Elite-only,NEH,1157.0
Ta20_5_10,20×5,Poor_20,Elite-only,NEH-TBKK2,1157.0
Ta20_5_10,20×5,Regions_2,Contrast,FRB4-p1,1120.0
Ta20_5_10,20×5,Regions_2,Contrast,INEH-inspired,1129.4
Ta20_5_10,20×5,Regions_2,Contrast,KK2-style-NEH,1164.0
Ta20_5_10,20×5,Regions_2,Contrast,NEH,1151.0
Ta20_5_10,20×5,Regions_2,Contrast,NEH-TBKK2,1151.0
Ta20_5_10,20×5,Regions_2,Elite-only,FRB4-p1,1124.6
Ta20_5_10,20×5,Regions_2,Elite-only,INEH-inspired,1141.6
Ta20_5_10,20×5,Regions_2,Elite-only,KK2-style-NEH,1166.0
Ta20_5_10,20×5,Regions_2,Elite-only,NEH,1155.0
Ta20_5_10,20×5,Regions_2,Elite-only,NEH-TBKK2,1153.2
Ta20_5_10,20×5,Regions_8,Contrast,FRB4-p1,1137.8
Ta20_5_10,20×5,Regions_8,Contrast,INEH-inspired,1128.0
Ta20_5_10,20×5,Regions_8,Contrast,KK2-style-NEH,1142.8
Ta20_5_10,20×5,Regions_8,Contrast,NEH,1152.0
Ta20_5_10,20×5,Regions_8,Contrast,NEH-TBKK2,1152.0
Ta20_5_10,20×5,Regions_8,Elite-only,FRB4-p1,1151.0
Ta20_5_10,20×5,Regions_8,Elite-only,INEH-inspired,1139.6
Ta20_5_10,20×5,Regions_8,Elite-only,KK2-style-NEH,1137.0
Ta20_5_10,20×5,Regions_8,Elite-only,NEH,1151.0
Ta20_5_10,20×5,Regions_8,Elite-only,NEH-TBKK2,1151.0
Ta20_5_10,20×5,q_2,Contrast,FRB4-p1,1118.2
Ta20_5_10,20×5,q_2,Contrast,INEH-inspired,1141.4
Ta20_5_10,20×5,q_2,Contrast,KK2-style-NEH,1165.6
Ta20_5_10,20×5,q_2,Contrast,NEH,1151.0
Ta20_5_10,20×5,q_2,Contrast,NEH-TBKK2,1151.0
Ta20_5_10,20×5,q_2,Elite-only,FRB4-p1,1122.6
Ta20_5_10,20×5,q_2,Elite-only,INEH-inspired,1136.0
Ta20_5_10,20×5,q_2,Elite-only,KK2-style-NEH,1166.0
Ta20_5_10,20×5,q_2,Elite-only,NEH,1157.0
Ta20_5_10,20×5,q_2,Elite-only,NEH-TBKK2,1157.0
Ta20_5_10,20×5,q_6,Contrast,FRB4-p1,1117.8
Ta20_5_10,20×5,q_6,Contrast,INEH-inspired,1124.2
Ta20_5_10,20×5,q_6,Contrast,KK2-style-NEH,1165.6
Ta20_5_10,20×5,q_6,Contrast,NEH,1151.0
Ta20_5_10,20×5,q_6,Contrast,NEH-TBKK2,1151.0
Ta20_5_10,20×5,q_6,Elite-only,FRB4-p1,1126.2
Ta20_5_10,20×5,q_6,Elite-only,INEH-inspired,1143.6
Ta20_5_10,20×5,q_6,Elite-only,KK2-style-NEH,1166.0
Ta20_5_10,20×5,q_6,Elite-only,NEH,1157.0
Ta20_5_10,20×5,q_6,Elite-only,NEH-TBKK2,1157.0
Ta50_10_1,50×10,Baseline,Contrast,FRB4-p1,3134.2
Ta50_10_1,50×10,Baseline,Contrast,INEH-inspired,3121.0
Ta50_10_1,50×10,Baseline,Contrast,KK2-style-NEH,3148.2
Ta50_10_1,50×10,Baseline,Contrast,NEH,3138.0
Ta50_10_1,50×10,Baseline,Contrast,NEH-TBKK2,3130.0
Ta50_10_1,50×10,Baseline,Elite-only,FRB4-p1,3111.8
Ta50_10_1,50×10,Baseline,Elite-only,INEH-inspired,3122.0
Ta50_10_1,50×10,Baseline,Elite-only,KK2-style-NEH,3159.0
Ta50_10_1,50×10,Baseline,Elite-only,NEH,3151.0
Ta50_10_1,50×10,Baseline,Elite-only,NEH-TBKK2,3197.2
Ta50_10_1,50×10,Elite_025,Contrast,FRB4-p1,3106.2
Ta50_10_1,50×10,Elite_025,Contrast,INEH-inspired,3126.0
Ta50_10_1,50×10,Elite_025,Contrast,KK2-style-NEH,3139.6
Ta50_10_1,50×10,Elite_025,Contrast,NEH,3141.6
Ta50_10_1,50×10,Elite_025,Contrast,NEH-TBKK2,3149.4
Ta50_10_1,50×10,Elite_025,Elite-only,FRB4-p1,3124.6
Ta50_10_1,50×10,Elite_025,Elite-only,INEH-inspired,3113.2
Ta50_10_1,50×10,Elite_025,Elite-only,KK2-style-NEH,3167.4
Ta50_10_1,50×10,Elite_025,Elite-only,NEH,3146.0
Ta50_10_1,50×10,Elite_025,Elite-only,NEH-TBKK2,3177.4
Ta50_10_1,50×10,Elite_10,Contrast,FRB4-p1,3127.4
Ta50_10_1,50×10,Elite_10,Contrast,INEH-inspired,3120.0
Ta50_10_1,50×10,Elite_10,Contrast,KK2-style-NEH,3133.6
Ta50_10_1,50×10,Elite_10,Contrast,NEH,3138.0
Ta50_10_1,50×10,Elite_10,Contrast,NEH-TBKK2,3130.2
Ta50_10_1,50×10,Elite_10,Elite-only,FRB4-p1,3117.0
Ta50_10_1,50×10,Elite_10,Elite-only,INEH-inspired,3111.2
Ta50_10_1,50×10,Elite_10,Elite-only,KK2-style-NEH,3157.8
Ta50_10_1,50×10,Elite_10,Elite-only,NEH,3151.0
Ta50_10_1,50×10,Elite_10,Elite-only,NEH-TBKK2,3206.0
Ta50_10_1,50×10,PRules_2n,Contrast,FRB4-p1,3130.2
Ta50_10_1,50×10,PRules_2n,Contrast,INEH-inspired,3128.6
Ta50_10_1,50×10,PRules_2n,Contrast,KK2-style-NEH,3133.4
Ta50_10_1,50×10,PRules_2n,Contrast,NEH,3138.0
Ta50_10_1,50×10,PRules_2n,Contrast,NEH-TBKK2,3130.0
Ta50_10_1,50×10,PRules_2n,Elite-only,FRB4-p1,3124.0
Ta50_10_1,50×10,PRules_2n,Elite-only,INEH-inspired,3125.0
Ta50_10_1,50×10,PRules_2n,Elite-only,KK2-style-NEH,3163.0
Ta50_10_1,50×10,PRules_2n,Elite-only,NEH,3153.4
Ta50_10_1,50×10,PRules_2n,Elite-only,NEH-TBKK2,3184.0
Ta50_10_1,50×10,PRules_4n,Contrast,FRB4-p1,3104.0
Ta50_10_1,50×10,PRules_4n,Contrast,INEH-inspired,3114.0
Ta50_10_1,50×10,PRules_4n,Contrast,KK2-style-NEH,3192.0
Ta50_10_1,50×10,PRules_4n,Contrast,NEH,3138.0
Ta50_10_1,50×10,PRules_4n,Contrast,NEH-TBKK2,3130.2
Ta50_10_1,50×10,PRules_4n,Elite-only,FRB4-p1,3096.6
Ta50_10_1,50×10,PRules_4n,Elite-only,INEH-inspired,3116.6
Ta50_10_1,50×10,PRules_4n,Elite-only,KK2-style-NEH,3156.0
Ta50_10_1,50×10,PRules_4n,Elite-only,NEH,3146.0
Ta50_10_1,50×10,PRules_4n,Elite-only,NEH-TBKK2,3195.2
Ta50_10_1,50×10,Poor_05,Contrast,FRB4-p1,3118.8
Ta50_10_1,50×10,Poor_05,Contrast,INEH-inspired,3123.0
Ta50_10_1,50×10,Poor_05,Contrast,KK2-style-NEH,3148.2
Ta50_10_1,50×10,Poor_05,Contrast,NEH,3134.8
Ta50_10_1,50×10,Poor_05,Contrast,NEH-TBKK2,3130.0
Ta50_10_1,50×10,Poor_05,Elite-only,FRB4-p1,3111.8
Ta50_10_1,50×10,Poor_05,Elite-only,INEH-inspired,3122.0
Ta50_10_1,50×10,Poor_05,Elite-only,KK2-style-NEH,3159.0
Ta50_10_1,50×10,Poor_05,Elite-only,NEH,3151.0
Ta50_10_1,50×10,Poor_05,Elite-only,NEH-TBKK2,3197.2
Ta50_10_1,50×10,Poor_20,Contrast,FRB4-p1,3136.2
Ta50_10_1,50×10,Poor_20,Contrast,INEH-inspired,3137.6
Ta50_10_1,50×10,Poor_20,Contrast,KK2-style-NEH,3121.2
Ta50_10_1,50×10,Poor_20,Contrast,NEH,3141.6
Ta50_10_1,50×10,Poor_20,Contrast,NEH-TBKK2,3140.8
Ta50_10_1,50×10,Poor_20,Elite-only,FRB4-p1,3111.8
Ta50_10_1,50×10,Poor_20,Elite-only,INEH-inspired,3122.0
Ta50_10_1,50×10,Poor_20,Elite-only,KK2-style-NEH,3159.0
Ta50_10_1,50×10,Poor_20,Elite-only,NEH,3151.0
Ta50_10_1,50×10,Poor_20,Elite-only,NEH-TBKK2,3197.2
Ta50_10_1,50×10,Regions_2,Contrast,FRB4-p1,3119.2
Ta50_10_1,50×10,Regions_2,Contrast,INEH-inspired,3116.6
Ta50_10_1,50×10,Regions_2,Contrast,KK2-style-NEH,3150.6
Ta50_10_1,50×10,Regions_2,Contrast,NEH,3159.0
Ta50_10_1,50×10,Regions_2,Contrast,NEH-TBKK2,3140.4
Ta50_10_1,50×10,Regions_2,Elite-only,FRB4-p1,3115.8
Ta50_10_1,50×10,Regions_2,Elite-only,INEH-inspired,3114.6
Ta50_10_1,50×10,Regions_2,Elite-only,KK2-style-NEH,3153.2
Ta50_10_1,50×10,Regions_2,Elite-only,NEH,3165.0
Ta50_10_1,50×10,Regions_2,Elite-only,NEH-TBKK2,3135.0
Ta50_10_1,50×10,Regions_8,Contrast,FRB4-p1,3118.6
Ta50_10_1,50×10,Regions_8,Contrast,INEH-inspired,3123.0
Ta50_10_1,50×10,Regions_8,Contrast,KK2-style-NEH,3171.0
Ta50_10_1,50×10,Regions_8,Contrast,NEH,3136.2
Ta50_10_1,50×10,Regions_8,Contrast,NEH-TBKK2,3160.0
Ta50_10_1,50×10,Regions_8,Elite-only,FRB4-p1,3115.6
Ta50_10_1,50×10,Regions_8,Elite-only,INEH-inspired,3143.6
Ta50_10_1,50×10,Regions_8,Elite-only,KK2-style-NEH,3173.6
Ta50_10_1,50×10,Regions_8,Elite-only,NEH,3156.0
Ta50_10_1,50×10,Regions_8,Elite-only,NEH-TBKK2,3186.0
Ta50_10_1,50×10,q_2,Contrast,FRB4-p1,3120.4
Ta50_10_1,50×10,q_2,Contrast,INEH-inspired,3152.8
Ta50_10_1,50×10,q_2,Contrast,KK2-style-NEH,3148.2
Ta50_10_1,50×10,q_2,Contrast,NEH,3138.0
Ta50_10_1,50×10,q_2,Contrast,NEH-TBKK2,3130.0
Ta50_10_1,50×10,q_2,Elite-only,FRB4-p1,3130.6
Ta50_10_1,50×10,q_2,Elite-only,INEH-inspired,3137.8
Ta50_10_1,50×10,q_2,Elite-only,KK2-style-NEH,3159.0
Ta50_10_1,50×10,q_2,Elite-only,NEH,3151.0
Ta50_10_1,50×10,q_2,Elite-only,NEH-TBKK2,3197.2
Ta50_10_1,50×10,q_6,Contrast,FRB4-p1,3105.8
Ta50_10_1,50×10,q_6,Contrast,INEH-inspired,3121.0
Ta50_10_1,50×10,q_6,Contrast,KK2-style-NEH,3148.2
Ta50_10_1,50×10,q_6,Contrast,NEH,3138.0
Ta50_10_1,50×10,q_6,Contrast,NEH-TBKK2,3130.0
Ta50_10_1,50×10,q_6,Elite-only,FRB4-p1,3118.4
Ta50_10_1,50×10,q_6,Elite-only,INEH-inspired,3132.0
Ta50_10_1,50×10,q_6,Elite-only,KK2-style-NEH,3159.0
Ta50_10_1,50×10,q_6,Elite-only,NEH,3151.0
Ta50_10_1,50×10,q_6,Elite-only,NEH-TBKK2,3197.2
Ta50_10_10,50×10,Baseline,Contrast,FRB4-p1,3201.6
Ta50_10_10,50×10,Baseline,Contrast,INEH-inspired,3195.0
Ta50_10_10,50×10,Baseline,Contrast,KK2-style-NEH,3218.0
Ta50_10_10,50×10,Baseline,Contrast,NEH,3195.0
Ta50_10_10,50×10,Baseline,Contrast,NEH-TBKK2,3258.0
Ta50_10_10,50×10,Baseline,Elite-only,FRB4-p1,3206.4
Ta50_10_10,50×10,Baseline,Elite-only,INEH-inspired,3195.6
Ta50_10_10,50×10,Baseline,Elite-only,KK2-style-NEH,3222.6
Ta50_10_10,50×10,Baseline,Elite-only,NEH,3203.4
Ta50_10_10,50×10,Baseline,Elite-only,NEH-TBKK2,3214.2
Ta50_10_10,50×10,Elite_025,Contrast,FRB4-p1,3198.0
Ta50_10_10,50×10,Elite_025,Contrast,INEH-inspired,3195.0
Ta50_10_10,50×10,Elite_025,Contrast,KK2-style-NEH,3218.0
Ta50_10_10,50×10,Elite_025,Contrast,NEH,3197.0
Ta50_10_10,50×10,Elite_025,Contrast,NEH-TBKK2,3262.8
Ta50_10_10,50×10,Elite_025,Elite-only,FRB4-p1,3191.6
Ta50_10_10,50×10,Elite_025,Elite-only,INEH-inspired,3195.0
Ta50_10_10,50×10,Elite_025,Elite-only,KK2-style-NEH,3224.2
Ta50_10_10,50×10,Elite_025,Elite-only,NEH,3211.2
Ta50_10_10,50×10,Elite_025,Elite-only,NEH-TBKK2,3216.4
Ta50_10_10,50×10,Elite_10,Contrast,FRB4-p1,3203.0
Ta50_10_10,50×10,Elite_10,Contrast,INEH-inspired,3196.8
Ta50_10_10,50×10,Elite_10,Contrast,KK2-style-NEH,3218.0
Ta50_10_10,50×10,Elite_10,Contrast,NEH,3198.6
Ta50_10_10,50×10,Elite_10,Contrast,NEH-TBKK2,3258.6
Ta50_10_10,50×10,Elite_10,Elite-only,FRB4-p1,3210.4
Ta50_10_10,50×10,Elite_10,Elite-only,INEH-inspired,3201.0
Ta50_10_10,50×10,Elite_10,Elite-only,KK2-style-NEH,3204.2
Ta50_10_10,50×10,Elite_10,Elite-only,NEH,3229.6
Ta50_10_10,50×10,Elite_10,Elite-only,NEH-TBKK2,3221.4
Ta50_10_10,50×10,PRules_2n,Contrast,FRB4-p1,3196.6
Ta50_10_10,50×10,PRules_2n,Contrast,INEH-inspired,3203.6
Ta50_10_10,50×10,PRules_2n,Contrast,KK2-style-NEH,3221.0
Ta50_10_10,50×10,PRules_2n,Contrast,NEH,3195.0
Ta50_10_10,50×10,PRules_2n,Contrast,NEH-TBKK2,3258.0
Ta50_10_10,50×10,PRules_2n,Elite-only,FRB4-p1,3194.2
Ta50_10_10,50×10,PRules_2n,Elite-only,INEH-inspired,3192.0
Ta50_10_10,50×10,PRules_2n,Elite-only,KK2-style-NEH,3224.0
Ta50_10_10,50×10,PRules_2n,Elite-only,NEH,3203.4
Ta50_10_10,50×10,PRules_2n,Elite-only,NEH-TBKK2,3208.4
Ta50_10_10,50×10,PRules_4n,Contrast,FRB4-p1,3193.6
Ta50_10_10,50×10,PRules_4n,Contrast,INEH-inspired,3191.6
Ta50_10_10,50×10,PRules_4n,Contrast,KK2-style-NEH,3217.0
Ta50_10_10,50×10,PRules_4n,Contrast,NEH,3195.0
Ta50_10_10,50×10,PRules_4n,Contrast,NEH-TBKK2,3260.2
Ta50_10_10,50×10,PRules_4n,Elite-only,FRB4-p1,3197.2
Ta50_10_10,50×10,PRules_4n,Elite-only,INEH-inspired,3196.0
Ta50_10_10,50×10,PRules_4n,Elite-only,KK2-style-NEH,3225.6
Ta50_10_10,50×10,PRules_4n,Elite-only,NEH,3203.4
Ta50_10_10,50×10,PRules_4n,Elite-only,NEH-TBKK2,3226.0
Ta50_10_10,50×10,Poor_05,Contrast,FRB4-p1,3201.6
Ta50_10_10,50×10,Poor_05,Contrast,INEH-inspired,3195.0
Ta50_10_10,50×10,Poor_05,Contrast,KK2-style-NEH,3218.0
Ta50_10_10,50×10,Poor_05,Contrast,NEH,3196.8
Ta50_10_10,50×10,Poor_05,Contrast,NEH-TBKK2,3265.2
Ta50_10_10,50×10,Poor_05,Elite-only,FRB4-p1,3206.4
Ta50_10_10,50×10,Poor_05,Elite-only,INEH-inspired,3195.6
Ta50_10_10,50×10,Poor_05,Elite-only,KK2-style-NEH,3222.6
Ta50_10_10,50×10,Poor_05,Elite-only,NEH,3203.4
Ta50_10_10,50×10,Poor_05,Elite-only,NEH-TBKK2,3214.2
Ta50_10_10,50×10,Poor_20,Contrast,FRB4-p1,3198.4
Ta50_10_10,50×10,Poor_20,Contrast,INEH-inspired,3195.0
Ta50_10_10,50×10,Poor_20,Contrast,KK2-style-NEH,3218.0
Ta50_10_10,50×10,Poor_20,Contrast,NEH,3195.0
Ta50_10_10,50×10,Poor_20,Contrast,NEH-TBKK2,3258.0
Ta50_10_10,50×10,Poor_20,Elite-only,FRB4-p1,3206.4
Ta50_10_10,50×10,Poor_20,Elite-only,INEH-inspired,3195.6
Ta50_10_10,50×10,Poor_20,Elite-only,KK2-style-NEH,3222.6
Ta50_10_10,50×10,Poor_20,Elite-only,NEH,3203.4
Ta50_10_10,50×10,Poor_20,Elite-only,NEH-TBKK2,3214.2
Ta50_10_10,50×10,Regions_2,Contrast,FRB4-p1,3204.4
Ta50_10_10,50×10,Regions_2,Contrast,INEH-inspired,3199.8
Ta50_10_10,50×10,Regions_2,Contrast,KK2-style-NEH,3236.0
Ta50_10_10,50×10,Regions_2,Contrast,NEH,3209.8
Ta50_10_10,50×10,Regions_2,Contrast,NEH-TBKK2,3225.0
Ta50_10_10,50×10,Regions_2,Elite-only,FRB4-p1,3204.2
Ta50_10_10,50×10,Regions_2,Elite-only,INEH-inspired,3206.4
Ta50_10_10,50×10,Regions_2,Elite-only,KK2-style-NEH,3236.0
Ta50_10_10,50×10,Regions_2,Elite-only,NEH,3221.6
Ta50_10_10,50×10,Regions_2,Elite-only,NEH-TBKK2,3244.8
Ta50_10_10,50×10,Regions_8,Contrast,FRB4-p1,3192.0
Ta50_10_10,50×10,Regions_8,Contrast,INEH-inspired,3199.4
Ta50_10_10,50×10,Regions_8,Contrast,KK2-style-NEH,3223.4
Ta50_10_10,50×10,Regions_8,Contrast,NEH,3236.6
Ta50_10_10,50×10,Regions_8,Contrast,NEH-TBKK2,3225.2
Ta50_10_10,50×10,Regions_8,Elite-only,FRB4-p1,3181.6
Ta50_10_10,50×10,Regions_8,Elite-only,INEH-inspired,3187.0
Ta50_10_10,50×10,Regions_8,Elite-only,KK2-style-NEH,3230.8
Ta50_10_10,50×10,Regions_8,Elite-only,NEH,3238.6
Ta50_10_10,50×10,Regions_8,Elite-only,NEH-TBKK2,3231.0
Ta50_10_10,50×10,q_2,Contrast,FRB4-p1,3205.6
Ta50_10_10,50×10,q_2,Contrast,INEH-inspired,3219.6
Ta50_10_10,50×10,q_2,Contrast,KK2-style-NEH,3218.0
Ta50_10_10,50×10,q_2,Contrast,NEH,3195.0
Ta50_10_10,50×10,q_2,Contrast,NEH-TBKK2,3258.0
Ta50_10_10,50×10,q_2,Elite-only,FRB4-p1,3189.4
Ta50_10_10,50×10,q_2,Elite-only,INEH-inspired,3202.0
Ta50_10_10,50×10,q_2,Elite-only,KK2-style-NEH,3222.6
Ta50_10_10,50×10,q_2,Elite-only,NEH,3203.4
Ta50_10_10,50×10,q_2,Elite-only,NEH-TBKK2,3214.2
Ta50_10_10,50×10,q_6,Contrast,FRB4-p1,3183.8
Ta50_10_10,50×10,q_6,Contrast,INEH-inspired,3199.6
Ta50_10_10,50×10,q_6,Contrast,KK2-style-NEH,3218.0
Ta50_10_10,50×10,q_6,Contrast,NEH,3195.0
Ta50_10_10,50×10,q_6,Contrast,NEH-TBKK2,3258.0
Ta50_10_10,50×10,q_6,Elite-only,FRB4-p1,3184.2
Ta50_10_10,50×10,q_6,Elite-only,INEH-inspired,3193.2
Ta50_10_10,50×10,q_6,Elite-only,KK2-style-NEH,3222.6
Ta50_10_10,50×10,q_6,Elite-only,NEH,3203.4
Ta50_10_10,50×10,q_6,Elite-only,NEH-TBKK2,3214.2
Ta50_20_1,50×20,Baseline,Contrast,FRB4-p1,4031.8
Ta50_20_1,50×20,Baseline,Contrast,INEH-inspired,4024.0
Ta50_20_1,50×20,Baseline,Contrast,KK2-style-NEH,4132.0
Ta50_20_1,50×20,Baseline,Contrast,NEH,4082.0
Ta50_20_1,50×20,Baseline,Contrast,NEH-TBKK2,4082.0
Ta50_20_1,50×20,Baseline,Elite-only,FRB4-p1,4029.0
Ta50_20_1,50×20,Baseline,Elite-only,INEH-inspired,4054.0
Ta50_20_1,50×20,Baseline,Elite-only,KK2-style-NEH,4132.0
Ta50_20_1,50×20,Baseline,Elite-only,NEH,4082.0
Ta50_20_1,50×20,Baseline,Elite-only,NEH-TBKK2,4087.2
Ta50_20_1,50×20,Elite_025,Contrast,FRB4-p1,4032.0
Ta50_20_1,50×20,Elite_025,Contrast,INEH-inspired,4027.6
Ta50_20_1,50×20,Elite_025,Contrast,KK2-style-NEH,4132.0
Ta50_20_1,50×20,Elite_025,Contrast,NEH,4082.0
Ta50_20_1,50×20,Elite_025,Contrast,NEH-TBKK2,4082.0
Ta50_20_1,50×20,Elite_025,Elite-only,FRB4-p1,4012.0
Ta50_20_1,50×20,Elite_025,Elite-only,INEH-inspired,4033.0
Ta50_20_1,50×20,Elite_025,Elite-only,KK2-style-NEH,4132.0
Ta50_20_1,50×20,Elite_025,Elite-only,NEH,4082.0
Ta50_20_1,50×20,Elite_025,Elite-only,NEH-TBKK2,4087.2
Ta50_20_1,50×20,Elite_10,Contrast,FRB4-p1,4028.4
Ta50_20_1,50×20,Elite_10,Contrast,INEH-inspired,4033.2
Ta50_20_1,50×20,Elite_10,Contrast,KK2-style-NEH,4132.0
Ta50_20_1,50×20,Elite_10,Contrast,NEH,4082.0
Ta50_20_1,50×20,Elite_10,Contrast,NEH-TBKK2,4082.0
Ta50_20_1,50×20,Elite_10,Elite-only,FRB4-p1,4028.8
Ta50_20_1,50×20,Elite_10,Elite-only,INEH-inspired,4030.2
Ta50_20_1,50×20,Elite_10,Elite-only,KK2-style-NEH,4132.0
Ta50_20_1,50×20,Elite_10,Elite-only,NEH,4082.0
Ta50_20_1,50×20,Elite_10,Elite-only,NEH-TBKK2,4095.0
Ta50_20_1,50×20,PRules_2n,Contrast,FRB4-p1,4018.8
Ta50_20_1,50×20,PRules_2n,Contrast,INEH-inspired,4040.4
Ta50_20_1,50×20,PRules_2n,Contrast,KK2-style-NEH,4132.0
Ta50_20_1,50×20,PRules_2n,Contrast,NEH,4082.0
Ta50_20_1,50×20,PRules_2n,Contrast,NEH-TBKK2,4082.0
Ta50_20_1,50×20,PRules_2n,Elite-only,FRB4-p1,4025.8
Ta50_20_1,50×20,PRules_2n,Elite-only,INEH-inspired,4023.2
Ta50_20_1,50×20,PRules_2n,Elite-only,KK2-style-NEH,4132.0
Ta50_20_1,50×20,PRules_2n,Elite-only,NEH,4082.0
Ta50_20_1,50×20,PRules_2n,Elite-only,NEH-TBKK2,4087.2
Ta50_20_1,50×20,PRules_4n,Contrast,FRB4-p1,4037.6
Ta50_20_1,50×20,PRules_4n,Contrast,INEH-inspired,4026.6
Ta50_20_1,50×20,PRules_4n,Contrast,KK2-style-NEH,4132.0
Ta50_20_1,50×20,PRules_4n,Contrast,NEH,4082.0
Ta50_20_1,50×20,PRules_4n,Contrast,NEH-TBKK2,4082.0
Ta50_20_1,50×20,PRules_4n,Elite-only,FRB4-p1,4007.0
Ta50_20_1,50×20,PRules_4n,Elite-only,INEH-inspired,4038.8
Ta50_20_1,50×20,PRules_4n,Elite-only,KK2-style-NEH,4132.0
Ta50_20_1,50×20,PRules_4n,Elite-only,NEH,4082.0
Ta50_20_1,50×20,PRules_4n,Elite-only,NEH-TBKK2,4086.4
Ta50_20_1,50×20,Poor_05,Contrast,FRB4-p1,4023.4
Ta50_20_1,50×20,Poor_05,Contrast,INEH-inspired,4026.6
Ta50_20_1,50×20,Poor_05,Contrast,KK2-style-NEH,4132.0
Ta50_20_1,50×20,Poor_05,Contrast,NEH,4082.0
Ta50_20_1,50×20,Poor_05,Contrast,NEH-TBKK2,4082.0
Ta50_20_1,50×20,Poor_05,Elite-only,FRB4-p1,4029.0
Ta50_20_1,50×20,Poor_05,Elite-only,INEH-inspired,4054.0
Ta50_20_1,50×20,Poor_05,Elite-only,KK2-style-NEH,4132.0
Ta50_20_1,50×20,Poor_05,Elite-only,NEH,4082.0
Ta50_20_1,50×20,Poor_05,Elite-only,NEH-TBKK2,4087.2
Ta50_20_1,50×20,Poor_20,Contrast,FRB4-p1,4018.0
Ta50_20_1,50×20,Poor_20,Contrast,INEH-inspired,4011.8
Ta50_20_1,50×20,Poor_20,Contrast,KK2-style-NEH,4132.0
Ta50_20_1,50×20,Poor_20,Contrast,NEH,4082.0
Ta50_20_1,50×20,Poor_20,Contrast,NEH-TBKK2,4082.0
Ta50_20_1,50×20,Poor_20,Elite-only,FRB4-p1,4029.0
Ta50_20_1,50×20,Poor_20,Elite-only,INEH-inspired,4054.0
Ta50_20_1,50×20,Poor_20,Elite-only,KK2-style-NEH,4132.0
Ta50_20_1,50×20,Poor_20,Elite-only,NEH,4082.0
Ta50_20_1,50×20,Poor_20,Elite-only,NEH-TBKK2,4087.2
Ta50_20_1,50×20,Regions_2,Contrast,FRB4-p1,4011.2
Ta50_20_1,50×20,Regions_2,Contrast,INEH-inspired,3997.2
Ta50_20_1,50×20,Regions_2,Contrast,KK2-style-NEH,4132.0
Ta50_20_1,50×20,Regions_2,Contrast,NEH,4082.0
Ta50_20_1,50×20,Regions_2,Contrast,NEH-TBKK2,4041.0
Ta50_20_1,50×20,Regions_2,Elite-only,FRB4-p1,4007.2
Ta50_20_1,50×20,Regions_2,Elite-only,INEH-inspired,4017.0
Ta50_20_1,50×20,Regions_2,Elite-only,KK2-style-NEH,4132.0
Ta50_20_1,50×20,Regions_2,Elite-only,NEH,4082.0
Ta50_20_1,50×20,Regions_2,Elite-only,NEH-TBKK2,4041.0
Ta50_20_1,50×20,Regions_8,Contrast,FRB4-p1,4022.8
Ta50_20_1,50×20,Regions_8,Contrast,INEH-inspired,4034.6
Ta50_20_1,50×20,Regions_8,Contrast,KK2-style-NEH,4132.0
Ta50_20_1,50×20,Regions_8,Contrast,NEH,4082.0
Ta50_20_1,50×20,Regions_8,Contrast,NEH-TBKK2,4082.0
Ta50_20_1,50×20,Regions_8,Elite-only,FRB4-p1,4019.0
Ta50_20_1,50×20,Regions_8,Elite-only,INEH-inspired,4012.8
Ta50_20_1,50×20,Regions_8,Elite-only,KK2-style-NEH,4132.0
Ta50_20_1,50×20,Regions_8,Elite-only,NEH,4080.8
Ta50_20_1,50×20,Regions_8,Elite-only,NEH-TBKK2,4080.8
Ta50_20_1,50×20,q_2,Contrast,FRB4-p1,4022.0
Ta50_20_1,50×20,q_2,Contrast,INEH-inspired,4073.6
Ta50_20_1,50×20,q_2,Contrast,KK2-style-NEH,4132.0
Ta50_20_1,50×20,q_2,Contrast,NEH,4082.0
Ta50_20_1,50×20,q_2,Contrast,NEH-TBKK2,4082.0
Ta50_20_1,50×20,q_2,Elite-only,FRB4-p1,4038.8
Ta50_20_1,50×20,q_2,Elite-only,INEH-inspired,4029.0
Ta50_20_1,50×20,q_2,Elite-only,KK2-style-NEH,4132.0
Ta50_20_1,50×20,q_2,Elite-only,NEH,4082.0
Ta50_20_1,50×20,q_2,Elite-only,NEH-TBKK2,4087.2
Ta50_20_1,50×20,q_6,Contrast,FRB4-p1,4003.8
Ta50_20_1,50×20,q_6,Contrast,INEH-inspired,4017.4
Ta50_20_1,50×20,q_6,Contrast,KK2-style-NEH,4132.0
Ta50_20_1,50×20,q_6,Contrast,NEH,4082.0
Ta50_20_1,50×20,q_6,Contrast,NEH-TBKK2,4082.0
Ta50_20_1,50×20,q_6,Elite-only,FRB4-p1,4020.8
Ta50_20_1,50×20,q_6,Elite-only,INEH-inspired,4047.0
Ta50_20_1,50×20,q_6,Elite-only,KK2-style-NEH,4132.0
Ta50_20_1,50×20,q_6,Elite-only,NEH,4082.0
Ta50_20_1,50×20,q_6,Elite-only,NEH-TBKK2,4087.2
Ta50_20_10,50×20,Baseline,Contrast,FRB4-p1,3923.2
Ta50_20_10,50×20,Baseline,Contrast,INEH-inspired,3927.6
Ta50_20_10,50×20,Baseline,Contrast,KK2-style-NEH,4091.0
Ta50_20_10,50×20,Baseline,Contrast,NEH,4063.0
Ta50_20_10,50×20,Baseline,Contrast,NEH-TBKK2,4012.0
Ta50_20_10,50×20,Baseline,Elite-only,FRB4-p1,3944.4
Ta50_20_10,50×20,Baseline,Elite-only,INEH-inspired,3926.4
Ta50_20_10,50×20,Baseline,Elite-only,KK2-style-NEH,4064.0
Ta50_20_10,50×20,Baseline,Elite-only,NEH,4063.0
Ta50_20_10,50×20,Baseline,Elite-only,NEH-TBKK2,4012.0
Ta50_20_10,50×20,Elite_025,Contrast,FRB4-p1,3924.6
Ta50_20_10,50×20,Elite_025,Contrast,INEH-inspired,3931.4
Ta50_20_10,50×20,Elite_025,Contrast,KK2-style-NEH,4091.0
Ta50_20_10,50×20,Elite_025,Contrast,NEH,4060.2
Ta50_20_10,50×20,Elite_025,Contrast,NEH-TBKK2,4012.0
Ta50_20_10,50×20,Elite_025,Elite-only,FRB4-p1,3935.6
Ta50_20_10,50×20,Elite_025,Elite-only,INEH-inspired,3921.2
Ta50_20_10,50×20,Elite_025,Elite-only,KK2-style-NEH,4064.0
Ta50_20_10,50×20,Elite_025,Elite-only,NEH,4063.0
Ta50_20_10,50×20,Elite_025,Elite-only,NEH-TBKK2,4012.0
Ta50_20_10,50×20,Elite_10,Contrast,FRB4-p1,3939.4
Ta50_20_10,50×20,Elite_10,Contrast,INEH-inspired,3941.6
Ta50_20_10,50×20,Elite_10,Contrast,KK2-style-NEH,4091.0
Ta50_20_10,50×20,Elite_10,Contrast,NEH,4063.0
Ta50_20_10,50×20,Elite_10,Contrast,NEH-TBKK2,4012.0
Ta50_20_10,50×20,Elite_10,Elite-only,FRB4-p1,3940.4
Ta50_20_10,50×20,Elite_10,Elite-only,INEH-inspired,3928.8
Ta50_20_10,50×20,Elite_10,Elite-only,KK2-style-NEH,4064.0
Ta50_20_10,50×20,Elite_10,Elite-only,NEH,4063.0
Ta50_20_10,50×20,Elite_10,Elite-only,NEH-TBKK2,4012.0
Ta50_20_10,50×20,PRules_2n,Contrast,FRB4-p1,3929.2
Ta50_20_10,50×20,PRules_2n,Contrast,INEH-inspired,3913.0
Ta50_20_10,50×20,PRules_2n,Contrast,KK2-style-NEH,4091.0
Ta50_20_10,50×20,PRules_2n,Contrast,NEH,4063.0
Ta50_20_10,50×20,PRules_2n,Contrast,NEH-TBKK2,4012.0
Ta50_20_10,50×20,PRules_2n,Elite-only,FRB4-p1,3969.2
Ta50_20_10,50×20,PRules_2n,Elite-only,INEH-inspired,3920.4
Ta50_20_10,50×20,PRules_2n,Elite-only,KK2-style-NEH,4064.0
Ta50_20_10,50×20,PRules_2n,Elite-only,NEH,4063.0
Ta50_20_10,50×20,PRules_2n,Elite-only,NEH-TBKK2,4012.0
Ta50_20_10,50×20,PRules_4n,Contrast,FRB4-p1,3945.6
Ta50_20_10,50×20,PRules_4n,Contrast,INEH-inspired,3932.6
Ta50_20_10,50×20,PRules_4n,Contrast,KK2-style-NEH,4079.0
Ta50_20_10,50×20,PRules_4n,Contrast,NEH,4063.0
Ta50_20_10,50×20,PRules_4n,Contrast,NEH-TBKK2,4013.8
Ta50_20_10,50×20,PRules_4n,Elite-only,FRB4-p1,3928.8
Ta50_20_10,50×20,PRules_4n,Elite-only,INEH-inspired,3906.0
Ta50_20_10,50×20,PRules_4n,Elite-only,KK2-style-NEH,4074.8
Ta50_20_10,50×20,PRules_4n,Elite-only,NEH,4063.0
Ta50_20_10,50×20,PRules_4n,Elite-only,NEH-TBKK2,4013.2
Ta50_20_10,50×20,Poor_05,Contrast,FRB4-p1,3942.2
Ta50_20_10,50×20,Poor_05,Contrast,INEH-inspired,3922.6
Ta50_20_10,50×20,Poor_05,Contrast,KK2-style-NEH,4087.2
Ta50_20_10,50×20,Poor_05,Contrast,NEH,4060.2
Ta50_20_10,50×20,Poor_05,Contrast,NEH-TBKK2,4012.0
Ta50_20_10,50×20,Poor_05,Elite-only,FRB4-p1,3944.4
Ta50_20_10,50×20,Poor_05,Elite-only,INEH-inspired,3926.4
Ta50_20_10,50×20,Poor_05,Elite-only,KK2-style-NEH,4064.0
Ta50_20_10,50×20,Poor_05,Elite-only,NEH,4063.0
Ta50_20_10,50×20,Poor_05,Elite-only,NEH-TBKK2,4012.0
Ta50_20_10,50×20,Poor_20,Contrast,FRB4-p1,3917.6
Ta50_20_10,50×20,Poor_20,Contrast,INEH-inspired,3926.8
Ta50_20_10,50×20,Poor_20,Contrast,KK2-style-NEH,4091.0
Ta50_20_10,50×20,Poor_20,Contrast,NEH,4060.2
Ta50_20_10,50×20,Poor_20,Contrast,NEH-TBKK2,4012.0
Ta50_20_10,50×20,Poor_20,Elite-only,FRB4-p1,3944.4
Ta50_20_10,50×20,Poor_20,Elite-only,INEH-inspired,3926.4
Ta50_20_10,50×20,Poor_20,Elite-only,KK2-style-NEH,4064.0
Ta50_20_10,50×20,Poor_20,Elite-only,NEH,4063.0
Ta50_20_10,50×20,Poor_20,Elite-only,NEH-TBKK2,4012.0
Ta50_20_10,50×20,Regions_2,Contrast,FRB4-p1,3936.6
Ta50_20_10,50×20,Regions_2,Contrast,INEH-inspired,3947.0
Ta50_20_10,50×20,Regions_2,Contrast,KK2-style-NEH,4064.0
Ta50_20_10,50×20,Regions_2,Contrast,NEH,4003.2
Ta50_20_10,50×20,Regions_2,Contrast,NEH-TBKK2,4003.8
Ta50_20_10,50×20,Regions_2,Elite-only,FRB4-p1,3926.4
Ta50_20_10,50×20,Regions_2,Elite-only,INEH-inspired,3936.2
Ta50_20_10,50×20,Regions_2,Elite-only,KK2-style-NEH,4064.0
Ta50_20_10,50×20,Regions_2,Elite-only,NEH,4011.0
Ta50_20_10,50×20,Regions_2,Elite-only,NEH-TBKK2,3999.0
Ta50_20_10,50×20,Regions_8,Contrast,FRB4-p1,3952.4
Ta50_20_10,50×20,Regions_8,Contrast,INEH-inspired,3926.2
Ta50_20_10,50×20,Regions_8,Contrast,KK2-style-NEH,4072.2
Ta50_20_10,50×20,Regions_8,Contrast,NEH,4063.0
Ta50_20_10,50×20,Regions_8,Contrast,NEH-TBKK2,4080.6
Ta50_20_10,50×20,Regions_8,Elite-only,FRB4-p1,3940.2
Ta50_20_10,50×20,Regions_8,Elite-only,INEH-inspired,3947.4
Ta50_20_10,50×20,Regions_8,Elite-only,KK2-style-NEH,4064.0
Ta50_20_10,50×20,Regions_8,Elite-only,NEH,4063.0
Ta50_20_10,50×20,Regions_8,Elite-only,NEH-TBKK2,4069.6
Ta50_20_10,50×20,q_2,Contrast,FRB4-p1,3974.0
Ta50_20_10,50×20,q_2,Contrast,INEH-inspired,3956.0
Ta50_20_10,50×20,q_2,Contrast,KK2-style-NEH,4091.0
Ta50_20_10,50×20,q_2,Contrast,NEH,4063.0
Ta50_20_10,50×20,q_2,Contrast,NEH-TBKK2,4012.0
Ta50_20_10,50×20,q_2,Elite-only,FRB4-p1,3987.8
Ta50_20_10,50×20,q_2,Elite-only,INEH-inspired,3935.0
Ta50_20_10,50×20,q_2,Elite-only,KK2-style-NEH,4064.0
Ta50_20_10,50×20,q_2,Elite-only,NEH,4063.0
Ta50_20_10,50×20,q_2,Elite-only,NEH-TBKK2,4012.0
Ta50_20_10,50×20,q_6,Contrast,FRB4-p1,3924.8
Ta50_20_10,50×20,q_6,Contrast,INEH-inspired,3920.2
Ta50_20_10,50×20,q_6,Contrast,KK2-style-NEH,4091.0
Ta50_20_10,50×20,q_6,Contrast,NEH,4063.0
Ta50_20_10,50×20,q_6,Contrast,NEH-TBKK2,4012.0
Ta50_20_10,50×20,q_6,Elite-only,FRB4-p1,3945.0
Ta50_20_10,50×20,q_6,Elite-only,INEH-inspired,3921.4
Ta50_20_10,50×20,q_6,Elite-only,KK2-style-NEH,4064.0
Ta50_20_10,50×20,q_6,Elite-only,NEH,4063.0
Ta50_20_10,50×20,q_6,Elite-only,NEH-TBKK2,4012.0
Ta50_5_1,50×5,Baseline,Contrast,FRB4-p1,2745.8
Ta50_5_1,50×5,Baseline,Contrast,INEH-inspired,2730.0
Ta50_5_1,50×5,Baseline,Contrast,KK2-style-NEH,2737.0
Ta50_5_1,50×5,Baseline,Contrast,NEH,2733.0
Ta50_5_1,50×5,Baseline,Contrast,NEH-TBKK2,2729.6
Ta50_5_1,50×5,Baseline,Elite-only,FRB4-p1,2730.2
Ta50_5_1,50×5,Baseline,Elite-only,INEH-inspired,2726.4
Ta50_5_1,50×5,Baseline,Elite-only,KK2-style-NEH,2739.2
Ta50_5_1,50×5,Baseline,Elite-only,NEH,2732.2
Ta50_5_1,50×5,Baseline,Elite-only,NEH-TBKK2,2732.2
Ta50_5_1,50×5,Elite_025,Contrast,FRB4-p1,2743.4
Ta50_5_1,50×5,Elite_025,Contrast,INEH-inspired,2730.0
Ta50_5_1,50×5,Elite_025,Contrast,KK2-style-NEH,2737.0
Ta50_5_1,50×5,Elite_025,Contrast,NEH,2732.6
Ta50_5_1,50×5,Elite_025,Contrast,NEH-TBKK2,2730.2
Ta50_5_1,50×5,Elite_025,Elite-only,FRB4-p1,2731.4
Ta50_5_1,50×5,Elite_025,Elite-only,INEH-inspired,2726.4
Ta50_5_1,50×5,Elite_025,Elite-only,KK2-style-NEH,2738.0
Ta50_5_1,50×5,Elite_025,Elite-only,NEH,2733.0
Ta50_5_1,50×5,Elite_025,Elite-only,NEH-TBKK2,2732.2
Ta50_5_1,50×5,Elite_10,Contrast,FRB4-p1,2741.4
Ta50_5_1,50×5,Elite_10,Contrast,INEH-inspired,2730.0
Ta50_5_1,50×5,Elite_10,Contrast,KK2-style-NEH,2737.0
Ta50_5_1,50×5,Elite_10,Contrast,NEH,2732.8
Ta50_5_1,50×5,Elite_10,Contrast,NEH-TBKK2,2730.2
Ta50_5_1,50×5,Elite_10,Elite-only,FRB4-p1,2729.8
Ta50_5_1,50×5,Elite_10,Elite-only,INEH-inspired,2728.8
Ta50_5_1,50×5,Elite_10,Elite-only,KK2-style-NEH,2746.4
Ta50_5_1,50×5,Elite_10,Elite-only,NEH,2733.0
Ta50_5_1,50×5,Elite_10,Elite-only,NEH-TBKK2,2733.0
Ta50_5_1,50×5,PRules_2n,Contrast,FRB4-p1,2737.8
Ta50_5_1,50×5,PRules_2n,Contrast,INEH-inspired,2730.0
Ta50_5_1,50×5,PRules_2n,Contrast,KK2-style-NEH,2737.0
Ta50_5_1,50×5,PRules_2n,Contrast,NEH,2733.0
Ta50_5_1,50×5,PRules_2n,Contrast,NEH-TBKK2,2729.6
Ta50_5_1,50×5,PRules_2n,Elite-only,FRB4-p1,2729.8
Ta50_5_1,50×5,PRules_2n,Elite-only,INEH-inspired,2727.6
Ta50_5_1,50×5,PRules_2n,Elite-only,KK2-style-NEH,2742.4
Ta50_5_1,50×5,PRules_2n,Elite-only,NEH,2732.8
Ta50_5_1,50×5,PRules_2n,Elite-only,NEH-TBKK2,2732.6
Ta50_5_1,50×5,PRules_4n,Contrast,FRB4-p1,2742.4
Ta50_5_1,50×5,PRules_4n,Contrast,INEH-inspired,2730.0
Ta50_5_1,50×5,PRules_4n,Contrast,KK2-style-NEH,2737.0
Ta50_5_1,50×5,PRules_4n,Contrast,NEH,2732.2
Ta50_5_1,50×5,PRules_4n,Contrast,NEH-TBKK2,2729.6
Ta50_5_1,50×5,PRules_4n,Elite-only,FRB4-p1,2733.2
Ta50_5_1,50×5,PRules_4n,Elite-only,INEH-inspired,2726.4
Ta50_5_1,50×5,PRules_4n,Elite-only,KK2-style-NEH,2739.2
Ta50_5_1,50×5,PRules_4n,Elite-only,NEH,2733.0
Ta50_5_1,50×5,PRules_4n,Elite-only,NEH-TBKK2,2732.2
Ta50_5_1,50×5,Poor_05,Contrast,FRB4-p1,2745.8
Ta50_5_1,50×5,Poor_05,Contrast,INEH-inspired,2730.0
Ta50_5_1,50×5,Poor_05,Contrast,KK2-style-NEH,2737.0
Ta50_5_1,50×5,Poor_05,Contrast,NEH,2732.8
Ta50_5_1,50×5,Poor_05,Contrast,NEH-TBKK2,2730.4
Ta50_5_1,50×5,Poor_05,Elite-only,FRB4-p1,2730.2
Ta50_5_1,50×5,Poor_05,Elite-only,INEH-inspired,2726.4
Ta50_5_1,50×5,Poor_05,Elite-only,KK2-style-NEH,2739.2
Ta50_5_1,50×5,Poor_05,Elite-only,NEH,2732.2
Ta50_5_1,50×5,Poor_05,Elite-only,NEH-TBKK2,2732.2
Ta50_5_1,50×5,Poor_20,Contrast,FRB4-p1,2745.0
Ta50_5_1,50×5,Poor_20,Contrast,INEH-inspired,2728.8
Ta50_5_1,50×5,Poor_20,Contrast,KK2-style-NEH,2737.0
Ta50_5_1,50×5,Poor_20,Contrast,NEH,2733.0
Ta50_5_1,50×5,Poor_20,Contrast,NEH-TBKK2,2729.6
Ta50_5_1,50×5,Poor_20,Elite-only,FRB4-p1,2730.2
Ta50_5_1,50×5,Poor_20,Elite-only,INEH-inspired,2726.4
Ta50_5_1,50×5,Poor_20,Elite-only,KK2-style-NEH,2739.2
Ta50_5_1,50×5,Poor_20,Elite-only,NEH,2732.2
Ta50_5_1,50×5,Poor_20,Elite-only,NEH-TBKK2,2732.2
Ta50_5_1,50×5,Regions_2,Contrast,FRB4-p1,2751.2
Ta50_5_1,50×5,Regions_2,Contrast,INEH-inspired,2724.0
Ta50_5_1,50×5,Regions_2,Contrast,KK2-style-NEH,2741.4
Ta50_5_1,50×5,Regions_2,Contrast,NEH,2733.0
Ta50_5_1,50×5,Regions_2,Contrast,NEH-TBKK2,2743.0
Ta50_5_1,50×5,Regions_2,Elite-only,FRB4-p1,2733.2
Ta50_5_1,50×5,Regions_2,Elite-only,INEH-inspired,2724.0
Ta50_5_1,50×5,Regions_2,Elite-only,KK2-style-NEH,2737.0
Ta50_5_1,50×5,Regions_2,Elite-only,NEH,2733.4
Ta50_5_1,50×5,Regions_2,Elite-only,NEH-TBKK2,2743.0
Ta50_5_1,50×5,Regions_8,Contrast,FRB4-p1,2739.2
Ta50_5_1,50×5,Regions_8,Contrast,INEH-inspired,2730.0
Ta50_5_1,50×5,Regions_8,Contrast,KK2-style-NEH,2737.0
Ta50_5_1,50×5,Regions_8,Contrast,NEH,2729.4
Ta50_5_1,50×5,Regions_8,Contrast,NEH-TBKK2,2730.0
Ta50_5_1,50×5,Regions_8,Elite-only,FRB4-p1,2729.2
Ta50_5_1,50×5,Regions_8,Elite-only,INEH-inspired,2731.2
Ta50_5_1,50×5,Regions_8,Elite-only,KK2-style-NEH,2732.0
Ta50_5_1,50×5,Regions_8,Elite-only,NEH,2732.0
Ta50_5_1,50×5,Regions_8,Elite-only,NEH-TBKK2,2730.4
Ta50_5_1,50×5,q_2,Contrast,FRB4-p1,2745.8
Ta50_5_1,50×5,q_2,Contrast,INEH-inspired,2730.0
Ta50_5_1,50×5,q_2,Contrast,KK2-style-NEH,2737.0
Ta50_5_1,50×5,q_2,Contrast,NEH,2733.0
Ta50_5_1,50×5,q_2,Contrast,NEH-TBKK2,2729.6
Ta50_5_1,50×5,q_2,Elite-only,FRB4-p1,2731.4
Ta50_5_1,50×5,q_2,Elite-only,INEH-inspired,2729.2
Ta50_5_1,50×5,q_2,Elite-only,KK2-style-NEH,2739.2
Ta50_5_1,50×5,q_2,Elite-only,NEH,2732.2
Ta50_5_1,50×5,q_2,Elite-only,NEH-TBKK2,2732.2
Ta50_5_1,50×5,q_6,Contrast,FRB4-p1,2745.8
Ta50_5_1,50×5,q_6,Contrast,INEH-inspired,2731.0
Ta50_5_1,50×5,q_6,Contrast,KK2-style-NEH,2737.0
Ta50_5_1,50×5,q_6,Contrast,NEH,2733.0
Ta50_5_1,50×5,q_6,Contrast,NEH-TBKK2,2729.6
Ta50_5_1,50×5,q_6,Elite-only,FRB4-p1,2730.8
Ta50_5_1,50×5,q_6,Elite-only,INEH-inspired,2725.2
Ta50_5_1,50×5,q_6,Elite-only,KK2-style-NEH,2739.2
Ta50_5_1,50×5,q_6,Elite-only,NEH,2732.2
Ta50_5_1,50×5,q_6,Elite-only,NEH-TBKK2,2732.2
Ta50_5_10,50×5,Baseline,Contrast,FRB4-p1,2790.6
Ta50_5_10,50×5,Baseline,Contrast,INEH-inspired,2782.0
Ta50_5_10,50×5,Baseline,Contrast,KK2-style-NEH,2835.0
Ta50_5_10,50×5,Baseline,Contrast,NEH,2793.6
Ta50_5_10,50×5,Baseline,Contrast,NEH-TBKK2,2788.8
Ta50_5_10,50×5,Baseline,Elite-only,FRB4-p1,2792.6
Ta50_5_10,50×5,Baseline,Elite-only,INEH-inspired,2785.2
Ta50_5_10,50×5,Baseline,Elite-only,KK2-style-NEH,2837.2
Ta50_5_10,50×5,Baseline,Elite-only,NEH,2791.4
Ta50_5_10,50×5,Baseline,Elite-only,NEH-TBKK2,2791.4
Ta50_5_10,50×5,Elite_025,Contrast,FRB4-p1,2789.2
Ta50_5_10,50×5,Elite_025,Contrast,INEH-inspired,2782.0
Ta50_5_10,50×5,Elite_025,Contrast,KK2-style-NEH,2836.0
Ta50_5_10,50×5,Elite_025,Contrast,NEH,2792.0
Ta50_5_10,50×5,Elite_025,Contrast,NEH-TBKK2,2791.4
Ta50_5_10,50×5,Elite_025,Elite-only,FRB4-p1,2788.6
Ta50_5_10,50×5,Elite_025,Elite-only,INEH-inspired,2782.8
Ta50_5_10,50×5,Elite_025,Elite-only,KK2-style-NEH,2837.2
Ta50_5_10,50×5,Elite_025,Elite-only,NEH,2792.0
Ta50_5_10,50×5,Elite_025,Elite-only,NEH-TBKK2,2792.0
Ta50_5_10,50×5,Elite_10,Contrast,FRB4-p1,2788.8
Ta50_5_10,50×5,Elite_10,Contrast,INEH-inspired,2783.2
Ta50_5_10,50×5,Elite_10,Contrast,KK2-style-NEH,2837.0
Ta50_5_10,50×5,Elite_10,Contrast,NEH,2790.8
Ta50_5_10,50×5,Elite_10,Contrast,NEH-TBKK2,2788.8
Ta50_5_10,50×5,Elite_10,Elite-only,FRB4-p1,2792.6
Ta50_5_10,50×5,Elite_10,Elite-only,INEH-inspired,2785.6
Ta50_5_10,50×5,Elite_10,Elite-only,KK2-style-NEH,2840.0
Ta50_5_10,50×5,Elite_10,Elite-only,NEH,2791.4
Ta50_5_10,50×5,Elite_10,Elite-only,NEH-TBKK2,2791.4
Ta50_5_10,50×5,PRules_2n,Contrast,FRB4-p1,2788.0
Ta50_5_10,50×5,PRules_2n,Contrast,INEH-inspired,2786.0
Ta50_5_10,50×5,PRules_2n,Contrast,KK2-style-NEH,2838.0
Ta50_5_10,50×5,PRules_2n,Contrast,NEH,2792.6
Ta50_5_10,50×5,PRules_2n,Contrast,NEH-TBKK2,2792.0
Ta50_5_10,50×5,PRules_2n,Elite-only,FRB4-p1,2790.8
Ta50_5_10,50×5,PRules_2n,Elite-only,INEH-inspired,2785.2
Ta50_5_10,50×5,PRules_2n,Elite-only,KK2-style-NEH,2837.6
Ta50_5_10,50×5,PRules_2n,Elite-only,NEH,2791.4
Ta50_5_10,50×5,PRules_2n,Elite-only,NEH-TBKK2,2791.4
Ta50_5_10,50×5,PRules_4n,Contrast,FRB4-p1,2787.8
Ta50_5_10,50×5,PRules_4n,Contrast,INEH-inspired,2783.2
Ta50_5_10,50×5,PRules_4n,Contrast,KK2-style-NEH,2830.4
Ta50_5_10,50×5,PRules_4n,Contrast,NEH,2793.6
Ta50_5_10,50×5,PRules_4n,Contrast,NEH-TBKK2,2788.8
Ta50_5_10,50×5,PRules_4n,Elite-only,FRB4-p1,2789.0
Ta50_5_10,50×5,PRules_4n,Elite-only,INEH-inspired,2784.4
Ta50_5_10,50×5,PRules_4n,Elite-only,KK2-style-NEH,2837.2
Ta50_5_10,50×5,PRules_4n,Elite-only,NEH,2790.6
Ta50_5_10,50×5,PRules_4n,Elite-only,NEH-TBKK2,2791.0
Ta50_5_10,50×5,Poor_05,Contrast,FRB4-p1,2788.8
Ta50_5_10,50×5,Poor_05,Contrast,INEH-inspired,2782.0
Ta50_5_10,50×5,Poor_05,Contrast,KK2-style-NEH,2831.4
Ta50_5_10,50×5,Poor_05,Contrast,NEH,2790.8
Ta50_5_10,50×5,Poor_05,Contrast,NEH-TBKK2,2788.8
Ta50_5_10,50×5,Poor_05,Elite-only,FRB4-p1,2792.6
Ta50_5_10,50×5,Poor_05,Elite-only,INEH-inspired,2785.2
Ta50_5_10,50×5,Poor_05,Elite-only,KK2-style-NEH,2837.2
Ta50_5_10,50×5,Poor_05,Elite-only,NEH,2791.4
Ta50_5_10,50×5,Poor_05,Elite-only,NEH-TBKK2,2791.4
Ta50_5_10,50×5,Poor_20,Contrast,FRB4-p1,2789.6
Ta50_5_10,50×5,Poor_20,Contrast,INEH-inspired,2782.0
Ta50_5_10,50×5,Poor_20,Contrast,KK2-style-NEH,2836.0
Ta50_5_10,50×5,Poor_20,Contrast,NEH,2792.6
Ta50_5_10,50×5,Poor_20,Contrast,NEH-TBKK2,2787.8
Ta50_5_10,50×5,Poor_20,Elite-only,FRB4-p1,2792.6
Ta50_5_10,50×5,Poor_20,Elite-only,INEH-inspired,2785.2
Ta50_5_10,50×5,Poor_20,Elite-only,KK2-style-NEH,2837.2
Ta50_5_10,50×5,Poor_20,Elite-only,NEH,2791.4
Ta50_5_10,50×5,Poor_20,Elite-only,NEH-TBKK2,2791.4
Ta50_5_10,50×5,Regions_2,Contrast,FRB4-p1,2789.4
Ta50_5_10,50×5,Regions_2,Contrast,INEH-inspired,2785.6
Ta50_5_10,50×5,Regions_2,Contrast,KK2-style-NEH,2839.0
Ta50_5_10,50×5,Regions_2,Contrast,NEH,2786.0
Ta50_5_10,50×5,Regions_2,Contrast,NEH-TBKK2,2786.0
Ta50_5_10,50×5,Regions_2,Elite-only,FRB4-p1,2786.4
Ta50_5_10,50×5,Regions_2,Elite-only,INEH-inspired,2784.4
Ta50_5_10,50×5,Regions_2,Elite-only,KK2-style-NEH,2837.6
Ta50_5_10,50×5,Regions_2,Elite-only,NEH,2801.0
Ta50_5_10,50×5,Regions_2,Elite-only,NEH-TBKK2,2795.0
Ta50_5_10,50×5,Regions_8,Contrast,FRB4-p1,2783.8
Ta50_5_10,50×5,Regions_8,Contrast,INEH-inspired,2783.6
Ta50_5_10,50×5,Regions_8,Contrast,KK2-style-NEH,2835.0
Ta50_5_10,50×5,Regions_8,Contrast,NEH,2799.0
Ta50_5_10,50×5,Regions_8,Contrast,NEH-TBKK2,2799.0
Ta50_5_10,50×5,Regions_8,Elite-only,FRB4-p1,2784.4
Ta50_5_10,50×5,Regions_8,Elite-only,INEH-inspired,2783.6
Ta50_5_10,50×5,Regions_8,Elite-only,KK2-style-NEH,2833.4
Ta50_5_10,50×5,Regions_8,Elite-only,NEH,2788.4
Ta50_5_10,50×5,Regions_8,Elite-only,NEH-TBKK2,2789.0
Ta50_5_10,50×5,q_2,Contrast,FRB4-p1,2785.6
Ta50_5_10,50×5,q_2,Contrast,INEH-inspired,2782.8
Ta50_5_10,50×5,q_2,Contrast,KK2-style-NEH,2835.0
Ta50_5_10,50×5,q_2,Contrast,NEH,2793.6
Ta50_5_10,50×5,q_2,Contrast,NEH-TBKK2,2788.8
Ta50_5_10,50×5,q_2,Elite-only,FRB4-p1,2791.0
Ta50_5_10,50×5,q_2,Elite-only,INEH-inspired,2782.8
Ta50_5_10,50×5,q_2,Elite-only,KK2-style-NEH,2837.2
Ta50_5_10,50×5,q_2,Elite-only,NEH,2791.4
Ta50_5_10,50×5,q_2,Elite-only,NEH-TBKK2,2791.4
Ta50_5_10,50×5,q_6,Contrast,FRB4-p1,2788.0
Ta50_5_10,50×5,q_6,Contrast,INEH-inspired,2783.2
Ta50_5_10,50×5,q_6,Contrast,KK2-style-NEH,2835.0
Ta50_5_10,50×5,q_6,Contrast,NEH,2793.6
Ta50_5_10,50×5,q_6,Contrast,NEH-TBKK2,2788.8
Ta50_5_10,50×5,q_6,Elite-only,FRB4-p1,2789.6
Ta50_5_10,50×5,q_6,Elite-only,INEH-inspired,2784.6
Ta50_5_10,50×5,q_6,Elite-only,KK2-style-NEH,2837.2
Ta50_5_10,50×5,q_6,Elite-only,NEH,2791.4
Ta50_5_10,50×5,q_6,Elite-only,NEH-TBKK2,2791.4
VFR100_20_1,VFR100×20,Baseline,Contrast,FRB4-p1,6473.6
VFR100_20_1,VFR100×20,Baseline,Contrast,INEH-inspired,6523.8
VFR100_20_1,VFR100×20,Baseline,Contrast,KK2-style-NEH,6706.0
VFR100_20_1,VFR100×20,Baseline,Contrast,NEH,6593.4
VFR100_20_1,VFR100×20,Baseline,Contrast,NEH-TBKK2,6536.8
VFR100_20_1,VFR100×20,Baseline,Elite-only,FRB4-p1,6489.6
VFR100_20_1,VFR100×20,Baseline,Elite-only,INEH-inspired,6536.4
VFR100_20_1,VFR100×20,Baseline,Elite-only,KK2-style-NEH,6706.0
VFR100_20_1,VFR100×20,Baseline,Elite-only,NEH,6593.4
VFR100_20_1,VFR100×20,Baseline,Elite-only,NEH-TBKK2,6533.0
VFR100_20_1,VFR100×20,Elite_025,Contrast,FRB4-p1,6479.4
VFR100_20_1,VFR100×20,Elite_025,Contrast,INEH-inspired,6542.4
VFR100_20_1,VFR100×20,Elite_025,Contrast,KK2-style-NEH,6706.0
VFR100_20_1,VFR100×20,Elite_025,Contrast,NEH,6591.6
VFR100_20_1,VFR100×20,Elite_025,Contrast,NEH-TBKK2,6536.8
VFR100_20_1,VFR100×20,Elite_025,Elite-only,FRB4-p1,6507.2
VFR100_20_1,VFR100×20,Elite_025,Elite-only,INEH-inspired,6517.0
VFR100_20_1,VFR100×20,Elite_025,Elite-only,KK2-style-NEH,6706.0
VFR100_20_1,VFR100×20,Elite_025,Elite-only,NEH,6588.0
VFR100_20_1,VFR100×20,Elite_025,Elite-only,NEH-TBKK2,6533.0
VFR100_20_1,VFR100×20,Elite_10,Contrast,FRB4-p1,6505.6
VFR100_20_1,VFR100×20,Elite_10,Contrast,INEH-inspired,6529.6
VFR100_20_1,VFR100×20,Elite_10,Contrast,KK2-style-NEH,6706.0
VFR100_20_1,VFR100×20,Elite_10,Contrast,NEH,6588.0
VFR100_20_1,VFR100×20,Elite_10,Contrast,NEH-TBKK2,6533.0
VFR100_20_1,VFR100×20,Elite_10,Elite-only,FRB4-p1,6494.0
VFR100_20_1,VFR100×20,Elite_10,Elite-only,INEH-inspired,6539.8
VFR100_20_1,VFR100×20,Elite_10,Elite-only,KK2-style-NEH,6706.0
VFR100_20_1,VFR100×20,Elite_10,Elite-only,NEH,6588.0
VFR100_20_1,VFR100×20,Elite_10,Elite-only,NEH-TBKK2,6533.0
VFR100_20_1,VFR100×20,PRules_2n,Contrast,FRB4-p1,6506.8
VFR100_20_1,VFR100×20,PRules_2n,Contrast,INEH-inspired,6553.8
VFR100_20_1,VFR100×20,PRules_2n,Contrast,KK2-style-NEH,6706.0
VFR100_20_1,VFR100×20,PRules_2n,Contrast,NEH,6588.0
VFR100_20_1,VFR100×20,PRules_2n,Contrast,NEH-TBKK2,6533.0
VFR100_20_1,VFR100×20,PRules_2n,Elite-only,FRB4-p1,6486.4
VFR100_20_1,VFR100×20,PRules_2n,Elite-only,INEH-inspired,6540.4
VFR100_20_1,VFR100×20,PRules_2n,Elite-only,KK2-style-NEH,6706.0
VFR100_20_1,VFR100×20,PRules_2n,Elite-only,NEH,6588.0
VFR100_20_1,VFR100×20,PRules_2n,Elite-only,NEH-TBKK2,6533.0
VFR100_20_1,VFR100×20,PRules_4n,Contrast,FRB4-p1,6494.6
VFR100_20_1,VFR100×20,PRules_4n,Contrast,INEH-inspired,6505.2
VFR100_20_1,VFR100×20,PRules_4n,Contrast,KK2-style-NEH,6706.0
VFR100_20_1,VFR100×20,PRules_4n,Contrast,NEH,6592.0
VFR100_20_1,VFR100×20,PRules_4n,Contrast,NEH-TBKK2,6528.4
VFR100_20_1,VFR100×20,PRules_4n,Elite-only,FRB4-p1,6471.2
VFR100_20_1,VFR100×20,PRules_4n,Elite-only,INEH-inspired,6542.2
VFR100_20_1,VFR100×20,PRules_4n,Elite-only,KK2-style-NEH,6672.8
VFR100_20_1,VFR100×20,PRules_4n,Elite-only,NEH,6593.4
VFR100_20_1,VFR100×20,PRules_4n,Elite-only,NEH-TBKK2,6533.0
VFR100_20_1,VFR100×20,Poor_05,Contrast,FRB4-p1,6490.2
VFR100_20_1,VFR100×20,Poor_05,Contrast,INEH-inspired,6506.2
VFR100_20_1,VFR100×20,Poor_05,Contrast,KK2-style-NEH,6706.0
VFR100_20_1,VFR100×20,Poor_05,Contrast,NEH,6598.8
VFR100_20_1,VFR100×20,Poor_05,Contrast,NEH-TBKK2,6536.6
VFR100_20_1,VFR100×20,Poor_05,Elite-only,FRB4-p1,6489.6
VFR100_20_1,VFR100×20,Poor_05,Elite-only,INEH-inspired,6536.4
VFR100_20_1,VFR100×20,Poor_05,Elite-only,KK2-style-NEH,6706.0
VFR100_20_1,VFR100×20,Poor_05,Elite-only,NEH,6593.4
VFR100_20_1,VFR100×20,Poor_05,Elite-only,NEH-TBKK2,6533.0
VFR100_20_1,VFR100×20,Poor_20,Contrast,FRB4-p1,6468.0
VFR100_20_1,VFR100×20,Poor_20,Contrast,INEH-inspired,6570.6
VFR100_20_1,VFR100×20,Poor_20,Contrast,KK2-style-NEH,6706.0
VFR100_20_1,VFR100×20,Poor_20,Contrast,NEH,6593.4
VFR100_20_1,VFR100×20,Poor_20,Contrast,NEH-TBKK2,6536.8
VFR100_20_1,VFR100×20,Poor_20,Elite-only,FRB4-p1,6489.6
VFR100_20_1,VFR100×20,Poor_20,Elite-only,INEH-inspired,6536.4
VFR100_20_1,VFR100×20,Poor_20,Elite-only,KK2-style-NEH,6706.0
VFR100_20_1,VFR100×20,Poor_20,Elite-only,NEH,6593.4
VFR100_20_1,VFR100×20,Poor_20,Elite-only,NEH-TBKK2,6533.0
VFR100_20_1,VFR100×20,Regions_2,Contrast,FRB4-p1,6492.2
VFR100_20_1,VFR100×20,Regions_2,Contrast,INEH-inspired,6534.8
VFR100_20_1,VFR100×20,Regions_2,Contrast,KK2-style-NEH,6640.4
VFR100_20_1,VFR100×20,Regions_2,Contrast,NEH,6573.0
VFR100_20_1,VFR100×20,Regions_2,Contrast,NEH-TBKK2,6541.8
VFR100_20_1,VFR100×20,Regions_2,Elite-only,FRB4-p1,6477.6
VFR100_20_1,VFR100×20,Regions_2,Elite-only,INEH-inspired,6561.6
VFR100_20_1,VFR100×20,Regions_2,Elite-only,KK2-style-NEH,6640.4
VFR100_20_1,VFR100×20,Regions_2,Elite-only,NEH,6573.0
VFR100_20_1,VFR100×20,Regions_2,Elite-only,NEH-TBKK2,6543.0
VFR100_20_1,VFR100×20,Regions_8,Contrast,FRB4-p1,6483.6
VFR100_20_1,VFR100×20,Regions_8,Contrast,INEH-inspired,6560.8
VFR100_20_1,VFR100×20,Regions_8,Contrast,KK2-style-NEH,6689.4
VFR100_20_1,VFR100×20,Regions_8,Contrast,NEH,6552.6
VFR100_20_1,VFR100×20,Regions_8,Contrast,NEH-TBKK2,6535.2
VFR100_20_1,VFR100×20,Regions_8,Elite-only,FRB4-p1,6490.6
VFR100_20_1,VFR100×20,Regions_8,Elite-only,INEH-inspired,6524.0
VFR100_20_1,VFR100×20,Regions_8,Elite-only,KK2-style-NEH,6628.0
VFR100_20_1,VFR100×20,Regions_8,Elite-only,NEH,6525.6
VFR100_20_1,VFR100×20,Regions_8,Elite-only,NEH-TBKK2,6524.4
VFR100_20_1,VFR100×20,q_2,Contrast,FRB4-p1,6501.2
VFR100_20_1,VFR100×20,q_2,Contrast,INEH-inspired,6535.6
VFR100_20_1,VFR100×20,q_2,Contrast,KK2-style-NEH,6706.0
VFR100_20_1,VFR100×20,q_2,Contrast,NEH,6593.4
VFR100_20_1,VFR100×20,q_2,Contrast,NEH-TBKK2,6536.8
VFR100_20_1,VFR100×20,q_2,Elite-only,FRB4-p1,6480.8
VFR100_20_1,VFR100×20,q_2,Elite-only,INEH-inspired,6542.8
VFR100_20_1,VFR100×20,q_2,Elite-only,KK2-style-NEH,6706.0
VFR100_20_1,VFR100×20,q_2,Elite-only,NEH,6593.4
VFR100_20_1,VFR100×20,q_2,Elite-only,NEH-TBKK2,6533.0
VFR100_20_1,VFR100×20,q_6,Contrast,FRB4-p1,6474.6
VFR100_20_1,VFR100×20,q_6,Contrast,INEH-inspired,6504.6
VFR100_20_1,VFR100×20,q_6,Contrast,KK2-style-NEH,6706.0
VFR100_20_1,VFR100×20,q_6,Contrast,NEH,6593.4
VFR100_20_1,VFR100×20,q_6,Contrast,NEH-TBKK2,6536.8
VFR100_20_1,VFR100×20,q_6,Elite-only,FRB4-p1,6482.6
VFR100_20_1,VFR100×20,q_6,Elite-only,INEH-inspired,6514.6
VFR100_20_1,VFR100×20,q_6,Elite-only,KK2-style-NEH,6706.0
VFR100_20_1,VFR100×20,q_6,Elite-only,NEH,6593.4
VFR100_20_1,VFR100×20,q_6,Elite-only,NEH-TBKK2,6533.0
VFR100_20_10,VFR100×20,Baseline,Contrast,FRB4-p1,6448.6
VFR100_20_10,VFR100×20,Baseline,Contrast,INEH-inspired,6424.2
VFR100_20_10,VFR100×20,Baseline,Contrast,KK2-style-NEH,6517.0
VFR100_20_10,VFR100×20,Baseline,Contrast,NEH,6532.0
VFR100_20_10,VFR100×20,Baseline,Contrast,NEH-TBKK2,6517.6
VFR100_20_10,VFR100×20,Baseline,Elite-only,FRB4-p1,6447.8
VFR100_20_10,VFR100×20,Baseline,Elite-only,INEH-inspired,6471.2
VFR100_20_10,VFR100×20,Baseline,Elite-only,KK2-style-NEH,6534.4
VFR100_20_10,VFR100×20,Baseline,Elite-only,NEH,6546.8
VFR100_20_10,VFR100×20,Baseline,Elite-only,NEH-TBKK2,6524.0
VFR100_20_10,VFR100×20,Elite_025,Contrast,FRB4-p1,6445.6
VFR100_20_10,VFR100×20,Elite_025,Contrast,INEH-inspired,6453.2
VFR100_20_10,VFR100×20,Elite_025,Contrast,KK2-style-NEH,6517.0
VFR100_20_10,VFR100×20,Elite_025,Contrast,NEH,6532.8
VFR100_20_10,VFR100×20,Elite_025,Contrast,NEH-TBKK2,6522.8
VFR100_20_10,VFR100×20,Elite_025,Elite-only,FRB4-p1,6459.6
VFR100_20_10,VFR100×20,Elite_025,Elite-only,INEH-inspired,6453.0
VFR100_20_10,VFR100×20,Elite_025,Elite-only,KK2-style-NEH,6517.0
VFR100_20_10,VFR100×20,Elite_025,Elite-only,NEH,6570.6
VFR100_20_10,VFR100×20,Elite_025,Elite-only,NEH-TBKK2,6524.0
VFR100_20_10,VFR100×20,Elite_10,Contrast,FRB4-p1,6455.6
VFR100_20_10,VFR100×20,Elite_10,Contrast,INEH-inspired,6425.2
VFR100_20_10,VFR100×20,Elite_10,Contrast,KK2-style-NEH,6517.0
VFR100_20_10,VFR100×20,Elite_10,Contrast,NEH,6519.8
VFR100_20_10,VFR100×20,Elite_10,Contrast,NEH-TBKK2,6516.2
VFR100_20_10,VFR100×20,Elite_10,Elite-only,FRB4-p1,6436.4
VFR100_20_10,VFR100×20,Elite_10,Elite-only,INEH-inspired,6446.8
VFR100_20_10,VFR100×20,Elite_10,Elite-only,KK2-style-NEH,6534.4
VFR100_20_10,VFR100×20,Elite_10,Elite-only,NEH,6576.4
VFR100_20_10,VFR100×20,Elite_10,Elite-only,NEH-TBKK2,6524.0
VFR100_20_10,VFR100×20,PRules_2n,Contrast,FRB4-p1,6438.4
VFR100_20_10,VFR100×20,PRules_2n,Contrast,INEH-inspired,6427.8
VFR100_20_10,VFR100×20,PRules_2n,Contrast,KK2-style-NEH,6517.0
VFR100_20_10,VFR100×20,PRules_2n,Contrast,NEH,6524.0
VFR100_20_10,VFR100×20,PRules_2n,Contrast,NEH-TBKK2,6517.6
VFR100_20_10,VFR100×20,PRules_2n,Elite-only,FRB4-p1,6478.8
VFR100_20_10,VFR100×20,PRules_2n,Elite-only,INEH-inspired,6456.2
VFR100_20_10,VFR100×20,PRules_2n,Elite-only,KK2-style-NEH,6530.8
VFR100_20_10,VFR100×20,PRules_2n,Elite-only,NEH,6546.2
VFR100_20_10,VFR100×20,PRules_2n,Elite-only,NEH-TBKK2,6524.0
VFR100_20_10,VFR100×20,PRules_4n,Contrast,FRB4-p1,6460.8
VFR100_20_10,VFR100×20,PRules_4n,Contrast,INEH-inspired,6445.6
VFR100_20_10,VFR100×20,PRules_4n,Contrast,KK2-style-NEH,6517.0
VFR100_20_10,VFR100×20,PRules_4n,Contrast,NEH,6498.2
VFR100_20_10,VFR100×20,PRules_4n,Contrast,NEH-TBKK2,6510.6
VFR100_20_10,VFR100×20,PRules_4n,Elite-only,FRB4-p1,6441.8
VFR100_20_10,VFR100×20,PRules_4n,Elite-only,INEH-inspired,6447.0
VFR100_20_10,VFR100×20,PRules_4n,Elite-only,KK2-style-NEH,6536.6
VFR100_20_10,VFR100×20,PRules_4n,Elite-only,NEH,6536.8
VFR100_20_10,VFR100×20,PRules_4n,Elite-only,NEH-TBKK2,6524.0
VFR100_20_10,VFR100×20,Poor_05,Contrast,FRB4-p1,6458.8
VFR100_20_10,VFR100×20,Poor_05,Contrast,INEH-inspired,6438.2
VFR100_20_10,VFR100×20,Poor_05,Contrast,KK2-style-NEH,6517.0
VFR100_20_10,VFR100×20,Poor_05,Contrast,NEH,6531.6
VFR100_20_10,VFR100×20,Poor_05,Contrast,NEH-TBKK2,6520.4
VFR100_20_10,VFR100×20,Poor_05,Elite-only,FRB4-p1,6447.8
VFR100_20_10,VFR100×20,Poor_05,Elite-only,INEH-inspired,6471.2
VFR100_20_10,VFR100×20,Poor_05,Elite-only,KK2-style-NEH,6534.4
VFR100_20_10,VFR100×20,Poor_05,Elite-only,NEH,6546.8
VFR100_20_10,VFR100×20,Poor_05,Elite-only,NEH-TBKK2,6524.0
VFR100_20_10,VFR100×20,Poor_20,Contrast,FRB4-p1,6450.6
VFR100_20_10,VFR100×20,Poor_20,Contrast,INEH-inspired,6457.0
VFR100_20_10,VFR100×20,Poor_20,Contrast,KK2-style-NEH,6534.4
VFR100_20_10,VFR100×20,Poor_20,Contrast,NEH,6561.0
VFR100_20_10,VFR100×20,Poor_20,Contrast,NEH-TBKK2,6518.4
VFR100_20_10,VFR100×20,Poor_20,Elite-only,FRB4-p1,6447.8
VFR100_20_10,VFR100×20,Poor_20,Elite-only,INEH-inspired,6471.2
VFR100_20_10,VFR100×20,Poor_20,Elite-only,KK2-style-NEH,6534.4
VFR100_20_10,VFR100×20,Poor_20,Elite-only,NEH,6546.8
VFR100_20_10,VFR100×20,Poor_20,Elite-only,NEH-TBKK2,6524.0
VFR100_20_10,VFR100×20,Regions_2,Contrast,FRB4-p1,6430.8
VFR100_20_10,VFR100×20,Regions_2,Contrast,INEH-inspired,6441.8
VFR100_20_10,VFR100×20,Regions_2,Contrast,KK2-style-NEH,6645.6
VFR100_20_10,VFR100×20,Regions_2,Contrast,NEH,6503.0
VFR100_20_10,VFR100×20,Regions_2,Contrast,NEH-TBKK2,6530.6
VFR100_20_10,VFR100×20,Regions_2,Elite-only,FRB4-p1,6435.2
VFR100_20_10,VFR100×20,Regions_2,Elite-only,INEH-inspired,6468.2
VFR100_20_10,VFR100×20,Regions_2,Elite-only,KK2-style-NEH,6645.6
VFR100_20_10,VFR100×20,Regions_2,Elite-only,NEH,6501.6
VFR100_20_10,VFR100×20,Regions_2,Elite-only,NEH-TBKK2,6549.4
VFR100_20_10,VFR100×20,Regions_8,Contrast,FRB4-p1,6429.2
VFR100_20_10,VFR100×20,Regions_8,Contrast,INEH-inspired,6454.6
VFR100_20_10,VFR100×20,Regions_8,Contrast,KK2-style-NEH,6614.4
VFR100_20_10,VFR100×20,Regions_8,Contrast,NEH,6486.0
VFR100_20_10,VFR100×20,Regions_8,Contrast,NEH-TBKK2,6493.6
VFR100_20_10,VFR100×20,Regions_8,Elite-only,FRB4-p1,6446.4
VFR100_20_10,VFR100×20,Regions_8,Elite-only,INEH-inspired,6442.0
VFR100_20_10,VFR100×20,Regions_8,Elite-only,KK2-style-NEH,6605.2
VFR100_20_10,VFR100×20,Regions_8,Elite-only,NEH,6507.6
VFR100_20_10,VFR100×20,Regions_8,Elite-only,NEH-TBKK2,6522.6
VFR100_20_10,VFR100×20,q_2,Contrast,FRB4-p1,6453.6
VFR100_20_10,VFR100×20,q_2,Contrast,INEH-inspired,6457.0
VFR100_20_10,VFR100×20,q_2,Contrast,KK2-style-NEH,6517.0
VFR100_20_10,VFR100×20,q_2,Contrast,NEH,6532.0
VFR100_20_10,VFR100×20,q_2,Contrast,NEH-TBKK2,6517.6
VFR100_20_10,VFR100×20,q_2,Elite-only,FRB4-p1,6445.0
VFR100_20_10,VFR100×20,q_2,Elite-only,INEH-inspired,6453.4
VFR100_20_10,VFR100×20,q_2,Elite-only,KK2-style-NEH,6534.4
VFR100_20_10,VFR100×20,q_2,Elite-only,NEH,6546.8
VFR100_20_10,VFR100×20,q_2,Elite-only,NEH-TBKK2,6524.0
VFR100_20_10,VFR100×20,q_6,Contrast,FRB4-p1,6417.8
VFR100_20_10,VFR100×20,q_6,Contrast,INEH-inspired,6446.4
VFR100_20_10,VFR100×20,q_6,Contrast,KK2-style-NEH,6517.0
VFR100_20_10,VFR100×20,q_6,Contrast,NEH,6532.0
VFR100_20_10,VFR100×20,q_6,Contrast,NEH-TBKK2,6517.6
VFR100_20_10,VFR100×20,q_6,Elite-only,FRB4-p1,6414.2
VFR100_20_10,VFR100×20,q_6,Elite-only,INEH-inspired,6445.2
VFR100_20_10,VFR100×20,q_6,Elite-only,KK2-style-NEH,6534.4
VFR100_20_10,VFR100×20,q_6,Elite-only,NEH,6546.8
VFR100_20_10,VFR100×20,q_6,Elite-only,NEH-TBKK2,6524.0
VFR100_40_1,VFR100×40,Baseline,Contrast,FRB4-p1,8227.2
VFR100_40_1,VFR100×40,Baseline,Contrast,INEH-inspired,8249.0
VFR100_40_1,VFR100×40,Baseline,Contrast,KK2-style-NEH,8321.0
VFR100_40_1,VFR100×40,Baseline,Contrast,NEH,8291.8
VFR100_40_1,VFR100×40,Baseline,Contrast,NEH-TBKK2,8243.2
VFR100_40_1,VFR100×40,Baseline,Elite-only,FRB4-p1,8216.2
VFR100_40_1,VFR100×40,Baseline,Elite-only,INEH-inspired,8219.0
VFR100_40_1,VFR100×40,Baseline,Elite-only,KK2-style-NEH,8321.0
VFR100_40_1,VFR100×40,Baseline,Elite-only,NEH,8299.0
VFR100_40_1,VFR100×40,Baseline,Elite-only,NEH-TBKK2,8244.6
VFR100_40_1,VFR100×40,Elite_025,Contrast,FRB4-p1,8185.8
VFR100_40_1,VFR100×40,Elite_025,Contrast,INEH-inspired,8235.6
VFR100_40_1,VFR100×40,Elite_025,Contrast,KK2-style-NEH,8321.0
VFR100_40_1,VFR100×40,Elite_025,Contrast,NEH,8291.0
VFR100_40_1,VFR100×40,Elite_025,Contrast,NEH-TBKK2,8251.2
VFR100_40_1,VFR100×40,Elite_025,Elite-only,FRB4-p1,8211.8
VFR100_40_1,VFR100×40,Elite_025,Elite-only,INEH-inspired,8207.0
VFR100_40_1,VFR100×40,Elite_025,Elite-only,KK2-style-NEH,8321.0
VFR100_40_1,VFR100×40,Elite_025,Elite-only,NEH,8291.8
VFR100_40_1,VFR100×40,Elite_025,Elite-only,NEH-TBKK2,8238.0
VFR100_40_1,VFR100×40,Elite_10,Contrast,FRB4-p1,8180.6
VFR100_40_1,VFR100×40,Elite_10,Contrast,INEH-inspired,8246.6
VFR100_40_1,VFR100×40,Elite_10,Contrast,KK2-style-NEH,8321.0
VFR100_40_1,VFR100×40,Elite_10,Contrast,NEH,8299.0
VFR100_40_1,VFR100×40,Elite_10,Contrast,NEH-TBKK2,8250.0
VFR100_40_1,VFR100×40,Elite_10,Elite-only,FRB4-p1,8206.0
VFR100_40_1,VFR100×40,Elite_10,Elite-only,INEH-inspired,8216.0
VFR100_40_1,VFR100×40,Elite_10,Elite-only,KK2-style-NEH,8321.0
VFR100_40_1,VFR100×40,Elite_10,Elite-only,NEH,8299.0
VFR100_40_1,VFR100×40,Elite_10,Elite-only,NEH-TBKK2,8240.6
VFR100_40_1,VFR100×40,PRules_2n,Contrast,FRB4-p1,8191.0
VFR100_40_1,VFR100×40,PRules_2n,Contrast,INEH-inspired,8229.2
VFR100_40_1,VFR100×40,PRules_2n,Contrast,KK2-style-NEH,8321.0
VFR100_40_1,VFR100×40,PRules_2n,Contrast,NEH,8299.0
VFR100_40_1,VFR100×40,PRules_2n,Contrast,NEH-TBKK2,8238.0
VFR100_40_1,VFR100×40,PRules_2n,Elite-only,FRB4-p1,8198.4
VFR100_40_1,VFR100×40,PRules_2n,Elite-only,INEH-inspired,8200.6
VFR100_40_1,VFR100×40,PRules_2n,Elite-only,KK2-style-NEH,8321.0
VFR100_40_1,VFR100×40,PRules_2n,Elite-only,NEH,8299.0
VFR100_40_1,VFR100×40,PRules_2n,Elite-only,NEH-TBKK2,8238.0
VFR100_40_1,VFR100×40,PRules_4n,Contrast,FRB4-p1,8208.4
VFR100_40_1,VFR100×40,PRules_4n,Contrast,INEH-inspired,8220.6
VFR100_40_1,VFR100×40,PRules_4n,Contrast,KK2-style-NEH,8321.0
VFR100_40_1,VFR100×40,PRules_4n,Contrast,NEH,8292.6
VFR100_40_1,VFR100×40,PRules_4n,Contrast,NEH-TBKK2,8250.8
VFR100_40_1,VFR100×40,PRules_4n,Elite-only,FRB4-p1,8206.2
VFR100_40_1,VFR100×40,PRules_4n,Elite-only,INEH-inspired,8187.4
VFR100_40_1,VFR100×40,PRules_4n,Elite-only,KK2-style-NEH,8321.0
VFR100_40_1,VFR100×40,PRules_4n,Elite-only,NEH,8299.0
VFR100_40_1,VFR100×40,PRules_4n,Elite-only,NEH-TBKK2,8248.4
VFR100_40_1,VFR100×40,Poor_05,Contrast,FRB4-p1,8203.0
VFR100_40_1,VFR100×40,Poor_05,Contrast,INEH-inspired,8231.0
VFR100_40_1,VFR100×40,Poor_05,Contrast,KK2-style-NEH,8321.0
VFR100_40_1,VFR100×40,Poor_05,Contrast,NEH,8299.0
VFR100_40_1,VFR100×40,Poor_05,Contrast,NEH-TBKK2,8245.8
VFR100_40_1,VFR100×40,Poor_05,Elite-only,FRB4-p1,8216.2
VFR100_40_1,VFR100×40,Poor_05,Elite-only,INEH-inspired,8219.0
VFR100_40_1,VFR100×40,Poor_05,Elite-only,KK2-style-NEH,8321.0
VFR100_40_1,VFR100×40,Poor_05,Elite-only,NEH,8299.0
VFR100_40_1,VFR100×40,Poor_05,Elite-only,NEH-TBKK2,8244.6
VFR100_40_1,VFR100×40,Poor_20,Contrast,FRB4-p1,8225.6
VFR100_40_1,VFR100×40,Poor_20,Contrast,INEH-inspired,8250.2
VFR100_40_1,VFR100×40,Poor_20,Contrast,KK2-style-NEH,8321.0
VFR100_40_1,VFR100×40,Poor_20,Contrast,NEH,8299.0
VFR100_40_1,VFR100×40,Poor_20,Contrast,NEH-TBKK2,8244.6
VFR100_40_1,VFR100×40,Poor_20,Elite-only,FRB4-p1,8216.2
VFR100_40_1,VFR100×40,Poor_20,Elite-only,INEH-inspired,8219.0
VFR100_40_1,VFR100×40,Poor_20,Elite-only,KK2-style-NEH,8321.0
VFR100_40_1,VFR100×40,Poor_20,Elite-only,NEH,8299.0
VFR100_40_1,VFR100×40,Poor_20,Elite-only,NEH-TBKK2,8244.6
VFR100_40_1,VFR100×40,Regions_2,Contrast,FRB4-p1,8155.8
VFR100_40_1,VFR100×40,Regions_2,Contrast,INEH-inspired,8188.4
VFR100_40_1,VFR100×40,Regions_2,Contrast,KK2-style-NEH,8289.2
VFR100_40_1,VFR100×40,Regions_2,Contrast,NEH,8313.0
VFR100_40_1,VFR100×40,Regions_2,Contrast,NEH-TBKK2,8310.0
VFR100_40_1,VFR100×40,Regions_2,Elite-only,FRB4-p1,8181.6
VFR100_40_1,VFR100×40,Regions_2,Elite-only,INEH-inspired,8230.6
VFR100_40_1,VFR100×40,Regions_2,Elite-only,KK2-style-NEH,8289.2
VFR100_40_1,VFR100×40,Regions_2,Elite-only,NEH,8313.0
VFR100_40_1,VFR100×40,Regions_2,Elite-only,NEH-TBKK2,8307.2
VFR100_40_1,VFR100×40,Regions_8,Contrast,FRB4-p1,8189.4
VFR100_40_1,VFR100×40,Regions_8,Contrast,INEH-inspired,8223.2
VFR100_40_1,VFR100×40,Regions_8,Contrast,KK2-style-NEH,8310.0
VFR100_40_1,VFR100×40,Regions_8,Contrast,NEH,8299.0
VFR100_40_1,VFR100×40,Regions_8,Contrast,NEH-TBKK2,8239.8
VFR100_40_1,VFR100×40,Regions_8,Elite-only,FRB4-p1,8187.8
VFR100_40_1,VFR100×40,Regions_8,Elite-only,INEH-inspired,8241.4
VFR100_40_1,VFR100×40,Regions_8,Elite-only,KK2-style-NEH,8335.6
VFR100_40_1,VFR100×40,Regions_8,Elite-only,NEH,8281.0
VFR100_40_1,VFR100×40,Regions_8,Elite-only,NEH-TBKK2,8270.0
VFR100_40_1,VFR100×40,q_2,Contrast,FRB4-p1,8230.4
VFR100_40_1,VFR100×40,q_2,Contrast,INEH-inspired,8266.2
VFR100_40_1,VFR100×40,q_2,Contrast,KK2-style-NEH,8321.0
VFR100_40_1,VFR100×40,q_2,Contrast,NEH,8291.8
VFR100_40_1,VFR100×40,q_2,Contrast,NEH-TBKK2,8243.2
VFR100_40_1,VFR100×40,q_2,Elite-only,FRB4-p1,8245.0
VFR100_40_1,VFR100×40,q_2,Elite-only,INEH-inspired,8277.2
VFR100_40_1,VFR100×40,q_2,Elite-only,KK2-style-NEH,8321.0
VFR100_40_1,VFR100×40,q_2,Elite-only,NEH,8299.0
VFR100_40_1,VFR100×40,q_2,Elite-only,NEH-TBKK2,8244.6
VFR100_40_1,VFR100×40,q_6,Contrast,FRB4-p1,8181.4
VFR100_40_1,VFR100×40,q_6,Contrast,INEH-inspired,8207.2
VFR100_40_1,VFR100×40,q_6,Contrast,KK2-style-NEH,8321.0
VFR100_40_1,VFR100×40,q_6,Contrast,NEH,8291.8
VFR100_40_1,VFR100×40,q_6,Contrast,NEH-TBKK2,8243.2
VFR100_40_1,VFR100×40,q_6,Elite-only,FRB4-p1,8205.0
VFR100_40_1,VFR100×40,q_6,Elite-only,INEH-inspired,8210.8
VFR100_40_1,VFR100×40,q_6,Elite-only,KK2-style-NEH,8321.0
VFR100_40_1,VFR100×40,q_6,Elite-only,NEH,8299.0
VFR100_40_1,VFR100×40,q_6,Elite-only,NEH-TBKK2,8244.6
VFR100_40_10,VFR100×40,Baseline,Contrast,FRB4-p1,8268.6
VFR100_40_10,VFR100×40,Baseline,Contrast,INEH-inspired,8335.0
VFR100_40_10,VFR100×40,Baseline,Contrast,KK2-style-NEH,8549.8
VFR100_40_10,VFR100×40,Baseline,Contrast,NEH,8412.6
VFR100_40_10,VFR100×40,Baseline,Contrast,NEH-TBKK2,8411.0
VFR100_40_10,VFR100×40,Baseline,Elite-only,FRB4-p1,8298.4
VFR100_40_10,VFR100×40,Baseline,Elite-only,INEH-inspired,8315.4
VFR100_40_10,VFR100×40,Baseline,Elite-only,KK2-style-NEH,8506.8
VFR100_40_10,VFR100×40,Baseline,Elite-only,NEH,8409.8
VFR100_40_10,VFR100×40,Baseline,Elite-only,NEH-TBKK2,8415.0
VFR100_40_10,VFR100×40,Elite_025,Contrast,FRB4-p1,8253.4
VFR100_40_10,VFR100×40,Elite_025,Contrast,INEH-inspired,8332.8
VFR100_40_10,VFR100×40,Elite_025,Contrast,KK2-style-NEH,8527.4
VFR100_40_10,VFR100×40,Elite_025,Contrast,NEH,8413.0
VFR100_40_10,VFR100×40,Elite_025,Contrast,NEH-TBKK2,8411.0
VFR100_40_10,VFR100×40,Elite_025,Elite-only,FRB4-p1,8286.2
VFR100_40_10,VFR100×40,Elite_025,Elite-only,INEH-inspired,8347.6
VFR100_40_10,VFR100×40,Elite_025,Elite-only,KK2-style-NEH,8495.0
VFR100_40_10,VFR100×40,Elite_025,Elite-only,NEH,8410.4
VFR100_40_10,VFR100×40,Elite_025,Elite-only,NEH-TBKK2,8413.0
VFR100_40_10,VFR100×40,Elite_10,Contrast,FRB4-p1,8277.6
VFR100_40_10,VFR100×40,Elite_10,Contrast,INEH-inspired,8323.2
VFR100_40_10,VFR100×40,Elite_10,Contrast,KK2-style-NEH,8528.8
VFR100_40_10,VFR100×40,Elite_10,Contrast,NEH,8413.0
VFR100_40_10,VFR100×40,Elite_10,Contrast,NEH-TBKK2,8404.4
VFR100_40_10,VFR100×40,Elite_10,Elite-only,FRB4-p1,8286.6
VFR100_40_10,VFR100×40,Elite_10,Elite-only,INEH-inspired,8315.6
VFR100_40_10,VFR100×40,Elite_10,Elite-only,KK2-style-NEH,8509.2
VFR100_40_10,VFR100×40,Elite_10,Elite-only,NEH,8413.0
VFR100_40_10,VFR100×40,Elite_10,Elite-only,NEH-TBKK2,8415.0
VFR100_40_10,VFR100×40,PRules_2n,Contrast,FRB4-p1,8310.0
VFR100_40_10,VFR100×40,PRules_2n,Contrast,INEH-inspired,8352.0
VFR100_40_10,VFR100×40,PRules_2n,Contrast,KK2-style-NEH,8549.4
VFR100_40_10,VFR100×40,PRules_2n,Contrast,NEH,8414.8
VFR100_40_10,VFR100×40,PRules_2n,Contrast,NEH-TBKK2,8417.0
VFR100_40_10,VFR100×40,PRules_2n,Elite-only,FRB4-p1,8316.4
VFR100_40_10,VFR100×40,PRules_2n,Elite-only,INEH-inspired,8325.0
VFR100_40_10,VFR100×40,PRules_2n,Elite-only,KK2-style-NEH,8518.2
VFR100_40_10,VFR100×40,PRules_2n,Elite-only,NEH,8411.6
VFR100_40_10,VFR100×40,PRules_2n,Elite-only,NEH-TBKK2,8417.0
VFR100_40_10,VFR100×40,PRules_4n,Contrast,FRB4-p1,8296.0
VFR100_40_10,VFR100×40,PRules_4n,Contrast,INEH-inspired,8319.6
VFR100_40_10,VFR100×40,PRules_4n,Contrast,KK2-style-NEH,8482.2
VFR100_40_10,VFR100×40,PRules_4n,Contrast,NEH,8409.2
VFR100_40_10,VFR100×40,PRules_4n,Contrast,NEH-TBKK2,8407.0
VFR100_40_10,VFR100×40,PRules_4n,Elite-only,FRB4-p1,8285.4
VFR100_40_10,VFR100×40,PRules_4n,Elite-only,INEH-inspired,8343.0
VFR100_40_10,VFR100×40,PRules_4n,Elite-only,KK2-style-NEH,8471.0
VFR100_40_10,VFR100×40,PRules_4n,Elite-only,NEH,8396.6
VFR100_40_10,VFR100×40,PRules_4n,Elite-only,NEH-TBKK2,8404.6
VFR100_40_10,VFR100×40,Poor_05,Contrast,FRB4-p1,8276.6
VFR100_40_10,VFR100×40,Poor_05,Contrast,INEH-inspired,8334.2
VFR100_40_10,VFR100×40,Poor_05,Contrast,KK2-style-NEH,8549.8
VFR100_40_10,VFR100×40,Poor_05,Contrast,NEH,8413.0
VFR100_40_10,VFR100×40,Poor_05,Contrast,NEH-TBKK2,8411.2
VFR100_40_10,VFR100×40,Poor_05,Elite-only,FRB4-p1,8298.4
VFR100_40_10,VFR100×40,Poor_05,Elite-only,INEH-inspired,8315.4
VFR100_40_10,VFR100×40,Poor_05,Elite-only,KK2-style-NEH,8506.8
VFR100_40_10,VFR100×40,Poor_05,Elite-only,NEH,8409.8
VFR100_40_10,VFR100×40,Poor_05,Elite-only,NEH-TBKK2,8415.0
VFR100_40_10,VFR100×40,Poor_20,Contrast,FRB4-p1,8271.2
VFR100_40_10,VFR100×40,Poor_20,Contrast,INEH-inspired,8313.6
VFR100_40_10,VFR100×40,Poor_20,Contrast,KK2-style-NEH,8518.6
VFR100_40_10,VFR100×40,Poor_20,Contrast,NEH,8408.8
VFR100_40_10,VFR100×40,Poor_20,Contrast,NEH-TBKK2,8413.0
VFR100_40_10,VFR100×40,Poor_20,Elite-only,FRB4-p1,8298.4
VFR100_40_10,VFR100×40,Poor_20,Elite-only,INEH-inspired,8315.4
VFR100_40_10,VFR100×40,Poor_20,Elite-only,KK2-style-NEH,8506.8
VFR100_40_10,VFR100×40,Poor_20,Elite-only,NEH,8409.8
VFR100_40_10,VFR100×40,Poor_20,Elite-only,NEH-TBKK2,8415.0
VFR100_40_10,VFR100×40,Regions_2,Contrast,FRB4-p1,8304.6
VFR100_40_10,VFR100×40,Regions_2,Contrast,INEH-inspired,8349.4
VFR100_40_10,VFR100×40,Regions_2,Contrast,KK2-style-NEH,8467.4
VFR100_40_10,VFR100×40,Regions_2,Contrast,NEH,8412.6
VFR100_40_10,VFR100×40,Regions_2,Contrast,NEH-TBKK2,8453.4
VFR100_40_10,VFR100×40,Regions_2,Elite-only,FRB4-p1,8294.2
VFR100_40_10,VFR100×40,Regions_2,Elite-only,INEH-inspired,8358.0
VFR100_40_10,VFR100×40,Regions_2,Elite-only,KK2-style-NEH,8505.8
VFR100_40_10,VFR100×40,Regions_2,Elite-only,NEH,8408.8
VFR100_40_10,VFR100×40,Regions_2,Elite-only,NEH-TBKK2,8458.2
VFR100_40_10,VFR100×40,Regions_8,Contrast,FRB4-p1,8292.8
VFR100_40_10,VFR100×40,Regions_8,Contrast,INEH-inspired,8329.4
VFR100_40_10,VFR100×40,Regions_8,Contrast,KK2-style-NEH,8495.8
VFR100_40_10,VFR100×40,Regions_8,Contrast,NEH,8399.0
VFR100_40_10,VFR100×40,Regions_8,Contrast,NEH-TBKK2,8407.0
VFR100_40_10,VFR100×40,Regions_8,Elite-only,FRB4-p1,8277.8
VFR100_40_10,VFR100×40,Regions_8,Elite-only,INEH-inspired,8333.8
VFR100_40_10,VFR100×40,Regions_8,Elite-only,KK2-style-NEH,8550.2
VFR100_40_10,VFR100×40,Regions_8,Elite-only,NEH,8386.0
VFR100_40_10,VFR100×40,Regions_8,Elite-only,NEH-TBKK2,8405.2
VFR100_40_10,VFR100×40,q_2,Contrast,FRB4-p1,8270.6
VFR100_40_10,VFR100×40,q_2,Contrast,INEH-inspired,8352.2
VFR100_40_10,VFR100×40,q_2,Contrast,KK2-style-NEH,8549.8
VFR100_40_10,VFR100×40,q_2,Contrast,NEH,8412.6
VFR100_40_10,VFR100×40,q_2,Contrast,NEH-TBKK2,8411.0
VFR100_40_10,VFR100×40,q_2,Elite-only,FRB4-p1,8297.0
VFR100_40_10,VFR100×40,q_2,Elite-only,INEH-inspired,8363.4
VFR100_40_10,VFR100×40,q_2,Elite-only,KK2-style-NEH,8506.8
VFR100_40_10,VFR100×40,q_2,Elite-only,NEH,8409.8
VFR100_40_10,VFR100×40,q_2,Elite-only,NEH-TBKK2,8415.0
VFR100_40_10,VFR100×40,q_6,Contrast,FRB4-p1,8270.8
VFR100_40_10,VFR100×40,q_6,Contrast,INEH-inspired,8324.4
VFR100_40_10,VFR100×40,q_6,Contrast,KK2-style-NEH,8549.8
VFR100_40_10,VFR100×40,q_6,Contrast,NEH,8412.6
VFR100_40_10,VFR100×40,q_6,Contrast,NEH-TBKK2,8411.0
VFR100_40_10,VFR100×40,q_6,Elite-only,FRB4-p1,8256.2
VFR100_40_10,VFR100×40,q_6,Elite-only,INEH-inspired,8307.0
VFR100_40_10,VFR100×40,q_6,Elite-only,KK2-style-NEH,8506.8
VFR100_40_10,VFR100×40,q_6,Elite-only,NEH,8409.8
VFR100_40_10,VFR100×40,q_6,Elite-only,NEH-TBKK2,8415.0
VFR100_60_1,VFR100×60,Baseline,Contrast,FRB4-p1,9734.6
VFR100_60_1,VFR100×60,Baseline,Contrast,INEH-inspired,9782.6
VFR100_60_1,VFR100×60,Baseline,Contrast,KK2-style-NEH,10001.0
VFR100_60_1,VFR100×60,Baseline,Contrast,NEH,9878.6
VFR100_60_1,VFR100×60,Baseline,Contrast,NEH-TBKK2,9870.0
VFR100_60_1,VFR100×60,Baseline,Elite-only,FRB4-p1,9714.4
VFR100_60_1,VFR100×60,Baseline,Elite-only,INEH-inspired,9801.4
VFR100_60_1,VFR100×60,Baseline,Elite-only,KK2-style-NEH,9987.4
VFR100_60_1,VFR100×60,Baseline,Elite-only,NEH,9873.8
VFR100_60_1,VFR100×60,Baseline,Elite-only,NEH-TBKK2,9870.0
VFR100_60_1,VFR100×60,Elite_025,Contrast,FRB4-p1,9719.0
VFR100_60_1,VFR100×60,Elite_025,Contrast,INEH-inspired,9773.6
VFR100_60_1,VFR100×60,Elite_025,Contrast,KK2-style-NEH,10001.0
VFR100_60_1,VFR100×60,Elite_025,Contrast,NEH,9883.4
VFR100_60_1,VFR100×60,Elite_025,Contrast,NEH-TBKK2,9870.0
VFR100_60_1,VFR100×60,Elite_025,Elite-only,FRB4-p1,9765.6
VFR100_60_1,VFR100×60,Elite_025,Elite-only,INEH-inspired,9784.6
VFR100_60_1,VFR100×60,Elite_025,Elite-only,KK2-style-NEH,9980.6
VFR100_60_1,VFR100×60,Elite_025,Elite-only,NEH,9888.2
VFR100_60_1,VFR100×60,Elite_025,Elite-only,NEH-TBKK2,9870.0
VFR100_60_1,VFR100×60,Elite_10,Contrast,FRB4-p1,9715.2
VFR100_60_1,VFR100×60,Elite_10,Contrast,INEH-inspired,9780.8
VFR100_60_1,VFR100×60,Elite_10,Contrast,KK2-style-NEH,10001.0
VFR100_60_1,VFR100×60,Elite_10,Contrast,NEH,9873.8
VFR100_60_1,VFR100×60,Elite_10,Contrast,NEH-TBKK2,9870.0
VFR100_60_1,VFR100×60,Elite_10,Elite-only,FRB4-p1,9732.2
VFR100_60_1,VFR100×60,Elite_10,Elite-only,INEH-inspired,9767.8
VFR100_60_1,VFR100×60,Elite_10,Elite-only,KK2-style-NEH,9994.2
VFR100_60_1,VFR100×60,Elite_10,Elite-only,NEH,9883.4
VFR100_60_1,VFR100×60,Elite_10,Elite-only,NEH-TBKK2,9870.0
VFR100_60_1,VFR100×60,PRules_2n,Contrast,FRB4-p1,9722.8
VFR100_60_1,VFR100×60,PRules_2n,Contrast,INEH-inspired,9798.2
VFR100_60_1,VFR100×60,PRules_2n,Contrast,KK2-style-NEH,10001.0
VFR100_60_1,VFR100×60,PRules_2n,Contrast,NEH,9873.8
VFR100_60_1,VFR100×60,PRules_2n,Contrast,NEH-TBKK2,9870.0
VFR100_60_1,VFR100×60,PRules_2n,Elite-only,FRB4-p1,9739.8
VFR100_60_1,VFR100×60,PRules_2n,Elite-only,INEH-inspired,9754.6
VFR100_60_1,VFR100×60,PRules_2n,Elite-only,KK2-style-NEH,10001.0
VFR100_60_1,VFR100×60,PRules_2n,Elite-only,NEH,9873.8
VFR100_60_1,VFR100×60,PRules_2n,Elite-only,NEH-TBKK2,9870.0
VFR100_60_1,VFR100×60,PRules_4n,Contrast,FRB4-p1,9729.2
VFR100_60_1,VFR100×60,PRules_4n,Contrast,INEH-inspired,9800.8
VFR100_60_1,VFR100×60,PRules_4n,Contrast,KK2-style-NEH,9987.4
VFR100_60_1,VFR100×60,PRules_4n,Contrast,NEH,9875.8
VFR100_60_1,VFR100×60,PRules_4n,Contrast,NEH-TBKK2,9870.0
VFR100_60_1,VFR100×60,PRules_4n,Elite-only,FRB4-p1,9726.2
VFR100_60_1,VFR100×60,PRules_4n,Elite-only,INEH-inspired,9784.0
VFR100_60_1,VFR100×60,PRules_4n,Elite-only,KK2-style-NEH,9973.8
VFR100_60_1,VFR100×60,PRules_4n,Elite-only,NEH,9888.2
VFR100_60_1,VFR100×60,PRules_4n,Elite-only,NEH-TBKK2,9870.0
VFR100_60_1,VFR100×60,Poor_05,Contrast,FRB4-p1,9734.6
VFR100_60_1,VFR100×60,Poor_05,Contrast,INEH-inspired,9795.6
VFR100_60_1,VFR100×60,Poor_05,Contrast,KK2-style-NEH,10001.0
VFR100_60_1,VFR100×60,Poor_05,Contrast,NEH,9873.8
VFR100_60_1,VFR100×60,Poor_05,Contrast,NEH-TBKK2,9870.0
VFR100_60_1,VFR100×60,Poor_05,Elite-only,FRB4-p1,9714.4
VFR100_60_1,VFR100×60,Poor_05,Elite-only,INEH-inspired,9801.4
VFR100_60_1,VFR100×60,Poor_05,Elite-only,KK2-style-NEH,9987.4
VFR100_60_1,VFR100×60,Poor_05,Elite-only,NEH,9873.8
VFR100_60_1,VFR100×60,Poor_05,Elite-only,NEH-TBKK2,9870.0
VFR100_60_1,VFR100×60,Poor_20,Contrast,FRB4-p1,9748.4
VFR100_60_1,VFR100×60,Poor_20,Contrast,INEH-inspired,9787.4
VFR100_60_1,VFR100×60,Poor_20,Contrast,KK2-style-NEH,10001.0
VFR100_60_1,VFR100×60,Poor_20,Contrast,NEH,9878.6
VFR100_60_1,VFR100×60,Poor_20,Contrast,NEH-TBKK2,9870.0
VFR100_60_1,VFR100×60,Poor_20,Elite-only,FRB4-p1,9714.4
VFR100_60_1,VFR100×60,Poor_20,Elite-only,INEH-inspired,9801.4
VFR100_60_1,VFR100×60,Poor_20,Elite-only,KK2-style-NEH,9987.4
VFR100_60_1,VFR100×60,Poor_20,Elite-only,NEH,9873.8
VFR100_60_1,VFR100×60,Poor_20,Elite-only,NEH-TBKK2,9870.0
VFR100_60_1,VFR100×60,Regions_2,Contrast,FRB4-p1,9758.6
VFR100_60_1,VFR100×60,Regions_2,Contrast,INEH-inspired,9777.2
VFR100_60_1,VFR100×60,Regions_2,Contrast,KK2-style-NEH,9987.0
VFR100_60_1,VFR100×60,Regions_2,Contrast,NEH,9836.0
VFR100_60_1,VFR100×60,Regions_2,Contrast,NEH-TBKK2,9809.4
VFR100_60_1,VFR100×60,Regions_2,Elite-only,FRB4-p1,9736.2
VFR100_60_1,VFR100×60,Regions_2,Elite-only,INEH-inspired,9798.6
VFR100_60_1,VFR100×60,Regions_2,Elite-only,KK2-style-NEH,9979.0
VFR100_60_1,VFR100×60,Regions_2,Elite-only,NEH,9836.0
VFR100_60_1,VFR100×60,Regions_2,Elite-only,NEH-TBKK2,9815.2
VFR100_60_1,VFR100×60,Regions_8,Contrast,FRB4-p1,9733.6
VFR100_60_1,VFR100×60,Regions_8,Contrast,INEH-inspired,9802.2
VFR100_60_1,VFR100×60,Regions_8,Contrast,KK2-style-NEH,10002.0
VFR100_60_1,VFR100×60,Regions_8,Contrast,NEH,9879.0
VFR100_60_1,VFR100×60,Regions_8,Contrast,NEH-TBKK2,9871.0
VFR100_60_1,VFR100×60,Regions_8,Elite-only,FRB4-p1,9742.8
VFR100_60_1,VFR100×60,Regions_8,Elite-only,INEH-inspired,9780.6
VFR100_60_1,VFR100×60,Regions_8,Elite-only,KK2-style-NEH,9976.4
VFR100_60_1,VFR100×60,Regions_8,Elite-only,NEH,9869.0
VFR100_60_1,VFR100×60,Regions_8,Elite-only,NEH-TBKK2,9869.0
VFR100_60_1,VFR100×60,q_2,Contrast,FRB4-p1,9745.6
VFR100_60_1,VFR100×60,q_2,Contrast,INEH-inspired,9824.0
VFR100_60_1,VFR100×60,q_2,Contrast,KK2-style-NEH,10001.0
VFR100_60_1,VFR100×60,q_2,Contrast,NEH,9878.6
VFR100_60_1,VFR100×60,q_2,Contrast,NEH-TBKK2,9870.0
VFR100_60_1,VFR100×60,q_2,Elite-only,FRB4-p1,9752.2
VFR100_60_1,VFR100×60,q_2,Elite-only,INEH-inspired,9802.2
VFR100_60_1,VFR100×60,q_2,Elite-only,KK2-style-NEH,9987.4
VFR100_60_1,VFR100×60,q_2,Elite-only,NEH,9873.8
VFR100_60_1,VFR100×60,q_2,Elite-only,NEH-TBKK2,9870.0
VFR100_60_1,VFR100×60,q_6,Contrast,FRB4-p1,9727.0
VFR100_60_1,VFR100×60,q_6,Contrast,INEH-inspired,9794.0
VFR100_60_1,VFR100×60,q_6,Contrast,KK2-style-NEH,10001.0
VFR100_60_1,VFR100×60,q_6,Contrast,NEH,9878.6
VFR100_60_1,VFR100×60,q_6,Contrast,NEH-TBKK2,9870.0
VFR100_60_1,VFR100×60,q_6,Elite-only,FRB4-p1,9759.2
VFR100_60_1,VFR100×60,q_6,Elite-only,INEH-inspired,9743.0
VFR100_60_1,VFR100×60,q_6,Elite-only,KK2-style-NEH,9987.4
VFR100_60_1,VFR100×60,q_6,Elite-only,NEH,9873.8
VFR100_60_1,VFR100×60,q_6,Elite-only,NEH-TBKK2,9870.0
VFR100_60_10,VFR100×60,Baseline,Contrast,FRB4-p1,9929.6
VFR100_60_10,VFR100×60,Baseline,Contrast,INEH-inspired,9972.8
VFR100_60_10,VFR100×60,Baseline,Contrast,KK2-style-NEH,10208.0
VFR100_60_10,VFR100×60,Baseline,Contrast,NEH,10074.0
VFR100_60_10,VFR100×60,Baseline,Contrast,NEH-TBKK2,10025.0
VFR100_60_10,VFR100×60,Baseline,Elite-only,FRB4-p1,9935.0
VFR100_60_10,VFR100×60,Baseline,Elite-only,INEH-inspired,9998.0
VFR100_60_10,VFR100×60,Baseline,Elite-only,KK2-style-NEH,10208.0
VFR100_60_10,VFR100×60,Baseline,Elite-only,NEH,10053.0
VFR100_60_10,VFR100×60,Baseline,Elite-only,NEH-TBKK2,10025.0
VFR100_60_10,VFR100×60,Elite_025,Contrast,FRB4-p1,9912.0
VFR100_60_10,VFR100×60,Elite_025,Contrast,INEH-inspired,10012.0
VFR100_60_10,VFR100×60,Elite_025,Contrast,KK2-style-NEH,10208.0
VFR100_60_10,VFR100×60,Elite_025,Contrast,NEH,10067.0
VFR100_60_10,VFR100×60,Elite_025,Contrast,NEH-TBKK2,10025.0
VFR100_60_10,VFR100×60,Elite_025,Elite-only,FRB4-p1,9931.6
VFR100_60_10,VFR100×60,Elite_025,Elite-only,INEH-inspired,9981.6
VFR100_60_10,VFR100×60,Elite_025,Elite-only,KK2-style-NEH,10206.0
VFR100_60_10,VFR100×60,Elite_025,Elite-only,NEH,10053.0
VFR100_60_10,VFR100×60,Elite_025,Elite-only,NEH-TBKK2,10025.0
VFR100_60_10,VFR100×60,Elite_10,Contrast,FRB4-p1,9908.6
VFR100_60_10,VFR100×60,Elite_10,Contrast,INEH-inspired,9976.6
VFR100_60_10,VFR100×60,Elite_10,Contrast,KK2-style-NEH,10208.0
VFR100_60_10,VFR100×60,Elite_10,Contrast,NEH,10074.0
VFR100_60_10,VFR100×60,Elite_10,Contrast,NEH-TBKK2,10025.0
VFR100_60_10,VFR100×60,Elite_10,Elite-only,FRB4-p1,9917.6
VFR100_60_10,VFR100×60,Elite_10,Elite-only,INEH-inspired,9982.8
VFR100_60_10,VFR100×60,Elite_10,Elite-only,KK2-style-NEH,10208.0
VFR100_60_10,VFR100×60,Elite_10,Elite-only,NEH,10053.0
VFR100_60_10,VFR100×60,Elite_10,Elite-only,NEH-TBKK2,10025.0
VFR100_60_10,VFR100×60,PRules_2n,Contrast,FRB4-p1,9903.6
VFR100_60_10,VFR100×60,PRules_2n,Contrast,INEH-inspired,9969.8
VFR100_60_10,VFR100×60,PRules_2n,Contrast,KK2-style-NEH,10208.0
VFR100_60_10,VFR100×60,PRules_2n,Contrast,NEH,10074.0
VFR100_60_10,VFR100×60,PRules_2n,Contrast,NEH-TBKK2,10025.0
VFR100_60_10,VFR100×60,PRules_2n,Elite-only,FRB4-p1,9936.2
VFR100_60_10,VFR100×60,PRules_2n,Elite-only,INEH-inspired,10003.0
VFR100_60_10,VFR100×60,PRules_2n,Elite-only,KK2-style-NEH,10200.0
VFR100_60_10,VFR100×60,PRules_2n,Elite-only,NEH,10053.0
VFR100_60_10,VFR100×60,PRules_2n,Elite-only,NEH-TBKK2,10025.0
VFR100_60_10,VFR100×60,PRules_4n,Contrast,FRB4-p1,9950.8
VFR100_60_10,VFR100×60,PRules_4n,Contrast,INEH-inspired,9981.6
VFR100_60_10,VFR100×60,PRules_4n,Contrast,KK2-style-NEH,10208.0
VFR100_60_10,VFR100×60,PRules_4n,Contrast,NEH,10059.6
VFR100_60_10,VFR100×60,PRules_4n,Contrast,NEH-TBKK2,10025.0
VFR100_60_10,VFR100×60,PRules_4n,Elite-only,FRB4-p1,9919.4
VFR100_60_10,VFR100×60,PRules_4n,Elite-only,INEH-inspired,10008.8
VFR100_60_10,VFR100×60,PRules_4n,Elite-only,KK2-style-NEH,10208.0
VFR100_60_10,VFR100×60,PRules_4n,Elite-only,NEH,10053.0
VFR100_60_10,VFR100×60,PRules_4n,Elite-only,NEH-TBKK2,10025.0
VFR100_60_10,VFR100×60,Poor_05,Contrast,FRB4-p1,9936.0
VFR100_60_10,VFR100×60,Poor_05,Contrast,INEH-inspired,9952.4
VFR100_60_10,VFR100×60,Poor_05,Contrast,KK2-style-NEH,10208.0
VFR100_60_10,VFR100×60,Poor_05,Contrast,NEH,10074.0
VFR100_60_10,VFR100×60,Poor_05,Contrast,NEH-TBKK2,10025.0
VFR100_60_10,VFR100×60,Poor_05,Elite-only,FRB4-p1,9935.0
VFR100_60_10,VFR100×60,Poor_05,Elite-only,INEH-inspired,9998.0
VFR100_60_10,VFR100×60,Poor_05,Elite-only,KK2-style-NEH,10208.0
VFR100_60_10,VFR100×60,Poor_05,Elite-only,NEH,10053.0
VFR100_60_10,VFR100×60,Poor_05,Elite-only,NEH-TBKK2,10025.0
VFR100_60_10,VFR100×60,Poor_20,Contrast,FRB4-p1,9914.2
VFR100_60_10,VFR100×60,Poor_20,Contrast,INEH-inspired,9971.4
VFR100_60_10,VFR100×60,Poor_20,Contrast,KK2-style-NEH,10208.0
VFR100_60_10,VFR100×60,Poor_20,Contrast,NEH,10074.0
VFR100_60_10,VFR100×60,Poor_20,Contrast,NEH-TBKK2,10025.0
VFR100_60_10,VFR100×60,Poor_20,Elite-only,FRB4-p1,9935.0
VFR100_60_10,VFR100×60,Poor_20,Elite-only,INEH-inspired,9998.0
VFR100_60_10,VFR100×60,Poor_20,Elite-only,KK2-style-NEH,10208.0
VFR100_60_10,VFR100×60,Poor_20,Elite-only,NEH,10053.0
VFR100_60_10,VFR100×60,Poor_20,Elite-only,NEH-TBKK2,10025.0
VFR100_60_10,VFR100×60,Regions_2,Contrast,FRB4-p1,9971.2
VFR100_60_10,VFR100×60,Regions_2,Contrast,INEH-inspired,9986.2
VFR100_60_10,VFR100×60,Regions_2,Contrast,KK2-style-NEH,10144.0
VFR100_60_10,VFR100×60,Regions_2,Contrast,NEH,10036.0
VFR100_60_10,VFR100×60,Regions_2,Contrast,NEH-TBKK2,10029.0
VFR100_60_10,VFR100×60,Regions_2,Elite-only,FRB4-p1,9945.0
VFR100_60_10,VFR100×60,Regions_2,Elite-only,INEH-inspired,9999.2
VFR100_60_10,VFR100×60,Regions_2,Elite-only,KK2-style-NEH,10141.0
VFR100_60_10,VFR100×60,Regions_2,Elite-only,NEH,10036.0
VFR100_60_10,VFR100×60,Regions_2,Elite-only,NEH-TBKK2,10029.0
VFR100_60_10,VFR100×60,Regions_8,Contrast,FRB4-p1,9959.8
VFR100_60_10,VFR100×60,Regions_8,Contrast,INEH-inspired,9999.6
VFR100_60_10,VFR100×60,Regions_8,Contrast,KK2-style-NEH,10189.2
VFR100_60_10,VFR100×60,Regions_8,Contrast,NEH,10075.0
VFR100_60_10,VFR100×60,Regions_8,Contrast,NEH-TBKK2,10025.0
VFR100_60_10,VFR100×60,Regions_8,Elite-only,FRB4-p1,9930.4
VFR100_60_10,VFR100×60,Regions_8,Elite-only,INEH-inspired,9969.6
VFR100_60_10,VFR100×60,Regions_8,Elite-only,KK2-style-NEH,10113.4
VFR100_60_10,VFR100×60,Regions_8,Elite-only,NEH,10023.8
VFR100_60_10,VFR100×60,Regions_8,Elite-only,NEH-TBKK2,9993.8
VFR100_60_10,VFR100×60,q_2,Contrast,FRB4-p1,9972.4
VFR100_60_10,VFR100×60,q_2,Contrast,INEH-inspired,10016.0
VFR100_60_10,VFR100×60,q_2,Contrast,KK2-style-NEH,10208.0
VFR100_60_10,VFR100×60,q_2,Contrast,NEH,10074.0
VFR100_60_10,VFR100×60,q_2,Contrast,NEH-TBKK2,10025.0
VFR100_60_10,VFR100×60,q_2,Elite-only,FRB4-p1,9958.2
VFR100_60_10,VFR100×60,q_2,Elite-only,INEH-inspired,9992.8
VFR100_60_10,VFR100×60,q_2,Elite-only,KK2-style-NEH,10208.0
VFR100_60_10,VFR100×60,q_2,Elite-only,NEH,10053.0
VFR100_60_10,VFR100×60,q_2,Elite-only,NEH-TBKK2,10025.0
VFR100_60_10,VFR100×60,q_6,Contrast,FRB4-p1,9939.2
VFR100_60_10,VFR100×60,q_6,Contrast,INEH-inspired,9966.4
VFR100_60_10,VFR100×60,q_6,Contrast,KK2-style-NEH,10208.0
VFR100_60_10,VFR100×60,q_6,Contrast,NEH,10074.0
VFR100_60_10,VFR100×60,q_6,Contrast,NEH-TBKK2,10025.0
VFR100_60_10,VFR100×60,q_6,Elite-only,FRB4-p1,9951.0
VFR100_60_10,VFR100×60,q_6,Elite-only,INEH-inspired,9974.0
VFR100_60_10,VFR100×60,q_6,Elite-only,KK2-style-NEH,10208.0
VFR100_60_10,VFR100×60,q_6,Elite-only,NEH,10053.0
VFR100_60_10,VFR100×60,q_6,Elite-only,NEH-TBKK2,10025.0
